city,area_sqft,bedrooms,bathrooms,parking,building_age,near_metro,gym,pool,price
Mumbai,4188,1,2,1,8,1,1,1,77776895
Delhi,1099,1,2,1,18,0,1,0,15707905
Hyderabad,1013,6,4,0,6,1,0,0,12675368
Delhi,6491,5,2,0,5,1,1,0,89158766
Delhi,6727,6,1,0,17,0,0,0,90210245
Chennai,1566,4,2,0,4,1,1,1,15396336
Hyderabad,3386,5,3,0,18,1,0,0,31123081
Hyderabad,6553,5,2,1,10,0,1,0,56847225
Hyderabad,3153,6,4,1,4,0,0,1,30168239
Delhi,5405,6,1,0,29,0,1,0,72073802
Mumbai,6776,1,1,1,26,1,0,1,123393133
Hyderabad,1588,5,2,0,24,1,1,1,16366264
Pune,4885,1,2,1,29,0,1,1,47793823
Delhi,5364,4,2,1,23,1,0,0,72389625
Chennai,3014,3,2,0,24,1,0,1,24527561
Mumbai,4469,1,4,0,8,0,0,0,82589136
Pune,3784,6,4,0,26,0,0,1,39797648
Pune,5066,2,1,1,23,0,1,1,49742059
Chennai,2696,3,2,0,29,1,0,1,22712746
Mumbai,4683,4,4,1,7,1,0,0,87859850
Delhi,1289,6,4,1,10,0,1,1,21358145
Bangalore,3975,3,1,1,26,1,0,1,38157058
Mumbai,3653,6,1,1,21,0,0,0,68150042
Chennai,2164,1,3,0,5,0,0,1,18625936
Pune,1809,6,4,0,29,0,1,1,21093671
Delhi,1364,4,1,0,14,1,0,1,21387676
Mumbai,4363,2,4,0,5,1,1,0,81564297
Bangalore,5889,1,4,1,25,1,1,1,56179899
Bangalore,3863,1,2,0,21,1,1,0,36835954
Hyderabad,4024,4,2,0,28,1,1,0,36133755
Hyderabad,4286,4,2,0,29,1,1,0,37237013
Chennai,523,3,2,0,10,0,1,1,5814881
Mumbai,3503,2,4,1,28,0,0,1,65177396
Mumbai,6482,6,3,1,14,0,0,0,120054588
Pune,810,3,3,1,11,0,0,0,10185193
Pune,6080,6,3,1,8,1,1,0,62483598
Pune,1731,6,4,0,9,0,0,1,21040445
Hyderabad,4288,6,3,1,28,0,1,1,38567338
Mumbai,3211,3,4,0,14,0,1,1,60414533
Mumbai,5301,1,1,0,16,1,0,0,95668245
Bangalore,5955,4,3,0,15,0,0,0,56288603
Hyderabad,921,1,4,0,25,0,0,0,7560751
Delhi,2273,2,1,1,21,0,0,1,31105617
Hyderabad,6964,3,2,1,7,0,0,1,59499559
Delhi,4068,2,1,0,16,1,1,1,54559367
Bangalore,1446,4,1,1,10,1,1,0,16002520
Chennai,1686,4,3,1,10,0,1,1,16417795
Mumbai,2334,5,2,0,5,0,0,1,45759976
Bangalore,2064,2,2,0,24,1,1,0,20102175
Mumbai,5444,1,3,1,21,1,0,1,100005405
Pune,6185,2,1,0,29,1,1,1,61097561
Chennai,5914,3,4,1,1,1,0,1,49366248
Chennai,6685,4,3,0,0,0,1,1,54541619
Bangalore,2447,4,1,0,19,1,1,0,24295247
Chennai,1808,2,4,0,5,0,1,0,15770559
Delhi,3486,2,3,0,25,1,1,0,47360380
Chennai,886,6,3,1,25,0,0,0,9016918
Mumbai,6631,2,2,1,24,1,1,1,122419586
Mumbai,1661,6,2,1,4,0,1,0,33621626
Mumbai,3758,3,2,1,22,1,1,0,69894503
Mumbai,6621,3,4,0,21,1,1,0,122134397
Delhi,5311,1,3,0,21,0,1,0,69310104
Hyderabad,4433,2,2,1,8,0,0,1,38613986
Pune,3347,1,2,1,4,1,1,0,34007252
Bangalore,5021,5,3,1,17,0,1,1,49404410
Mumbai,1939,3,4,1,23,0,1,1,38263648
Chennai,6669,4,2,1,26,1,0,1,53208291
Mumbai,3942,6,1,0,29,1,1,0,73655752
Chennai,4980,5,4,1,18,1,0,1,41912567
Pune,555,4,2,1,14,0,1,0,8156922
Pune,3824,5,1,0,29,1,0,0,38261280
Pune,605,1,2,0,14,1,0,1,7581462
Chennai,3701,1,4,1,8,0,0,1,30437203
Mumbai,1169,6,3,1,13,0,0,1,25349131
Pune,4971,3,3,1,4,1,0,1,51571413
Delhi,1242,6,4,0,29,0,0,1,19888150
Chennai,1466,4,2,1,16,0,1,1,14591864
Chennai,807,5,4,1,14,1,1,0,11111458
Mumbai,2638,6,1,0,19,0,0,0,50404511
Chennai,3964,2,2,0,24,0,0,1,30476979
Chennai,5397,2,4,0,16,0,1,0,42363615
Pune,609,3,3,0,23,1,0,0,7838107
Mumbai,4132,6,4,1,23,0,1,0,78105453
Pune,6260,4,2,0,24,1,0,0,61306990
Pune,4935,2,4,0,8,1,1,0,50024058
Mumbai,6184,3,3,0,12,0,0,1,113908148
Bangalore,5574,6,1,1,21,1,0,1,54408781
Pune,6999,3,4,0,12,1,1,0,70455857
Delhi,2415,4,4,1,4,1,1,0,36741021
Delhi,4763,2,1,0,27,0,0,1,62934942
Chennai,1056,2,4,1,27,1,1,1,10874789
Delhi,5500,2,3,1,13,1,0,0,74295039
Chennai,604,1,1,1,29,1,0,1,6113288
Bangalore,2547,2,3,0,6,1,0,1,26474942
Mumbai,6793,5,3,1,24,1,0,0,125876300
Mumbai,645,1,3,0,4,1,1,0,13921373
Mumbai,3263,6,2,0,11,1,0,1,62704734
Delhi,1373,1,1,1,2,0,0,0,18848324
Bangalore,798,1,2,0,8,0,1,0,7740157
Delhi,3738,1,2,1,9,0,1,0,49514322
Delhi,6332,3,4,0,28,1,0,0,85065663
Bangalore,1145,5,1,1,0,1,0,1,14250665
Bangalore,5233,4,4,0,13,0,0,0,50120829
Bangalore,6882,2,2,1,0,1,0,1,65763403
Bangalore,3578,1,4,0,9,1,1,0,34625228
Mumbai,3011,4,3,0,29,0,0,0,55625777
Hyderabad,1283,3,2,1,10,1,1,0,13754065
Hyderabad,5492,4,3,0,27,0,0,0,46370091
Bangalore,870,1,1,0,19,0,1,0,7838131
Hyderabad,986,6,4,1,1,1,1,0,13488482
Hyderabad,2537,5,2,1,22,0,0,0,23418362
Bangalore,6808,4,1,1,1,1,1,0,65595989
Hyderabad,3696,1,3,1,22,1,1,1,32247052
Delhi,1860,1,4,1,23,0,1,1,25642111
Chennai,4787,2,4,0,27,1,1,1,39370795
Chennai,5325,6,2,1,10,1,0,1,44441240
Bangalore,2761,2,4,0,7,0,1,1,27220097
Mumbai,3121,6,4,0,2,1,0,0,60767237
Bangalore,1456,5,3,0,8,1,1,0,18028263
Mumbai,880,2,3,0,25,0,0,0,16632612
Chennai,4149,5,3,0,15,1,0,0,35462319
Bangalore,5393,3,1,1,25,1,1,1,51059124
Pune,738,3,1,1,15,1,0,1,10406909
Delhi,1605,6,4,1,9,0,1,1,26084757
Hyderabad,1886,6,1,1,5,0,0,1,18671955
Mumbai,3052,2,2,1,19,0,1,0,55645526
Pune,2749,3,3,1,23,1,1,0,28962846
Hyderabad,2027,4,1,0,19,0,0,0,17943188
Hyderabad,2167,4,4,1,19,0,0,1,21537333
Bangalore,4632,4,3,1,10,0,1,1,45432516
Hyderabad,3191,3,1,1,7,0,1,0,27574942
Delhi,4172,4,3,1,19,1,1,0,58387311
Pune,2496,5,1,1,0,0,1,0,27146587
Hyderabad,1925,1,4,0,5,1,0,1,19318722
Bangalore,3312,6,1,0,27,0,0,1,32580088
Delhi,3747,2,1,0,7,1,0,0,51266046
Chennai,3092,5,1,1,29,0,0,1,25776275
Pune,1990,4,3,1,13,1,1,0,22241725
Hyderabad,1724,1,1,1,2,0,1,0,15775773
Bangalore,3087,2,1,0,1,1,0,0,30296762
Chennai,3564,5,1,0,21,0,1,1,29621444
Chennai,6618,2,3,1,0,1,1,1,54365151
Mumbai,1332,6,4,1,10,0,0,1,28476210
Delhi,5192,3,4,0,20,1,0,1,71476696
Hyderabad,2940,4,4,0,5,0,0,1,27125999
Bangalore,5295,5,1,0,7,1,0,0,51215780
Mumbai,2146,5,3,1,6,0,0,0,42319619
Delhi,6614,1,4,0,5,0,0,1,88220209
Mumbai,940,1,4,1,17,0,0,1,18403516
Pune,6456,1,4,1,11,1,1,0,63593974
Delhi,6236,2,2,1,7,0,1,1,83453758
Delhi,2029,4,3,0,23,0,1,1,29362020
Hyderabad,3465,2,2,0,26,0,0,1,29971346
Delhi,2867,4,1,0,20,1,0,1,40023558
Mumbai,3786,5,4,0,18,1,0,0,72282019
Delhi,5690,2,1,1,27,0,1,1,74370604
Hyderabad,5163,2,3,1,26,0,0,0,42988073
Hyderabad,4831,2,1,1,23,1,1,1,42508240
Pune,1804,3,1,1,4,1,0,1,19814994
Mumbai,3534,6,4,0,18,1,1,0,68493745
Chennai,4188,4,3,1,8,0,1,0,34611243
Chennai,4473,4,1,0,24,0,0,1,35246911
Delhi,1685,2,2,1,11,1,0,0,23876533
Pune,3762,3,4,0,14,0,1,0,37660983
Bangalore,5628,2,2,1,22,1,1,0,52644372
Delhi,2607,4,4,1,12,1,0,1,38606187
Pune,2340,6,1,0,23,1,0,1,25717965
Mumbai,4820,6,4,1,12,1,0,1,92711791
Mumbai,6438,5,1,0,20,0,0,1,118355085
Mumbai,3247,3,2,1,20,1,1,0,61390146
Mumbai,5177,6,1,0,4,0,0,1,96142558
Mumbai,4764,3,4,0,1,0,1,1,88946621
Pune,3633,2,4,0,18,1,0,1,38090666
Pune,3920,5,4,0,7,0,1,0,40453010
Hyderabad,1965,4,2,1,13,0,0,0,18898148
Chennai,4609,6,3,0,28,0,1,1,38414991
Mumbai,2711,6,2,0,5,1,0,0,53439464
Bangalore,6039,1,1,0,24,1,0,0,55350638
Pune,3304,4,1,0,6,1,0,1,34824820
Bangalore,6466,6,2,1,13,0,0,0,61229000
Bangalore,2043,6,2,0,5,0,1,0,22461972
Bangalore,2189,4,1,1,15,1,0,1,22983744
Hyderabad,2071,5,1,1,26,0,0,1,19926385
Pune,5647,3,1,0,29,1,0,0,55540606
Bangalore,6327,4,3,0,3,1,0,1,61019197
Mumbai,5041,3,3,0,6,1,1,0,94029767
Delhi,3779,5,2,0,15,0,0,0,51313182
Bangalore,4041,5,2,1,3,0,1,1,40607043
Hyderabad,5311,2,3,1,6,1,0,0,47085636
Pune,3523,1,4,0,20,1,0,0,35785108
Hyderabad,1318,5,3,0,1,1,1,0,16157710
Bangalore,6747,5,2,1,22,0,0,1,63171575
Pune,5021,3,3,1,7,1,0,0,51281317
Delhi,1624,5,4,0,9,1,0,0,25964650
Bangalore,6160,4,2,0,26,0,0,0,57027599
Hyderabad,5445,2,1,0,1,0,0,1,47134998
Chennai,6141,2,2,0,5,0,1,1,47999358
Mumbai,1629,4,3,0,3,1,0,1,33964401
Hyderabad,2202,6,3,0,20,0,0,0,21384093
Pune,2501,5,4,1,0,1,0,1,29351410
Bangalore,4378,1,3,1,5,1,1,1,42207104
Mumbai,4872,5,4,1,27,1,1,0,91897551
Bangalore,2306,2,2,1,11,0,1,1,23609004
Pune,3447,1,3,0,26,1,0,0,34315491
Bangalore,6831,6,2,0,13,0,0,0,64174375
Chennai,6535,3,1,1,14,0,0,0,51099788
Mumbai,3709,3,1,0,23,0,0,0,67872052
Mumbai,2652,5,4,0,17,1,0,0,51550898
Pune,5141,5,3,0,16,0,1,1,52645016
Chennai,4705,1,2,1,8,1,0,0,37461635
Hyderabad,1044,1,2,1,14,1,1,0,10044336
Bangalore,2901,6,3,1,17,0,1,0,30220886
Delhi,5338,5,2,1,23,1,1,0,73606723
Bangalore,2864,2,3,1,20,0,0,0,26931637
Bangalore,1789,3,3,1,17,0,0,0,18418992
Hyderabad,4265,6,1,1,4,0,1,0,38054057
Bangalore,2375,1,3,0,15,0,1,1,23064686
Chennai,5684,2,2,1,8,1,1,1,46208825
Chennai,4928,5,3,0,21,0,1,1,40587152
Mumbai,6132,4,1,0,2,1,1,0,113855363
Pune,5752,1,1,1,11,1,0,1,57006266
Delhi,5187,6,4,0,23,0,1,1,71337510
Bangalore,1282,4,2,0,13,1,1,0,14824334
Bangalore,1039,2,3,1,0,0,0,1,11562963
Hyderabad,3282,3,2,0,8,0,1,0,28849398
Pune,6154,2,2,1,8,0,1,0,60089610
Chennai,6115,3,3,0,19,1,1,0,48804818
Delhi,3168,2,1,0,12,0,1,0,42127379
Mumbai,5214,1,2,0,7,1,0,1,96780359
Chennai,4437,1,4,0,10,0,0,0,34167963
Pune,3456,6,2,1,29,1,1,1,36941437
Mumbai,4222,4,1,1,13,0,1,1,79047906
Hyderabad,4367,2,4,1,15,1,1,0,38995441
Hyderabad,2333,2,4,0,10,0,1,1,21599987
Bangalore,5587,4,4,0,18,1,0,0,54122374
Pune,2646,5,4,0,28,0,0,0,27554111
Delhi,6960,6,3,0,21,1,0,0,94582731
Mumbai,2670,2,3,1,9,0,1,1,51315858
Chennai,3891,6,3,0,25,1,0,0,32801979
Pune,2116,2,4,1,7,0,1,1,22614976
Pune,6114,2,1,0,10,0,1,1,59587589
Hyderabad,5117,5,2,0,24,0,0,0,44328422
Bangalore,1416,1,4,1,7,1,1,0,15134800
Bangalore,5312,6,1,1,24,1,0,1,51880585
Mumbai,6958,4,2,1,19,0,0,1,127881137
Hyderabad,3256,6,4,1,9,1,1,0,32111304
Pune,2436,5,2,0,16,0,0,0,25756763
Delhi,4542,3,3,1,22,0,1,0,60538491
Hyderabad,3591,3,3,1,10,0,1,0,31591452
Mumbai,5155,5,3,0,11,1,0,0,96681698
Mumbai,1468,5,1,0,9,0,0,1,29976339
Hyderabad,3864,1,3,0,19,1,0,1,34227385
Mumbai,3703,6,1,0,16,1,0,1,70928612
Hyderabad,6999,6,3,1,2,0,0,0,61235775
Chennai,5673,3,3,1,6,1,1,0,46194690
Hyderabad,1389,4,3,0,26,1,1,0,14843901
Hyderabad,1292,6,1,1,2,1,0,0,15162321
Mumbai,3958,2,2,1,16,0,0,1,73286750
Mumbai,6908,2,1,0,22,0,0,1,125288204
Bangalore,1481,1,4,1,7,1,1,1,16664472
Bangalore,4031,1,4,1,20,1,1,1,38564426
Chennai,4029,3,1,0,21,0,1,0,31303856
Bangalore,1301,4,1,1,29,0,0,1,13617692
Hyderabad,542,4,2,1,18,1,1,0,7979306
Mumbai,6205,5,1,0,13,0,0,1,114027092
Bangalore,3849,1,3,1,4,0,0,1,36597516
Bangalore,2277,6,2,0,18,1,0,0,24268338
Chennai,3701,2,1,0,12,0,1,0,28990914
Pune,849,6,1,0,17,1,1,0,11938057
Chennai,2067,2,4,0,29,1,0,0,17437380
Hyderabad,1629,3,2,0,22,1,0,1,15991794
Mumbai,3459,2,4,0,25,1,0,0,64168595
Chennai,4287,6,1,1,10,0,1,1,36401768
Bangalore,6644,6,2,0,22,0,1,1,63469238
Mumbai,2280,4,3,1,11,0,0,1,43634064
Mumbai,1083,4,1,0,7,0,0,1,21536440
Bangalore,5027,1,1,0,11,1,0,0,45822227
Chennai,3877,6,4,0,0,0,0,0,33631079
Bangalore,6528,3,3,1,17,1,1,1,62018121
Pune,6696,2,1,1,1,1,1,1,67444949
Mumbai,3901,1,4,0,11,1,1,0,72374330
Delhi,5944,5,4,1,18,0,0,0,80573712
Delhi,3685,5,1,0,22,1,1,1,51487483
Hyderabad,2694,2,2,0,6,1,1,1,25089134
Bangalore,6626,2,1,1,6,0,1,1,61258359
Bangalore,5785,2,3,0,0,1,0,0,55646615
Hyderabad,1662,4,1,0,17,0,1,0,15039806
Hyderabad,798,2,2,1,7,0,1,1,9308489
Hyderabad,3847,5,4,0,24,1,0,1,36018757
Mumbai,2439,2,3,0,9,1,0,1,46571641
Pune,1288,6,3,1,28,0,0,1,15349463
Bangalore,5445,3,3,1,22,0,0,1,50687751
Mumbai,6821,5,3,0,28,1,1,1,126080155
Hyderabad,3389,3,2,0,0,1,0,0,31274905
Bangalore,1877,5,2,1,14,1,1,0,20448410
Mumbai,5773,1,2,1,14,1,0,0,105770356
Pune,2449,6,2,0,27,1,0,0,26891353
Mumbai,3772,5,4,1,3,1,1,0,73795191
Pune,1377,6,1,1,9,1,0,1,17444040
Hyderabad,5734,5,2,1,7,1,0,0,51540456
Pune,4242,3,1,0,13,1,1,1,43521886
Bangalore,2077,3,3,0,12,1,1,0,21289867
Hyderabad,3639,5,4,0,20,0,0,1,32608336
Bangalore,2992,5,4,0,16,0,0,1,30547855
Delhi,3255,4,1,0,6,0,0,1,44926086
Chennai,6242,6,1,1,5,0,1,1,50451587
Pune,2403,6,1,1,8,1,1,0,27023093
Chennai,1882,6,4,1,19,0,0,0,17158147
Chennai,4740,6,2,0,19,1,1,0,39088673
Pune,2822,1,4,0,7,1,1,1,29421719
Hyderabad,3056,1,2,1,13,1,0,1,26807953
Delhi,5798,2,3,1,29,1,0,0,77301074
Bangalore,2361,5,2,1,19,1,0,1,25174758
Mumbai,6450,5,1,1,2,0,0,0,119622708
Bangalore,2366,5,2,0,22,0,1,1,23900898
Mumbai,4547,5,2,0,12,0,0,1,85504138
Bangalore,3675,6,4,1,20,1,0,1,38704948
Pune,1598,6,1,0,8,0,1,1,19428954
Delhi,5747,1,3,0,20,0,1,0,76052650
Mumbai,2234,3,2,0,8,1,1,1,43830042
Hyderabad,5163,4,3,0,21,1,1,0,45900886
Bangalore,6409,6,1,1,21,0,1,1,61659818
Bangalore,3916,6,2,1,10,1,1,0,40158500
Mumbai,5126,6,4,0,5,1,1,0,98190740
Hyderabad,6802,3,3,1,22,0,0,0,57654136
Hyderabad,6157,3,4,0,11,0,0,1,53831064
Pune,1180,1,3,1,26,1,1,0,13187773
Pune,2570,6,1,1,3,1,0,0,28429631
Pune,5666,4,2,1,3,0,1,1,56790115
Pune,5324,5,3,1,24,0,0,0,52757118
Pune,2229,6,4,1,27,0,1,1,24960371
Pune,2691,1,3,1,22,1,1,0,27399623
Delhi,1167,1,3,1,26,0,1,0,16109656
Hyderabad,2112,4,3,0,25,0,1,0,20037322
Pune,1180,2,3,1,21,0,1,1,13401765
Hyderabad,1472,1,3,0,16,1,1,0,14220071
Hyderabad,3346,3,3,1,6,1,0,0,30765925
Chennai,2632,3,4,1,5,0,0,1,23122575
Delhi,2963,5,3,1,27,1,0,1,42116213
Pune,3029,1,3,0,19,0,0,1,29824284
Bangalore,3003,5,3,0,28,0,0,1,30331948
Mumbai,5422,1,2,0,7,0,0,1,98644120
Bangalore,4892,4,1,0,6,1,1,1,47788258
Delhi,3683,6,1,0,7,0,1,1,51473863
Mumbai,4533,1,1,1,8,1,0,0,82716388
Delhi,5849,2,4,0,0,1,1,0,79083309
Hyderabad,3667,3,4,0,2,0,0,0,32401259
Mumbai,3497,4,4,0,17,1,0,1,66281521
Hyderabad,3727,6,3,1,18,0,1,0,34409884
Bangalore,2652,6,1,1,26,0,1,1,27206063
Bangalore,2228,3,3,1,10,0,0,0,22896457
Mumbai,2524,6,2,0,15,0,1,0,49025088
Mumbai,829,5,1,1,17,1,1,1,18341943
Pune,2986,4,2,0,26,0,0,0,29071572
Delhi,1655,2,2,1,5,0,0,1,23046443
Pune,2390,3,3,1,24,0,0,0,24660472
Delhi,4977,1,1,1,1,0,0,1,66604809
Pune,2685,1,2,1,3,1,1,1,28263360
Hyderabad,5438,1,1,1,4,1,0,1,46347179
Mumbai,2817,4,2,0,20,0,1,1,52819354
Bangalore,4121,2,2,0,13,1,1,0,39228913
Delhi,4991,6,3,1,0,0,0,1,70103958
Delhi,3011,2,1,0,28,0,1,0,40097693
Bangalore,949,2,3,1,21,0,0,0,9845210
Pune,1854,3,3,1,13,1,1,0,21505794
Delhi,6582,4,3,1,20,0,1,1,88745129
Hyderabad,5904,1,3,1,12,1,1,1,50795620
Mumbai,5893,3,3,1,21,1,0,1,109782583
Bangalore,6663,6,2,1,15,0,1,1,63389449
Mumbai,6882,2,1,1,29,1,0,0,124325864
Delhi,1793,1,1,0,3,0,1,1,24555993
Delhi,2965,4,3,0,28,1,0,1,41613117
Bangalore,3602,5,1,1,26,1,1,0,34929233
Hyderabad,2349,2,2,0,5,1,1,0,22465617
Chennai,3675,2,3,1,8,1,1,1,31809402
Bangalore,4781,2,4,0,0,0,0,0,46052203
Chennai,3699,2,4,0,21,0,1,1,29850475
Pune,1733,1,2,1,16,0,0,1,17729038
Chennai,1937,4,2,1,27,0,1,0,16420420
Hyderabad,3852,3,4,0,22,0,0,1,33372035
Pune,4530,1,3,1,3,0,1,0,44970727
Chennai,752,4,2,0,5,0,1,0,8178752
Pune,518,3,4,1,15,1,1,0,8067489
Chennai,3259,2,3,0,6,1,0,1,27604163
Hyderabad,5755,4,2,0,28,0,0,1,49230796
Chennai,722,2,1,0,26,0,1,1,5801586
Chennai,502,4,1,1,4,1,0,0,7672615
Chennai,1759,6,1,0,8,1,0,1,17750664
Bangalore,5449,5,3,1,23,0,1,1,52813660
Bangalore,6084,2,2,1,18,0,1,0,56049634
Bangalore,4823,2,4,1,0,1,1,0,47678061
Hyderabad,6273,2,2,1,26,1,1,0,53163714
Pune,5094,6,1,1,29,1,0,1,52246427
Delhi,3068,1,1,0,25,1,0,0,40894185
Chennai,2385,3,3,1,7,1,1,0,21694913
Chennai,6611,2,4,1,19,0,0,0,51311072
Hyderabad,5758,2,3,0,22,1,0,1,49857485
Chennai,1799,1,4,0,3,0,0,1,15242238
Bangalore,2838,1,2,1,22,1,1,0,27491656
Delhi,1576,5,3,1,29,0,1,0,22579767
Mumbai,4258,4,3,1,16,0,1,1,79592020
Chennai,3681,2,3,0,0,0,1,1,30766430
Bangalore,5310,4,1,1,1,0,1,1,50642351
Mumbai,1447,1,1,1,20,0,0,0,25834883
Delhi,4238,1,4,0,26,1,1,1,56758036
Mumbai,3231,5,2,0,13,0,1,0,60644396
Bangalore,4507,3,3,0,25,1,0,1,43351459
Pune,1369,6,1,1,21,0,1,1,15802831
Pune,5666,6,3,1,1,1,0,0,59501023
Mumbai,593,6,4,1,0,0,0,1,16167284
Hyderabad,3487,1,4,0,24,0,1,0,29989750
Mumbai,5155,2,2,0,12,1,0,1,95235002
Chennai,2275,5,4,1,22,1,0,0,21457745
Chennai,2760,3,3,0,7,1,0,1,24761531
Pune,935,6,2,0,29,1,1,0,12032853
Hyderabad,5447,5,2,0,21,1,0,0,47488451
Bangalore,4800,1,1,0,28,0,0,0,42230780
Chennai,3644,6,3,1,8,0,0,0,31902617
Pune,4087,3,4,1,23,0,0,0,40570122
Delhi,5695,4,1,0,19,1,0,0,76683189
Pune,576,3,3,0,20,0,1,1,7689041
Chennai,1315,2,3,0,1,1,0,1,12752702
Chennai,1267,6,2,0,16,0,0,0,12709449
Pune,4185,6,2,0,29,1,1,0,43317931
Bangalore,605,4,3,1,5,1,0,1,9445585
Mumbai,4416,4,1,0,2,0,0,0,81326342
Chennai,3373,6,2,1,26,1,0,1,29236027
Pune,3846,2,2,1,19,0,1,1,38375483
Pune,6731,4,3,0,29,0,1,0,65249950
Hyderabad,6342,1,3,1,16,1,1,0,54448943
Mumbai,3648,6,2,0,5,0,0,0,68507702
Delhi,3648,3,1,0,7,1,0,0,50167194
Bangalore,1965,3,2,0,13,1,1,1,21320340
Delhi,3087,2,3,1,9,0,1,1,42189059
Mumbai,744,1,2,1,19,1,1,0,15069358
Mumbai,3125,4,3,1,9,1,1,0,60703834
Mumbai,4349,6,2,0,14,0,1,1,82698064
Delhi,1905,3,3,1,7,1,0,0,28181018
Mumbai,1481,3,3,1,10,1,0,1,30647297
Pune,6332,3,1,1,15,1,0,0,62791447
Delhi,4308,3,3,0,25,1,0,1,58975788
Mumbai,641,5,2,1,2,0,0,1,15203989
Pune,1392,2,3,0,14,0,0,1,14416642
Hyderabad,5987,4,4,1,12,0,0,1,52367260
Mumbai,2899,6,2,1,10,0,0,0,55252934
Delhi,5140,6,1,1,13,0,0,0,70158532
Chennai,3460,6,2,0,6,0,1,1,29504310
Mumbai,2699,4,1,0,18,1,0,1,52012489
Chennai,1969,2,4,1,14,1,0,1,18540143
Pune,3200,1,1,1,5,1,0,0,31458303
Hyderabad,3505,2,3,0,19,1,1,0,30486209
Bangalore,5358,3,4,0,21,1,1,0,51208109
Hyderabad,3874,3,4,1,6,0,0,0,34248661
Mumbai,5219,2,1,1,23,0,0,0,94073288
Chennai,1155,2,2,0,13,1,0,1,11264951
Chennai,3268,4,1,1,21,0,0,0,26617945
Delhi,5843,4,1,0,3,0,1,0,78053811
Chennai,542,5,4,1,8,0,1,0,7779398
Delhi,2811,6,3,1,6,0,0,0,40053243
Pune,5622,5,2,1,24,0,1,1,56242434
Bangalore,2160,6,1,1,14,1,1,1,23511803
Mumbai,5887,3,3,0,2,1,1,1,110670060
Delhi,5191,5,3,1,4,0,1,0,71762391
Bangalore,5608,5,2,1,16,0,0,1,53775703
Chennai,2724,1,3,1,26,0,1,1,22337838
Chennai,2610,2,1,1,27,1,1,0,20382280
Bangalore,1457,4,4,1,23,0,0,1,15488276
Chennai,1060,5,3,1,0,0,0,0,11800139
Pune,1830,4,4,0,0,0,0,1,21945718
Pune,1812,6,2,1,29,0,0,0,20045867
Bangalore,2321,5,2,0,15,1,1,1,25350416
Delhi,3502,6,3,0,22,1,0,1,50534772
Delhi,3903,5,4,0,13,0,1,0,54025940
Bangalore,6146,3,1,0,10,1,0,1,57517963
Delhi,5445,1,4,1,13,0,1,0,72872941
Delhi,5874,6,3,1,7,1,0,1,82072082
Pune,3151,2,4,1,18,0,0,0,31699404
Delhi,6129,2,4,0,1,1,1,1,84389537
Hyderabad,2314,3,2,1,22,0,0,1,21274860
Mumbai,2241,3,3,0,9,0,0,1,43602892
Chennai,5201,2,4,0,4,0,0,0,41061821
Hyderabad,4308,6,3,1,14,0,0,0,39147040
Delhi,3377,2,1,0,0,1,0,0,46316619
Pune,6082,1,3,0,1,1,0,1,60099298
Bangalore,3770,5,1,0,18,1,0,0,36239493
Delhi,5890,1,3,0,21,1,0,0,78011022
Pune,4583,2,3,1,29,0,0,1,44952118
Mumbai,1245,5,4,0,16,1,0,0,26423887
Delhi,1057,2,4,0,14,1,1,0,17222657
Bangalore,6707,1,1,0,23,1,1,0,61239488
Pune,3801,1,1,1,17,1,1,1,37567524
Pune,1441,6,2,1,20,0,1,0,16365833
Pune,4523,6,4,0,7,0,0,0,46864254
Mumbai,2796,1,1,1,28,1,1,0,51143591
Delhi,5865,5,4,1,20,1,0,1,81168786
Mumbai,1439,6,3,1,28,0,0,0,28856901
Chennai,2110,6,2,1,13,0,1,1,19523989
Chennai,6800,4,4,0,7,1,0,0,55581481
Delhi,2225,4,4,0,29,1,1,1,32366393
Mumbai,1484,6,4,1,21,1,1,0,31617841
Bangalore,2087,2,4,1,22,1,1,0,21363617
Pune,4521,5,1,1,7,0,1,1,46067766
Pune,1836,3,1,1,18,0,0,1,18848863
Delhi,6470,6,2,1,12,0,1,0,87848608
Chennai,3637,4,3,1,27,0,1,0,30018281
Chennai,1161,5,3,1,29,0,0,0,10543091
Pune,532,5,2,0,4,0,1,0,8489116
Delhi,6412,4,3,0,9,1,0,0,86886324
Mumbai,6716,5,1,1,6,0,1,0,123956487
Chennai,6485,5,4,1,8,1,1,1,54750076
Mumbai,3914,4,3,0,13,0,0,1,73030364
Chennai,1656,1,4,0,5,1,0,1,15628829
Chennai,3626,6,4,1,9,0,0,1,31896157
Hyderabad,560,2,1,0,0,0,1,0,6765183
Chennai,4428,3,4,0,10,1,1,1,37148767
Bangalore,2043,2,3,1,7,1,1,1,21905396
Delhi,771,1,1,0,5,1,0,1,11603023
Delhi,6889,1,2,1,16,1,0,1,91587024
Mumbai,5795,5,1,0,3,0,1,0,107792424
Chennai,4576,2,3,1,5,0,0,1,37539102
Bangalore,3888,1,1,0,28,0,1,1,35258788
Mumbai,6402,2,3,0,14,0,1,0,116849932
Hyderabad,3252,1,3,1,9,0,0,0,28448763
Mumbai,3209,3,1,0,16,1,0,1,60273798
Mumbai,1654,1,3,0,9,0,1,1,31656779
Chennai,5721,2,2,1,4,0,0,1,45586639
Hyderabad,4905,5,3,0,18,1,1,0,44167914
Mumbai,4353,2,2,0,6,0,0,1,80131345
Bangalore,5911,4,2,1,28,1,0,0,56100960
Bangalore,2245,2,3,1,23,0,0,0,21920341
Delhi,3932,3,4,1,18,0,1,1,54843572
Hyderabad,837,6,2,1,9,0,1,1,11095672
Hyderabad,509,3,2,1,18,1,1,0,6564451
Delhi,4644,3,1,1,29,1,1,0,62793044
Mumbai,6106,1,2,1,10,1,0,0,111840540
Hyderabad,5940,3,2,1,2,0,0,0,50649869
Bangalore,1230,2,2,0,29,1,1,0,11895531
Bangalore,5390,6,2,0,10,0,1,0,51492757
Chennai,2148,5,4,1,5,0,1,1,21115204
Hyderabad,4728,3,2,0,5,1,0,1,41474263
Mumbai,4154,2,3,1,14,1,0,1,78073908
Delhi,2630,1,4,0,2,1,0,1,36855002
Delhi,6700,1,2,0,21,0,1,0,88160185
Mumbai,4971,5,3,1,24,1,1,0,93278130
Pune,2896,5,3,0,10,0,0,1,31649581
Chennai,4866,2,4,0,7,0,1,1,40058881
Delhi,2006,5,4,0,26,1,1,1,30473143
Hyderabad,2658,5,3,1,28,0,0,1,25384920
Chennai,3416,1,4,0,28,1,1,1,27813718
Hyderabad,4671,2,4,0,22,0,0,0,39572032
Bangalore,3729,6,1,1,22,0,1,0,36073448
Chennai,4103,5,4,0,7,0,1,1,35081212
Delhi,6552,2,1,0,22,1,1,1,86547678
Chennai,2166,3,4,0,28,0,0,1,18172920
Chennai,4924,1,4,0,15,0,0,1,38176188
Chennai,6765,6,3,1,2,0,1,1,55946795
Pune,4636,1,1,1,7,1,1,1,46746386
Chennai,5786,1,4,1,7,0,0,1,45856560
Hyderabad,3469,4,2,0,12,0,1,1,30873402
Bangalore,3189,2,4,1,0,1,1,0,31998320
Mumbai,2826,3,3,0,9,0,0,1,53724082
Chennai,3310,5,3,0,4,1,1,1,29551669
Delhi,3016,3,3,1,29,1,1,1,42458893
Chennai,3971,2,1,1,4,1,1,0,32976625
Delhi,6652,1,1,1,16,0,1,1,87531616
Hyderabad,512,4,1,0,21,0,0,0,5975719
Delhi,5519,2,2,0,13,0,0,1,72757282
Mumbai,3470,6,1,0,5,0,0,0,64990896
Bangalore,6438,6,3,0,13,0,1,0,61730632
Delhi,5828,2,1,1,11,0,0,1,77376787
Delhi,4121,5,1,1,19,1,1,1,57209060
Bangalore,4183,3,4,0,21,1,1,1,41238075
Mumbai,3973,3,1,0,29,1,1,0,73420417
Chennai,5810,5,4,1,21,0,0,0,47068838
Delhi,3622,4,1,1,0,1,1,1,50875675
Bangalore,3964,1,4,0,4,1,1,0,38401256
Hyderabad,1152,1,3,1,17,0,1,1,11809448
Bangalore,6299,6,1,0,13,0,0,0,59884501
Hyderabad,1120,4,3,0,6,1,1,1,13418184
Mumbai,4290,5,1,0,28,1,0,1,79869328
Chennai,6558,2,2,0,24,0,0,0,49376991
Bangalore,2145,3,2,1,14,1,1,0,22257092
Pune,2743,2,3,1,8,1,1,0,28590919
Delhi,5012,3,3,0,29,0,0,0,66464172
Mumbai,5259,2,2,0,14,1,0,0,96947840
Bangalore,3991,5,2,0,26,0,0,1,37949654
Delhi,6374,5,4,0,15,0,0,1,86656461
Bangalore,4211,4,1,0,8,1,1,0,41469640
Hyderabad,4188,2,2,1,26,1,1,0,36787538
Bangalore,1879,2,3,0,6,0,0,0,19107457
Pune,4743,4,3,1,6,0,0,1,48379174
Bangalore,2545,4,2,0,16,1,0,1,25744715
Bangalore,3548,5,3,0,10,0,1,1,36409135
Pune,1888,5,1,0,26,1,0,1,20803052
Mumbai,6321,6,4,0,5,1,0,1,118673841
Bangalore,901,2,1,1,13,0,0,1,9553218
Pune,3153,5,4,1,14,1,0,1,34384342
Delhi,6111,5,4,1,20,1,0,0,83816688
Hyderabad,6627,2,2,0,7,0,0,1,55536961
Hyderabad,4824,4,3,1,23,1,0,1,43107176
Bangalore,6194,2,4,0,26,0,0,1,57582185
Mumbai,4423,1,2,0,3,0,1,1,81539430
Mumbai,767,2,3,1,0,1,1,0,17440097
Delhi,6024,1,3,0,5,0,1,0,79508146
Bangalore,6412,2,4,0,25,0,0,0,58732925
Hyderabad,5630,1,3,1,0,1,1,0,48605048
Mumbai,5939,1,1,1,20,1,0,1,108199635
Bangalore,4721,2,3,0,4,1,1,0,45716528
Mumbai,6949,6,1,1,18,1,0,1,129041105
Pune,2225,5,3,1,4,0,1,0,25207556
Mumbai,1612,3,4,1,21,0,1,0,31209511
Hyderabad,3175,5,4,0,4,0,0,0,29562125
Chennai,5971,1,2,0,16,1,1,1,46591864
Delhi,5284,2,1,1,27,0,1,0,68886832
Delhi,1780,2,1,0,11,1,1,0,24656106
Hyderabad,1732,2,4,0,6,1,1,0,17436595
Mumbai,4876,2,4,1,14,1,0,1,91338949
Bangalore,5038,6,4,1,18,0,0,1,50257434
Mumbai,2363,3,1,1,22,0,0,1,43722121
Hyderabad,5432,4,2,0,20,1,0,1,47051401
Delhi,4984,1,1,0,12,1,0,1,66458710
Mumbai,1116,3,4,0,11,1,1,0,23230916
Delhi,646,5,2,0,18,1,0,1,11748567
Bangalore,5116,4,3,1,12,0,0,0,48303512
Delhi,5225,4,3,1,26,0,0,1,69748855
Delhi,4177,2,4,1,5,1,0,0,58241436
Chennai,6787,3,2,1,0,0,0,1,54406802
Chennai,788,5,4,1,5,1,0,0,10071113
Pune,1909,2,1,0,12,1,1,1,20718010
Chennai,513,2,1,1,12,1,1,1,6843954
Delhi,756,6,2,0,12,1,0,1,14758442
Hyderabad,2221,1,4,0,19,0,0,0,19622994
Delhi,1923,4,4,1,3,1,0,1,29654430
Hyderabad,5826,5,3,0,4,0,1,0,51889664
Hyderabad,5453,4,2,0,12,1,0,0,47754655
Chennai,3490,3,4,1,8,1,1,1,30666554
Mumbai,1695,1,1,0,16,0,1,0,31449070
Bangalore,5059,2,4,1,2,0,0,1,48806820
Chennai,4865,1,4,1,26,0,1,0,37688346
Chennai,1744,2,1,0,19,1,1,1,15554707
Mumbai,3723,1,1,0,17,1,0,0,67215314
Bangalore,5802,2,4,1,24,0,1,0,54471766
Delhi,3970,4,1,0,26,0,1,1,53965001
Pune,4667,4,3,1,14,1,0,1,49028961
Pune,4469,4,3,1,22,1,0,0,46069489
Delhi,1806,4,3,1,0,0,1,0,27747231
Chennai,2621,1,1,1,8,0,0,1,20803672
Bangalore,2902,2,1,1,5,1,0,0,28767536
Chennai,6346,4,1,1,17,1,0,0,50374855
Hyderabad,996,1,2,0,0,1,0,0,10547282
Chennai,3899,2,1,1,21,1,1,0,31446455
Chennai,5583,1,3,0,6,1,0,0,44507126
Delhi,4106,6,3,0,9,0,0,1,57896012
Delhi,1409,4,3,0,5,1,0,0,22333678
Delhi,872,3,2,1,6,0,0,1,14330071
Pune,4957,1,4,1,5,1,1,0,50233956
Hyderabad,6736,4,3,0,7,1,1,1,59397025
Delhi,1844,5,2,1,1,1,1,1,28766137
Bangalore,823,2,4,0,8,1,1,1,11349191
Pune,2931,6,2,1,24,0,1,0,30819309
Mumbai,5170,4,2,1,26,1,0,0,96074719
Bangalore,5331,5,4,1,8,1,1,1,53035464
Bangalore,3284,1,1,0,6,1,0,0,30644688
Delhi,2893,1,1,0,8,0,1,1,39382350
Mumbai,4420,5,3,0,16,1,0,1,83923525
Mumbai,1715,6,4,1,2,1,1,0,36873385
Pune,2195,5,3,1,15,0,0,0,23341281
Mumbai,2407,2,2,0,15,1,1,0,45376664
Hyderabad,5314,1,1,0,1,0,0,0,44418843
Delhi,1280,5,3,0,10,0,1,1,20842272
Mumbai,1519,3,3,1,15,1,0,1,31037449
Pune,3765,3,1,0,14,1,1,0,38785685
Hyderabad,1903,5,2,1,0,0,0,1,20229415
Chennai,1926,2,3,1,20,1,0,0,16623950
Chennai,1163,1,3,0,16,1,1,1,11314368
Hyderabad,6368,3,4,1,2,0,0,0,55680990
Pune,3147,5,4,1,21,0,1,0,33433747
Hyderabad,510,5,1,1,21,1,0,1,7728851
Delhi,6830,4,1,1,18,1,0,0,90812016
Delhi,1538,5,2,0,19,1,1,1,23499978
Chennai,3325,2,2,1,6,1,0,1,27668125
Mumbai,3503,3,3,0,21,0,0,1,65724495
Pune,5180,4,4,1,28,1,0,0,51712066
Chennai,1575,3,2,0,10,1,1,1,15258418
Mumbai,3588,3,3,1,29,1,1,1,67961179
Mumbai,5970,2,3,0,29,0,0,0,108029669
Delhi,6047,5,1,1,17,0,1,0,81684257
Bangalore,6450,2,4,0,24,1,1,0,59810690
Bangalore,2289,5,3,0,13,0,1,1,24542241
Hyderabad,3536,4,1,0,15,0,0,1,30629148
Delhi,5338,2,3,1,5,1,1,1,73281599
Mumbai,6372,2,4,1,1,0,0,0,117282179
Pune,4153,6,3,0,22,0,1,0,43110524
Bangalore,3675,1,3,1,10,1,0,1,36278537
Mumbai,4799,2,2,0,10,0,0,0,87791443
Bangalore,1576,6,2,0,25,0,0,1,17485250
Bangalore,1473,1,1,1,9,1,0,0,14928651
Bangalore,5994,5,3,1,3,1,1,0,58723854
Pune,2365,5,1,1,16,0,1,0,24967166
Delhi,3625,5,4,1,9,1,1,0,51455952
Pune,1799,6,1,1,8,1,1,1,21427179
Chennai,3906,6,3,1,29,0,1,1,33358187
Mumbai,5650,1,2,0,12,0,0,1,103171003
Delhi,1658,5,2,0,10,1,0,1,26054280
Delhi,3629,3,1,0,9,1,1,1,50749455
Delhi,604,2,2,1,23,1,1,0,10338919
Delhi,4067,6,3,0,4,0,1,0,57019517
Pune,4848,6,3,1,2,0,0,0,50294405
Delhi,4890,6,4,1,3,0,0,0,67573134
Hyderabad,1681,1,2,1,2,1,0,1,16687565
Mumbai,5144,5,2,0,9,0,1,1,95918264
Delhi,3638,3,4,0,23,0,0,0,49009028
Mumbai,6373,2,1,1,12,1,1,1,117993072
Hyderabad,4894,2,4,0,4,0,1,1,43692761
Hyderabad,4034,5,2,1,12,1,0,1,37553928
Mumbai,6344,3,1,1,26,1,1,0,115999217
Bangalore,6439,1,3,0,23,1,1,1,59539578
Chennai,4696,6,3,1,0,1,0,0,40573694
Bangalore,3627,6,4,1,24,1,0,1,37174031
Bangalore,6975,5,3,1,10,0,1,0,65914522
Pune,2274,2,2,1,25,1,1,0,23251444
Bangalore,4314,6,4,0,2,1,1,0,44862935
Delhi,5469,2,2,0,16,1,1,0,73375867
Pune,591,2,2,1,18,1,1,0,8530217
Pune,946,5,1,1,12,0,1,1,12750315
Hyderabad,608,4,1,1,15,0,1,0,6916970
Bangalore,4912,4,1,0,17,0,1,1,46014564
Hyderabad,3739,4,3,0,22,0,1,1,33021537
Mumbai,6431,3,1,0,25,1,0,0,116740206
Chennai,4553,5,2,0,19,1,1,1,37894180
Pune,6539,2,4,0,22,1,0,1,64770001
Mumbai,6054,6,4,1,18,0,1,1,113072529
Mumbai,5037,3,2,0,29,1,0,0,92253912
Delhi,6861,4,3,0,5,0,0,1,93079804
Chennai,1745,1,4,1,22,1,1,1,16190658
Mumbai,3220,3,2,0,6,1,0,0,61231004
Mumbai,6147,3,2,1,14,0,0,0,111809837
Chennai,777,5,2,1,29,1,0,1,8848967
Chennai,3556,6,4,0,4,1,0,1,31629665
Mumbai,5164,3,4,0,15,1,1,1,96379133
Chennai,5605,6,1,0,5,1,0,1,45980591
Mumbai,3422,5,1,0,2,1,1,1,66575104
Mumbai,3013,1,2,1,11,0,0,0,54526844
Delhi,1338,2,2,1,3,1,0,0,20649228
Bangalore,3301,2,2,0,26,1,1,1,31742738
Mumbai,6203,4,2,1,21,0,0,1,114499250
Hyderabad,529,4,4,1,2,1,1,1,9529269
Pune,6538,1,1,1,15,1,1,1,64536429
Bangalore,6729,2,3,0,15,1,1,0,63200873
Bangalore,1757,4,2,1,22,1,0,0,18558510
Bangalore,6956,6,1,1,18,1,0,1,66173266
Delhi,864,3,2,1,14,1,1,1,14542016
Mumbai,2300,5,4,0,8,0,1,0,44563710
Delhi,6418,4,3,1,19,0,0,0,85145439
Mumbai,6458,1,1,1,1,1,0,0,118844907
Delhi,1404,2,1,1,5,1,1,1,21238025
Delhi,5293,1,3,1,13,1,0,1,71401547
Pune,2678,5,4,1,8,1,1,1,30927076
Hyderabad,3350,5,3,1,28,1,0,0,30629914
Delhi,3336,1,1,1,9,0,1,1,44789263
Pune,6451,4,3,0,25,1,0,0,63327750
Chennai,4946,4,4,0,17,0,0,0,40061862
Hyderabad,679,2,4,0,14,1,0,1,8541993
Delhi,4373,6,2,0,3,0,0,0,60110086
Bangalore,6099,2,3,0,4,0,1,0,56698457
Chennai,4460,3,3,0,24,0,0,1,35681292
Chennai,1686,6,1,1,22,0,1,1,15799715
Pune,6402,3,4,0,20,1,1,0,63933992
Chennai,4459,2,3,0,5,1,1,1,37344447
Hyderabad,1273,6,1,0,24,1,0,0,13622372
Delhi,5105,6,2,0,14,1,1,0,70938266
Delhi,4960,3,3,1,19,1,1,1,67935584
Bangalore,852,1,3,1,29,0,1,0,8500963
Pune,5702,4,1,1,28,1,1,0,56425617
Bangalore,5844,6,1,1,1,0,1,0,56502718
Chennai,5007,6,4,0,15,1,0,0,42035214
Bangalore,5330,3,4,1,4,0,0,1,50865439
Hyderabad,3528,6,4,0,29,1,0,0,33146929
Delhi,617,3,3,1,22,0,0,1,9551779
Chennai,981,1,1,0,27,0,0,0,7114937
Bangalore,4787,6,4,0,3,1,0,1,48957850
Pune,3137,5,3,1,27,0,1,1,33410887
Hyderabad,606,2,4,1,0,0,1,0,7443484
Hyderabad,4977,1,2,1,7,1,1,0,42930506
Bangalore,5378,5,3,1,20,0,0,1,51475853
Delhi,743,1,4,1,9,0,1,0,11382982
Bangalore,3132,4,4,1,14,1,1,0,32632549
Chennai,5063,1,2,1,1,0,0,1,39262419
Bangalore,1365,1,2,0,18,0,0,0,12762954
Hyderabad,3481,4,4,1,11,0,0,1,31555794
Bangalore,2061,6,4,0,29,0,0,1,22459501
Delhi,5829,2,1,0,9,1,0,0,77238291
Pune,1103,5,4,1,11,1,1,0,15544639
Mumbai,6256,3,4,0,25,1,1,0,115558237
Bangalore,3562,2,1,1,20,1,0,1,34423837
Delhi,4518,1,1,0,26,1,0,0,59430122
Delhi,5692,3,4,1,19,1,0,1,77121879
Pune,2515,4,1,1,24,0,0,0,25942088
Hyderabad,2158,2,3,1,8,0,0,1,19533184
Delhi,3880,6,2,1,7,0,1,0,54432965
Delhi,4267,5,3,1,1,1,1,0,59865019
Delhi,4270,2,2,0,20,1,0,1,57259511
Delhi,6329,2,2,1,29,0,0,0,83298719
Chennai,2113,6,4,1,23,0,0,1,20247382
Chennai,5455,3,2,0,23,1,0,0,43174448
Hyderabad,2379,4,3,1,6,0,1,0,23485107
Bangalore,5872,6,4,0,3,1,0,0,57582607
Delhi,4608,4,1,1,18,0,0,1,61896383
Pune,2846,6,3,0,7,1,0,0,32294468
Bangalore,1599,2,4,1,23,0,1,0,16478597
Pune,1574,4,2,1,12,1,1,0,17948080
Bangalore,1286,3,3,0,25,0,0,0,13573610
Hyderabad,648,3,2,0,20,1,0,1,7586872
Delhi,2254,5,4,0,2,0,1,0,33110426
Delhi,2669,4,4,0,4,0,0,1,38295549
Mumbai,5899,5,1,0,19,0,1,0,108572646
Pune,4256,6,1,1,7,1,0,1,45609979
Bangalore,1679,1,3,1,1,0,1,1,17942705
Bangalore,3809,3,1,0,26,0,1,0,34761840
Chennai,2923,2,2,0,23,1,0,1,23908809
Mumbai,4677,3,2,0,9,0,0,0,86181009
Chennai,5087,1,1,1,21,0,1,0,38866067
Chennai,6999,2,1,1,15,0,0,1,53947974
Chennai,6621,4,1,0,3,0,0,1,51984750
Pune,1424,4,3,1,26,0,0,1,15479771
Pune,5892,3,3,0,29,0,0,0,56471178
Hyderabad,2103,2,2,1,13,0,1,1,19449740
Hyderabad,3552,6,3,0,29,1,1,1,33235122
Chennai,6192,2,3,0,2,0,1,0,49059132
Mumbai,4718,5,4,1,9,1,0,0,89372863
Bangalore,5303,1,2,1,12,0,0,1,49126780
Pune,2877,4,2,0,4,1,0,0,31305803
Mumbai,3980,3,1,0,21,1,0,1,74307411
Delhi,5586,2,4,1,16,0,1,0,75447806
Pune,6966,4,1,0,16,1,0,1,69010209
Pune,3682,3,3,0,10,0,1,1,37180631
Hyderabad,3317,4,2,0,25,1,0,1,30097258
Bangalore,6636,3,3,0,18,1,1,1,63596351
Bangalore,3660,4,3,0,17,1,0,1,36869717
Delhi,5305,6,4,0,27,1,1,0,73607224
Delhi,5389,5,4,1,16,0,0,1,74084900
Pune,1211,1,2,1,10,0,1,1,12981124
Chennai,3086,4,2,0,14,1,0,1,27042902
Hyderabad,3148,1,4,0,7,1,0,1,28204326
Hyderabad,2217,4,4,1,11,0,0,0,21564637
Pune,4852,2,4,0,28,1,0,1,48701313
Mumbai,5808,5,4,1,16,1,1,1,110108627
Chennai,1370,6,2,1,25,0,1,0,13939322
Pune,4074,5,2,0,29,1,1,0,41569106
Chennai,6327,1,3,0,23,1,0,1,49315133
Chennai,5404,2,3,0,4,1,0,1,44241614
Chennai,770,3,3,1,28,0,0,0,7360111
Pune,2043,5,2,1,3,1,0,1,24257471
Hyderabad,1049,6,1,0,23,1,1,1,12968584
Hyderabad,5733,2,3,0,23,0,1,1,48138706
Chennai,5163,2,1,0,10,0,1,0,39479097
Mumbai,4514,1,1,1,29,0,1,0,81748424
Bangalore,4954,6,1,0,7,0,1,1,48099965
Pune,6269,2,4,1,15,0,0,0,61370993
Bangalore,6233,2,2,0,15,1,1,0,58507809
Mumbai,5953,3,2,0,2,1,1,0,110696237
Pune,2212,1,3,1,11,1,1,1,23912499
Chennai,3740,1,3,1,23,1,1,0,29687033
Hyderabad,1862,6,2,1,12,1,0,0,19436722
Bangalore,5393,2,4,1,0,0,0,0,50741182
Delhi,1784,3,2,1,28,0,0,1,24271462
Delhi,1386,4,1,1,3,0,1,0,20742235
Mumbai,6354,5,2,0,20,0,1,1,117178413
Chennai,5818,1,4,1,5,1,1,0,46696040
Bangalore,2758,3,2,0,4,0,0,1,26886373
Chennai,4882,6,2,0,4,1,0,0,40612381
Bangalore,6311,3,2,0,20,1,0,0,59098730
Mumbai,2285,2,1,1,24,0,1,1,41719364
Mumbai,5338,5,3,1,9,1,0,1,101119288
Delhi,4043,1,4,0,25,0,0,0,53397855
Chennai,6101,4,1,0,18,0,0,1,47857921
Pune,6636,2,2,0,17,0,1,0,63566548
Delhi,5642,1,2,1,25,0,1,1,74060169
Chennai,795,6,3,0,1,0,0,0,10337144
Delhi,2553,1,3,1,15,1,0,1,36115558
Pune,3097,3,3,0,14,1,0,0,31747531
Hyderabad,1180,5,1,1,23,1,0,0,12725059
Hyderabad,6487,4,4,1,4,0,1,1,57521193
Hyderabad,5390,5,3,0,20,1,1,1,48104422
Hyderabad,4798,3,2,1,21,1,0,0,41537911
Bangalore,824,4,4,0,8,1,0,0,11023530
Hyderabad,2791,4,2,0,22,0,0,0,24624079
Pune,4922,2,2,0,4,0,0,1,49253917
Mumbai,1486,4,4,0,4,1,0,0,30431699
Mumbai,3618,1,1,0,25,1,1,1,65864517
Bangalore,1260,5,4,1,8,1,1,1,16895318
Hyderabad,4193,6,3,0,8,1,1,1,39169501
Hyderabad,1536,6,4,1,1,0,0,1,17447347
Hyderabad,1406,5,3,0,6,1,0,1,16228768
Delhi,5999,2,3,0,25,1,1,1,80700929
Chennai,864,4,4,1,0,1,0,1,11865965
Delhi,3913,3,4,0,19,0,1,1,53481349
Chennai,5840,1,3,0,1,0,0,0,45393201
Hyderabad,6716,2,2,1,25,1,1,0,56880358
Hyderabad,6244,4,4,1,24,0,1,1,55038587
Delhi,1569,6,1,0,11,0,0,0,23671402
Delhi,4869,3,3,0,5,0,0,1,65587735
Chennai,2755,4,2,0,19,1,0,1,23459468
Mumbai,6548,2,4,0,18,0,1,1,119908669
Chennai,6480,3,4,0,15,1,1,1,53070638
Delhi,4186,3,2,0,3,0,0,1,56718946
Pune,4719,3,1,0,17,0,1,1,46107061
Delhi,3581,3,3,0,4,1,1,1,50791018
Pune,5948,4,4,0,24,1,1,1,60836488
Bangalore,3758,3,1,1,21,0,0,1,36024860
Delhi,6287,4,3,1,17,0,1,0,84834943
Bangalore,2607,3,1,0,5,1,0,0,26039851
Mumbai,3433,3,3,1,24,0,0,0,62903172
Chennai,3329,2,3,1,13,1,1,0,27182695
Pune,941,4,1,0,19,1,1,1,11514218
Chennai,5836,6,3,1,16,1,0,1,48632618
Bangalore,5506,4,4,1,17,0,1,1,52969451
Pune,5621,5,4,1,20,0,1,0,56627257
Chennai,2059,6,1,1,9,1,0,0,19016869
Delhi,2241,2,1,1,22,0,0,0,29895036
Hyderabad,6330,4,3,0,23,1,1,0,55025866
Bangalore,1125,2,3,0,18,0,1,0,11901096
Chennai,4363,6,1,1,24,0,0,1,36122774
Bangalore,2190,2,2,1,17,0,1,1,21125465
Bangalore,5593,2,1,1,3,0,0,1,52827744
Pune,3281,1,2,0,19,1,0,0,32022022
Pune,590,4,2,1,14,0,0,1,8965733
Hyderabad,6810,2,1,0,5,1,0,0,57954179
Delhi,3506,1,1,1,25,0,0,1,45449592
Bangalore,4802,1,1,1,5,1,1,0,44909199
Chennai,1588,3,2,0,2,0,1,1,15296003
Mumbai,6507,3,4,0,8,1,0,0,121108104
Bangalore,5111,6,4,0,10,0,0,1,50890489
Bangalore,1680,4,1,1,4,1,0,0,17959960
Hyderabad,6388,3,1,1,13,0,0,1,54976990
Delhi,6949,6,3,0,1,0,0,1,94178364
Mumbai,2401,4,3,1,21,0,0,1,46628730
Pune,6601,6,3,0,18,1,1,0,66948175
Pune,4990,1,1,0,7,1,0,0,48541173
Chennai,5693,1,4,1,12,0,0,1,44719452
Mumbai,686,4,4,1,18,1,1,1,17505685
Pune,2097,6,1,1,4,0,1,1,23987198
Chennai,3908,6,1,1,14,0,0,0,32101646
Delhi,4247,3,2,1,3,0,0,0,56949813
Chennai,6187,3,2,1,3,1,0,1,50255013
Pune,3170,4,4,1,17,1,0,1,34590651
Hyderabad,5325,5,3,0,23,0,0,0,45756800
Hyderabad,739,3,4,0,18,1,0,0,9452803
Hyderabad,3080,2,2,1,19,1,1,0,27215846
Pune,4736,3,4,0,21,0,0,1,47226209
Hyderabad,638,5,2,0,8,0,0,0,7389408
Mumbai,3006,6,2,0,14,1,1,0,57828284
Delhi,4665,1,3,0,29,0,0,1,60676691
Chennai,4980,1,3,1,11,0,1,0,38486057
Chennai,5225,6,2,0,3,1,1,0,44625211
Pune,2745,1,1,0,2,1,1,1,28738889
Hyderabad,4800,3,3,1,4,1,0,0,42234084
Hyderabad,2249,1,2,0,24,0,1,1,18853527
Bangalore,1067,5,1,0,16,0,1,1,13166223
Delhi,5577,5,1,1,4,1,0,1,77445372
Mumbai,5400,3,4,0,26,1,1,1,100141316
Chennai,6306,6,4,1,3,0,1,0,51717094
Bangalore,1381,2,3,1,20,1,1,1,15971679
Bangalore,6631,3,1,1,6,1,0,0,62722304
Pune,5569,1,3,0,6,0,1,0,54936546
Chennai,1139,3,2,0,6,0,1,0,10887323
Pune,6050,5,3,1,16,1,0,0,61815078
Mumbai,4461,3,1,1,24,1,1,1,82431966
Bangalore,4920,3,4,1,14,0,0,0,46190082
Bangalore,5037,2,3,0,6,0,1,0,47638894
Delhi,5399,5,4,0,14,0,0,0,73947255
Mumbai,2835,4,3,1,19,0,0,1,53586913
Bangalore,4821,4,2,0,3,1,1,0,47138291
Mumbai,5683,5,1,0,1,0,1,0,105546629
Chennai,5562,4,3,1,21,0,0,0,44015573
Hyderabad,3485,1,2,0,12,1,1,0,30477144
Bangalore,1059,4,2,0,11,1,0,1,13111341
Delhi,1213,1,2,1,9,1,1,1,18155857
Chennai,5093,5,4,0,18,0,1,1,41385627
Mumbai,4488,4,4,0,14,1,0,1,85281558
Pune,6703,4,2,0,16,0,1,1,66021869
Chennai,756,6,2,1,20,0,1,0,8924080
Bangalore,1076,1,3,0,5,1,1,1,13100040
Mumbai,6882,1,3,0,26,0,1,1,124641596
Hyderabad,537,3,1,0,4,1,0,0,7060857
Chennai,2572,2,3,0,20,1,0,1,21427058
Bangalore,5005,4,1,0,27,0,0,0,46099512
Delhi,960,6,1,1,25,0,0,1,15031873
Pune,1940,2,1,0,12,0,1,0,20112613
Mumbai,4978,6,4,1,29,1,0,0,93592163
Chennai,2332,2,3,0,26,1,0,1,19240573
Chennai,5164,4,2,1,13,1,0,0,42376769
Hyderabad,5667,6,1,1,28,0,1,1,49291788
Hyderabad,3899,1,2,0,23,1,1,1,33438359
Delhi,932,3,1,1,13,1,0,1,14819500
Pune,4651,6,3,0,29,1,1,1,47840015
Delhi,6911,5,1,1,14,0,1,0,91952150
Bangalore,6712,4,3,0,15,0,0,0,63247118
Bangalore,2251,4,2,0,9,0,0,0,22757706
Delhi,2547,5,3,0,0,1,0,0,37656042
Pune,5497,2,2,0,23,1,1,0,53598214
Delhi,6220,3,3,1,28,0,0,1,83245677
Pune,3340,2,1,0,10,0,1,0,32776961
Pune,756,5,1,0,6,1,1,0,10693813
Mumbai,1171,5,3,0,16,1,0,0,24864181
Pune,989,3,2,1,29,1,1,0,11970689
Hyderabad,4214,5,2,0,24,0,1,0,37023542
Pune,2596,5,2,1,27,0,0,1,27853658
Pune,2182,6,3,1,3,0,1,0,24901546
Pune,4911,3,3,0,28,0,1,1,48822392
Bangalore,2960,4,3,1,6,1,1,1,30800541
Hyderabad,5029,2,3,0,2,1,1,0,44524147
Hyderabad,5621,4,2,1,23,1,1,1,50192912
Delhi,4412,4,2,0,19,0,1,0,59632989
Mumbai,2475,6,4,0,13,0,0,0,48964621
Pune,3716,2,3,0,17,1,0,0,36833118
Chennai,6575,4,4,1,17,0,0,0,51507826
Mumbai,1889,3,3,1,23,0,0,0,36078232
Mumbai,5015,2,4,1,29,1,1,0,93001942
Hyderabad,6192,1,2,1,23,0,0,1,50900488
Mumbai,4356,6,2,0,0,0,0,0,82457862
Pune,2084,4,4,0,5,1,0,1,25010573
Pune,5439,5,1,1,8,1,0,1,55506624
Bangalore,6063,2,3,1,24,1,0,0,56453710
Pune,3463,1,4,1,1,0,0,1,35996822
Pune,5029,5,4,1,7,1,0,1,53483449
Hyderabad,6174,1,1,0,23,1,0,1,51400390
Pune,6700,4,2,0,19,0,0,1,66233095
Bangalore,5559,5,4,0,29,0,0,0,52671188
Chennai,1476,4,2,1,3,1,0,0,15398235
Hyderabad,3864,5,3,1,20,1,1,1,36651280
Chennai,545,2,1,1,26,0,0,0,3809136
Hyderabad,1693,3,2,1,9,0,1,0,16479249
Delhi,3842,3,4,0,22,0,0,1,52002975
Mumbai,5012,1,1,0,0,1,0,1,92506824
Delhi,5443,6,1,1,10,0,1,0,73845338
Pune,6782,5,1,0,8,1,1,0,68821019
Chennai,746,4,1,0,18,1,1,1,9409777
Pune,3719,6,1,0,10,1,1,0,38981110
Mumbai,4825,2,3,0,3,0,1,1,89176703
Hyderabad,1291,2,3,1,22,0,1,0,11879703
Mumbai,1136,2,1,0,4,1,1,1,23012831
Bangalore,4275,3,4,0,20,1,0,1,41473788
Mumbai,2921,4,4,0,16,0,1,1,56391069
Bangalore,5333,2,3,0,17,1,1,0,50894539
Mumbai,1588,2,2,1,4,0,1,0,30115257
Bangalore,4683,1,1,0,17,1,1,1,43902943
Chennai,3659,5,4,0,16,0,0,1,31604814
Pune,1212,5,3,1,25,1,1,0,15465928
Pune,6345,5,3,1,2,1,1,0,64721062
Delhi,5823,6,2,1,10,1,1,1,81178928
Pune,6532,1,2,1,16,0,1,0,63734090
Hyderabad,6001,3,4,1,25,0,1,1,51266924
Mumbai,5196,6,2,1,7,0,0,1,97099099
Delhi,6095,1,2,0,23,1,0,1,80987399
Hyderabad,4144,2,1,0,7,1,0,0,35727787
Hyderabad,4390,4,3,1,22,0,1,0,38397985
Bangalore,3086,6,3,0,22,0,1,1,32241294
Pune,4809,6,2,0,1,0,0,0,49944725
Chennai,6717,2,3,0,24,1,0,0,52534564
Chennai,2608,2,3,0,6,0,0,1,21162925
Delhi,5293,4,4,0,20,0,0,0,71625975
Chennai,4114,5,3,1,19,1,0,1,35674383
Mumbai,1742,6,2,0,23,0,0,1,34576785
Chennai,2559,1,4,0,20,0,0,1,20577432
Delhi,3986,3,3,1,5,0,0,1,54290139
Chennai,6675,2,3,0,19,0,0,0,51562151
Mumbai,5779,2,4,0,17,0,0,0,105102016
Bangalore,5596,3,4,0,27,1,0,1,52894453
Delhi,4832,1,3,0,6,0,1,0,65021526
Bangalore,4310,2,1,0,27,0,0,0,38353475
Bangalore,5800,3,1,0,17,0,1,1,53540676
Bangalore,4400,2,3,1,26,0,1,1,40765895
Hyderabad,3105,5,3,0,11,1,1,0,29727983
Pune,6077,5,4,1,6,0,1,0,61263457
Hyderabad,5699,2,4,1,6,1,1,1,50903988
Pune,5242,2,3,0,0,0,0,1,52508543
Bangalore,3534,5,3,0,28,0,1,1,35287291
Delhi,5068,2,3,0,9,0,0,0,68157459
Pune,4707,1,3,1,9,1,0,0,46689445
Mumbai,4551,1,1,1,11,0,0,1,82922130
Mumbai,3863,4,4,1,2,0,0,0,73358846
Chennai,4521,1,2,0,2,0,1,0,35480410
Pune,2345,6,3,1,12,0,1,0,26984608
Delhi,6250,6,3,0,12,0,1,0,85555901
Hyderabad,882,6,3,0,26,1,0,1,11999313
Bangalore,4612,2,2,1,5,0,1,0,42964734
Chennai,5088,2,4,1,26,1,0,0,41095009
Mumbai,4310,3,4,0,2,1,1,1,81664588
Hyderabad,2396,6,3,1,27,1,0,1,24290809
Hyderabad,2009,6,3,1,14,0,0,1,20348331
Bangalore,4712,1,4,0,8,1,1,1,45448957
Pune,2078,5,2,1,20,0,1,1,23737053
Mumbai,1379,5,3,1,5,1,0,0,29381201
Delhi,2662,4,2,0,5,0,1,0,37488944
Hyderabad,6414,3,2,0,7,0,0,0,53791355
Bangalore,2072,5,4,1,25,0,1,1,22634547
Delhi,2148,4,3,1,10,0,0,1,31737923
Pune,5239,1,1,1,18,0,0,0,49572501
Mumbai,1859,3,4,0,15,1,0,1,37316385
Pune,4931,3,4,1,8,0,1,1,50595670
Hyderabad,3469,6,1,0,22,1,0,0,31371090
Delhi,4460,2,3,0,10,0,0,0,59018957
Delhi,4311,6,2,0,15,0,0,0,58977191
Delhi,4742,1,2,0,28,0,1,1,62837877
Hyderabad,4717,6,2,1,5,0,1,0,42342300
Hyderabad,580,3,3,1,26,0,0,1,6852308
Pune,3232,6,4,1,16,0,1,0,34419528
Chennai,3209,4,4,1,15,0,0,0,26843839
Pune,2922,6,4,1,19,0,0,0,30945085
Mumbai,4141,5,4,0,20,0,1,0,78059934
Bangalore,6706,1,4,0,27,1,0,0,62215994
Delhi,5099,1,1,1,17,1,0,0,67526445
Chennai,1167,3,2,1,0,1,1,1,12476850
Bangalore,2996,6,2,1,17,0,0,1,30407982
Chennai,3999,3,3,1,7,1,0,1,33339790
Pune,3998,3,1,0,25,0,1,1,39191213
Hyderabad,1944,4,4,1,21,0,0,1,18819765
Delhi,1845,2,4,0,9,0,0,1,26308585
Pune,1689,3,4,0,1,1,0,1,19777698
Bangalore,6216,2,1,1,8,1,0,0,57939451
Bangalore,6576,2,3,0,23,0,1,0,60030732
Bangalore,6268,1,1,1,3,0,0,1,58464204
Bangalore,958,5,3,0,10,1,0,1,13115755
Bangalore,1712,5,2,0,9,1,1,0,19632477
Chennai,5059,6,3,0,13,1,1,1,43476616
Pune,1411,4,2,0,6,1,0,1,17497117
Delhi,1525,4,3,0,18,1,1,0,23863939
Hyderabad,2911,5,2,1,5,1,1,0,28622520
Hyderabad,571,6,2,0,15,1,0,1,9161411
Pune,6046,5,4,1,18,1,0,1,61692758
Pune,3185,6,3,1,25,1,1,0,34687011
Hyderabad,1693,6,4,0,28,0,1,0,17360937
Hyderabad,2348,6,2,1,18,0,0,1,22211401
Chennai,2884,6,4,0,12,0,0,0,25147950
Mumbai,2522,1,1,1,11,0,1,1,47189330
Delhi,6838,1,4,1,26,1,1,1,90881933
Bangalore,4241,5,3,0,24,0,0,0,41108466
Mumbai,5607,6,4,1,21,0,1,0,104265604
Pune,5248,3,1,1,14,0,1,1,52339516
Hyderabad,1798,6,4,1,7,1,1,0,19944721
Mumbai,4602,3,2,0,3,1,0,1,86371138
Delhi,1404,1,2,1,19,1,1,0,20424097
Pune,3526,6,2,1,7,0,1,0,37057911
Bangalore,2528,2,3,0,22,0,0,1,23548163
Bangalore,5211,5,4,1,20,0,1,1,50609275
Delhi,6469,6,2,0,15,0,0,1,88092552
Delhi,3120,4,4,1,15,1,0,1,44318823
Hyderabad,3146,3,1,1,1,1,0,0,28148864
Bangalore,5365,6,1,1,21,0,0,1,50914999
Pune,2789,2,3,0,16,0,1,0,28640626
Mumbai,6162,3,4,1,22,1,0,1,114605239
Pune,4372,2,1,0,24,0,1,0,42629684
Chennai,1985,5,3,0,4,1,0,0,19120859
Chennai,3651,5,3,1,4,1,1,0,32010652
Delhi,1940,5,2,1,11,1,0,1,29689021
Hyderabad,1265,1,1,0,6,0,1,0,11568651
Chennai,4979,2,4,1,4,1,0,1,41543084
Bangalore,2938,6,1,1,25,0,0,1,28656277
Pune,4592,4,1,1,27,0,0,0,45436394
Pune,5283,4,4,1,27,1,0,1,53868885
Delhi,1649,5,4,0,3,0,0,0,25314940
Mumbai,4065,4,2,1,16,0,1,0,75037170
Delhi,4642,3,3,0,5,1,0,1,63943732
Mumbai,2472,2,4,0,13,0,0,1,46913516
Delhi,3166,2,4,0,8,0,1,1,43557429
Delhi,963,2,1,0,3,0,1,0,14415953
Delhi,6468,3,4,0,25,0,0,0,85071487
Mumbai,4718,6,4,0,10,0,0,1,89310659
Mumbai,2681,1,1,0,19,0,0,1,48942047
Delhi,2142,3,1,1,20,0,1,0,29068200
Chennai,4388,2,1,1,15,0,1,1,34954615
Hyderabad,1340,2,2,0,15,0,0,1,12912841
Hyderabad,6181,2,3,1,15,0,0,0,51741773
Hyderabad,3154,6,4,1,5,1,0,1,31887968
Mumbai,6399,4,1,1,14,0,1,0,117286857
Mumbai,4618,1,1,1,2,1,0,0,84446415
Chennai,1065,3,3,0,8,0,0,1,10016785
Hyderabad,6505,2,2,1,0,0,0,0,54942592
Hyderabad,1464,5,4,0,10,0,0,1,16508964
Delhi,2782,1,2,1,21,1,0,0,37557489
Mumbai,1495,5,2,1,5,0,0,0,30528573
Hyderabad,1687,1,2,0,23,0,0,1,14833432
Pune,6390,2,1,0,4,0,1,0,61824103
Chennai,5421,1,3,0,24,0,1,1,42039400
Pune,4811,1,3,1,24,1,1,0,48070046
Pune,3754,2,3,1,27,0,1,1,38001252
Chennai,1156,6,2,1,17,1,1,1,13753373
Pune,3482,5,4,0,20,0,0,0,36512367
Hyderabad,1613,6,2,0,11,0,1,0,16678152
Mumbai,6583,5,3,0,6,1,0,1,123201044
Chennai,4906,4,1,0,1,1,1,0,39916481
Delhi,1056,5,2,0,6,0,0,1,16897338
Pune,3519,5,1,1,8,1,1,1,37540983
Chennai,2804,1,3,0,23,0,1,0,22309524
Bangalore,3080,4,2,0,25,0,0,1,29848020
Bangalore,6152,2,1,1,24,0,1,1,56690554
Mumbai,551,2,2,0,29,1,0,0,11682017
Hyderabad,1861,3,3,0,19,1,0,1,18642434
Mumbai,1694,4,4,0,7,0,1,1,33932417
Mumbai,4519,1,3,0,8,0,1,1,82840008
Mumbai,3638,3,4,1,9,0,1,0,68323020
Mumbai,2148,3,4,0,11,1,0,0,42013931
Delhi,6943,2,3,1,1,1,1,0,94115495
Delhi,1171,5,1,0,9,0,0,0,17866106
Chennai,1277,1,2,1,2,0,1,1,12330255
Bangalore,5427,4,2,1,0,1,1,1,52939003
Mumbai,2779,3,2,0,16,1,0,1,53451764
Chennai,3522,1,4,1,25,1,1,1,29014574
Bangalore,2360,2,4,1,21,1,1,0,24788598
Pune,3639,3,3,1,0,0,0,1,38361345
Hyderabad,6125,3,1,0,4,1,1,1,54135875
Delhi,6671,6,3,1,29,1,0,0,90475928
Pune,6568,2,3,1,13,0,1,0,63830821
Bangalore,1574,6,1,1,5,1,1,1,19279379
Pune,2216,2,4,0,8,1,1,1,24821846
Hyderabad,1783,2,3,0,21,0,1,1,16282983
Bangalore,5186,6,3,1,13,0,0,1,50163873
Pune,2486,1,4,1,3,0,0,0,26157977
Delhi,3133,1,2,0,0,0,1,0,41798625
Delhi,1501,1,1,1,5,1,0,1,22462334
Chennai,6827,5,1,0,6,0,1,0,53432684
Pune,1546,3,2,1,20,0,0,1,17269498
Mumbai,2676,1,1,1,5,1,1,1,51034487
Pune,2838,5,2,0,25,0,0,1,28834041
Bangalore,2355,3,3,0,23,0,0,1,22788816
Bangalore,1000,1,1,1,0,0,0,0,10167222
Pune,2733,2,1,0,7,1,0,1,28164771
Hyderabad,5074,4,3,1,11,1,1,0,45456328
Delhi,6190,1,4,1,28,1,0,1,83147595
Bangalore,3039,4,4,0,10,1,0,0,31069181
Delhi,5108,1,3,1,1,0,0,1,68369773
Bangalore,4214,2,1,1,1,1,0,0,40860224
Chennai,2832,4,1,0,23,1,0,1,24110972
Mumbai,1100,5,1,1,1,0,0,1,22969029
Bangalore,6036,2,2,1,7,1,0,1,57867506
Delhi,5719,4,4,1,20,1,1,0,78725701
Chennai,4784,4,1,1,24,1,1,0,37918183
Bangalore,1488,6,4,0,24,1,1,0,17696776
Hyderabad,2381,6,4,1,29,1,0,1,23944901
Mumbai,4983,2,1,1,23,0,0,1,90900284
Bangalore,6884,2,3,1,29,0,1,0,62955460
Chennai,6401,2,3,1,24,0,1,1,49608221
Hyderabad,6629,3,4,0,6,1,1,1,58293575
Pune,2254,5,2,0,15,0,0,0,24546782
Chennai,2964,1,4,0,23,0,1,0,23846702
Chennai,2723,6,4,1,21,1,1,1,26298863
Hyderabad,4982,4,3,1,8,0,0,0,44160037
Chennai,1994,6,1,0,15,0,1,1,18904120
Hyderabad,1352,1,1,0,1,1,1,1,13159662
Bangalore,951,2,2,1,2,0,0,1,10924648
Hyderabad,2824,6,3,0,1,0,0,0,26912613
Hyderabad,2258,5,3,1,21,1,1,1,22779541
Mumbai,4808,5,4,1,18,1,1,0,91459939
Hyderabad,3853,3,3,1,26,1,1,0,34981012
Hyderabad,4636,6,4,1,16,1,1,0,43329704
Pune,5741,2,2,1,19,1,0,1,56726947
Bangalore,6937,4,3,1,20,1,0,0,65726022
Mumbai,5195,3,3,1,11,1,0,1,97344903
Pune,3838,2,4,1,10,0,0,1,39538699
Delhi,6620,3,3,0,19,1,0,0,88860461
Bangalore,3088,6,1,0,21,1,0,0,31665663
Bangalore,6626,1,2,0,18,0,1,0,59917878
Delhi,2282,6,1,0,25,1,1,1,33679524
Hyderabad,6447,2,4,1,5,1,1,1,57319647
Pune,4020,4,4,0,9,1,0,0,41724360
Chennai,2279,4,4,0,13,0,1,1,20068359
Mumbai,3632,2,2,1,0,0,0,0,67130176
Chennai,4073,3,3,0,14,0,0,1,32463617
Delhi,3718,5,1,0,5,0,0,1,51824720
Bangalore,4257,2,3,0,12,1,0,0,40959223
Bangalore,4516,6,4,0,23,0,0,0,44154817
Mumbai,3337,4,3,1,25,0,1,1,62689387
Bangalore,2881,1,2,0,13,0,0,1,26468898
Bangalore,6500,4,4,0,12,1,1,0,62713827
Mumbai,6687,5,3,0,23,0,0,1,122926647
Pune,4739,4,1,0,15,1,1,0,47973270
Pune,4436,5,4,1,0,1,1,0,47522270
Mumbai,4928,2,4,1,13,1,1,1,91853483
Delhi,5593,4,2,0,12,0,1,0,75135579
Bangalore,1919,3,2,1,22,1,1,0,20202339
Bangalore,4650,6,1,1,29,1,0,0,45346874
Delhi,1830,3,3,1,9,0,1,0,26721026
Pune,3417,6,3,1,9,0,0,0,36680100
Hyderabad,1946,4,4,0,27,1,1,0,19647401
Hyderabad,1940,4,4,1,3,1,0,1,21101755
Hyderabad,4244,6,3,0,13,1,0,0,38700009
Pune,3344,1,3,0,11,1,0,0,33160948
Pune,6968,4,3,0,21,1,1,0,69655120
Delhi,6329,1,4,0,5,0,0,1,84209672
Bangalore,6290,1,2,0,14,1,1,0,58859482
Delhi,4675,6,2,0,4,1,0,1,66345222
Delhi,5580,1,1,0,9,0,1,0,73890533
Pune,1364,1,3,0,8,1,0,0,14626669
Hyderabad,6183,2,3,0,26,1,1,1,53080350
Chennai,971,3,3,0,9,1,0,0,10413965
Bangalore,6717,1,1,1,23,0,0,0,59898160
Pune,6172,3,3,1,11,1,0,1,62523018
Hyderabad,2002,1,2,1,21,0,1,0,17180510
Chennai,5184,3,3,0,3,0,0,0,41755001
Chennai,1910,4,1,0,28,0,0,0,15546260
Pune,4270,4,4,0,3,1,0,0,44056523
Mumbai,2405,3,4,0,12,0,0,1,46685060
Bangalore,5159,1,2,0,24,1,1,0,47808638
Chennai,4501,2,2,1,13,1,1,0,35916242
Pune,4004,3,2,1,11,0,1,0,39840043
Pune,3983,5,4,0,12,1,0,1,42125624
Hyderabad,5062,2,3,0,19,0,1,1,43932409
Mumbai,1098,5,1,1,12,0,0,0,22529188
Bangalore,6240,3,1,1,22,1,0,0,58197978
Delhi,1491,1,3,1,29,1,0,1,21111261
Hyderabad,2432,5,4,0,21,1,1,0,24266339
Chennai,3284,3,4,0,1,1,0,0,28292628
Chennai,3541,2,1,0,20,1,1,0,28108048
Hyderabad,6891,1,2,0,18,0,0,0,56937941
Pune,6200,5,2,1,8,1,1,1,64349630
Chennai,566,3,1,1,9,1,1,1,7805818
Mumbai,3898,1,1,0,16,1,1,1,71323394
Bangalore,3250,1,3,1,9,0,0,1,31543995
Mumbai,969,4,3,0,19,0,1,0,20122248
Chennai,2224,1,3,1,12,0,1,0,18347569
Delhi,6929,3,3,0,19,1,0,1,93074016
Bangalore,4485,2,3,1,24,0,1,1,42610656
Bangalore,2131,6,3,1,29,0,1,0,22479049
Hyderabad,6955,4,2,1,0,1,1,0,61391874
Hyderabad,6952,3,1,0,1,1,0,0,59455058
Delhi,1274,3,4,1,16,1,1,0,20363361
Pune,3512,3,3,0,12,0,1,0,35059280
Bangalore,5732,5,2,0,16,0,1,1,54254915
Delhi,6607,5,1,1,27,0,0,0,87659714
Hyderabad,3003,2,1,0,29,1,1,0,26048280
Hyderabad,1986,3,1,0,12,1,1,1,19743277
Bangalore,4519,5,3,0,16,0,0,0,43222051
Mumbai,4727,5,3,0,18,0,1,0,87461471
Chennai,1429,5,4,1,26,0,1,0,13847506
Hyderabad,3512,2,3,0,13,1,1,1,32574998
Pune,5524,2,1,1,19,1,0,0,54173236
Pune,6764,3,1,0,9,0,1,0,66221926
Hyderabad,5816,4,2,0,1,1,0,0,50999917
Mumbai,2005,3,2,0,13,1,1,0,38444338
Mumbai,5229,5,4,0,16,1,1,1,99391512
Delhi,3444,6,2,0,4,0,0,0,48605633
Pune,3319,5,4,0,21,0,1,0,35309058
Delhi,5658,1,2,0,17,1,1,0,75414381
Pune,1684,6,1,0,2,1,0,0,20565221
Chennai,788,6,3,0,15,0,0,1,10140861
Chennai,6843,3,3,1,25,0,0,1,53425265
Bangalore,2311,5,4,1,18,0,1,0,23762235
Delhi,1027,5,3,0,17,0,0,0,15980935
Hyderabad,1416,4,3,0,19,1,1,1,16075961
Delhi,2208,1,2,0,29,0,0,1,28525320
Hyderabad,4074,3,1,1,4,0,0,0,34919220
Mumbai,3819,2,3,1,7,0,0,1,71843484
Delhi,1906,3,1,1,5,0,1,0,27144496
Mumbai,1741,6,2,0,14,0,1,1,35272464
Chennai,5706,3,2,0,24,1,1,0,44980757
Chennai,3633,4,3,1,2,1,0,1,32062386
Bangalore,1298,3,3,0,25,1,1,0,14781408
Delhi,2023,4,2,0,8,0,1,0,29263789
Mumbai,4607,6,2,1,26,0,0,1,85784770
Hyderabad,5428,4,4,0,29,1,1,1,48275019
Chennai,3388,5,4,1,10,0,0,1,29342207
Chennai,3190,2,1,1,19,0,0,0,25231427
Hyderabad,4591,6,2,0,23,0,1,1,40408472
Mumbai,1741,4,1,1,25,0,0,1,33661738
Mumbai,6268,1,2,0,22,0,1,0,112703628
Delhi,6749,6,1,1,13,0,0,0,90795072
Delhi,1190,1,4,0,22,1,1,1,17736061
Pune,1027,2,2,0,8,0,1,0,11585456
Pune,1995,4,2,0,9,1,1,1,22372023
Bangalore,4325,6,1,0,29,0,0,0,40580055
Chennai,3393,6,1,1,14,0,1,0,29068446
Delhi,1392,2,3,1,17,0,0,1,20140858
Mumbai,886,5,3,0,20,0,1,1,19024866
Hyderabad,1749,1,4,0,18,1,1,0,16031402
Mumbai,3028,6,2,0,6,0,0,1,58338811
Chennai,6373,3,2,1,18,1,1,1,50827009
Pune,5003,1,1,1,4,1,1,1,50028866
Mumbai,4028,4,4,0,20,1,0,1,76271235
Bangalore,6272,2,2,1,17,1,1,1,59722794
Chennai,1397,1,4,0,26,0,1,1,11961103
Pune,1210,3,3,1,0,1,0,0,15155207
Hyderabad,4195,3,1,0,11,0,1,1,36852768
Pune,3186,2,2,0,5,1,1,1,33205478
Bangalore,6278,2,1,0,12,1,0,1,58485604
Chennai,5513,1,3,1,16,1,0,1,43726711
Hyderabad,6846,4,4,0,8,0,1,0,60107711
Bangalore,5012,5,4,1,25,1,0,0,48441906
Pune,915,3,3,1,20,0,1,1,11126975
Bangalore,1971,2,3,0,0,1,0,1,20632877
Chennai,6131,5,2,0,11,1,1,0,49423976
Delhi,4680,5,2,0,23,1,0,1,64067240
Bangalore,4762,5,2,1,0,0,1,1,46533931
Bangalore,2931,4,2,1,3,0,1,0,29242268
Pune,3015,2,2,1,6,0,1,1,31050870
Pune,1595,3,4,1,19,1,0,1,18853871
Hyderabad,1309,2,2,1,27,1,0,0,12588850
Pune,3544,1,3,1,4,1,1,1,37469341
Mumbai,6140,3,3,1,22,1,0,1,113021869
Chennai,6412,2,2,0,19,0,0,0,48618069
Chennai,1492,3,3,0,4,1,0,0,14559664
Delhi,1781,1,1,0,6,0,0,0,23799658
Delhi,4870,6,4,1,16,0,0,1,67200462
Chennai,2273,3,4,0,11,0,0,0,18864260
Delhi,4061,6,2,1,14,1,1,1,57142962
Hyderabad,4316,5,1,1,2,0,1,1,38547109
Pune,2256,4,2,1,16,0,0,0,22904362
Chennai,2873,1,2,1,13,0,0,1,23202705
Delhi,3076,3,3,0,14,1,0,1,43784259
Chennai,1391,1,4,1,14,0,1,0,12654210
Mumbai,4684,5,1,0,14,0,1,0,86143633
Bangalore,1207,6,3,1,18,0,0,1,14571789
Pune,2897,4,4,0,10,0,1,1,31379854
Chennai,4982,1,4,1,17,0,1,1,39811811
Bangalore,2634,6,2,1,20,0,1,1,27545846
Delhi,2854,5,1,0,9,1,1,0,40063432
Bangalore,6469,5,2,0,20,0,1,1,60752897
Pune,5773,5,3,0,25,1,1,1,59466009
Chennai,5035,6,2,1,8,1,0,1,42378207
Mumbai,6907,3,2,1,23,1,1,0,126805082
Delhi,1476,2,4,1,2,1,0,0,23234027
Chennai,1234,1,4,0,0,0,0,0,11524113
Pune,2968,2,3,0,20,1,1,1,30324343
Delhi,3040,5,4,0,10,0,1,1,43791553
Hyderabad,1132,2,4,1,15,0,0,1,11559096
Bangalore,5588,6,4,1,2,0,1,1,55899441
Pune,4768,5,2,0,20,1,0,1,49401734
Hyderabad,4599,5,1,1,8,0,0,1,41422632
Chennai,3401,4,3,1,10,0,1,1,29498952
Mumbai,2163,4,2,1,29,1,1,1,42563661
Delhi,2515,6,3,0,16,0,1,0,36346808
Bangalore,6091,6,2,0,0,0,0,0,57919918
Delhi,3681,2,3,0,8,0,0,0,49964509
Chennai,5656,1,4,1,2,1,1,1,46110595
Delhi,4563,2,3,0,27,0,1,0,60290554
Bangalore,3130,6,1,0,9,0,1,0,30870030
Chennai,4372,1,3,1,4,0,1,0,34627924
Delhi,1554,2,1,1,24,0,0,1,21776458
Mumbai,880,3,3,1,10,1,1,1,20017133
Pune,5887,3,4,1,4,1,0,1,59746697
Chennai,3582,1,3,0,11,1,1,0,29419139
Pune,2891,4,2,1,13,0,0,0,29934849
Chennai,2092,1,4,1,11,0,0,0,16879148
Mumbai,4761,2,4,1,18,0,0,0,87517951
Pune,3247,5,2,1,8,1,1,1,34985631
Hyderabad,2889,3,4,1,27,1,1,1,27917219
Bangalore,4053,5,4,1,6,0,1,0,40889949
Hyderabad,5638,3,2,0,15,0,0,1,48207378
Delhi,6247,2,4,0,27,0,1,1,83177287
Mumbai,3527,3,4,0,27,1,1,0,66585325
Hyderabad,1707,1,4,0,6,0,1,0,15317992
Chennai,4353,5,4,1,13,1,0,1,37066168
Delhi,1044,6,3,1,7,1,1,1,18665462
Delhi,3581,5,4,1,26,0,0,0,49293596
Hyderabad,4163,2,4,0,20,0,0,1,35730539
Hyderabad,2739,6,4,1,17,0,1,0,27107050
Mumbai,2867,5,3,1,26,1,1,1,56102806
Bangalore,4273,2,1,1,24,0,0,0,38301426
Hyderabad,3127,4,4,1,2,1,1,1,30480249
Hyderabad,4431,1,1,0,26,1,0,1,37889463
Pune,2974,3,1,1,29,0,0,0,28567985
Chennai,3630,3,2,1,1,0,0,0,29065995
Pune,4007,3,2,1,25,1,1,1,41045371
Pune,596,4,1,0,25,1,0,1,7836157
Delhi,4358,1,3,1,4,0,0,1,59352382
Bangalore,3208,5,4,1,7,1,1,0,33429996
Chennai,5897,5,4,1,18,0,0,0,47135372
Mumbai,3836,1,4,1,21,0,0,0,69783716
Mumbai,6652,6,2,1,8,0,1,0,123080160
Hyderabad,956,1,2,1,1,0,0,1,9947851
Hyderabad,6414,3,4,1,14,1,1,0,55700418
Mumbai,4868,5,1,0,7,0,1,0,90293627
Hyderabad,3487,1,2,0,9,0,0,1,29463058
Bangalore,4588,5,4,1,6,1,1,1,46515893
Pune,4384,1,1,1,18,1,0,1,42833650
Hyderabad,1531,2,4,0,0,0,1,0,15655175
Delhi,707,3,2,0,21,0,0,1,10828451
Hyderabad,2437,1,3,0,1,1,1,0,22837590
Chennai,6256,4,3,0,2,1,0,1,50948428
Bangalore,1646,1,2,1,27,0,0,0,14665555
Chennai,5652,2,1,1,13,1,1,1,44625660
Chennai,6132,4,4,1,14,1,0,0,49696201
Delhi,4799,4,2,1,20,1,0,0,65007240
Bangalore,6428,1,1,1,13,1,1,1,59673297
Bangalore,3064,2,4,0,26,0,1,0,28806620
Bangalore,942,4,4,0,7,0,1,0,12219126
Bangalore,5284,3,2,0,17,0,0,0,49515511
Bangalore,1332,6,4,0,21,0,0,1,15365440
Delhi,6982,3,3,0,16,1,0,1,93641007
Hyderabad,1961,5,3,1,6,1,1,1,21206363
Chennai,4016,5,4,0,19,1,0,1,34932838
Bangalore,1659,2,2,0,0,1,0,0,17775080
Hyderabad,886,4,4,1,8,0,0,1,10892908
Hyderabad,2541,3,2,1,8,0,1,0,23709584
Chennai,3053,3,2,1,10,1,1,1,26688172
Delhi,5944,6,3,1,18,0,0,0,81131929
Mumbai,2218,2,3,1,5,0,1,1,42504354
Mumbai,5275,4,1,0,6,1,1,0,97708016
Hyderabad,4550,2,2,1,28,0,0,1,37890547
Pune,3909,1,4,1,14,0,1,1,38921993
Pune,1189,3,2,0,19,1,1,0,13303259
Chennai,6164,2,3,0,5,1,1,1,49696064
Mumbai,1669,2,2,1,8,1,0,0,32733521
Hyderabad,5488,6,1,1,29,0,1,0,48172864
Delhi,1452,1,4,0,14,1,1,1,22511130
Mumbai,5850,5,2,1,25,1,0,1,108852280
Hyderabad,5379,3,4,1,21,0,0,0,46584860
Hyderabad,6642,6,4,1,22,0,0,1,58067402
Bangalore,6467,2,3,1,5,1,0,0,60864109
Delhi,5090,3,2,1,6,0,0,1,69339302
Bangalore,3996,5,4,0,16,0,1,1,39871644
Chennai,4417,2,3,0,5,1,0,0,35694891
Bangalore,5342,1,1,1,27,1,1,0,48983366
Bangalore,2984,3,1,1,8,0,0,1,29030703
Mumbai,2354,6,2,0,26,1,1,1,46995112
Pune,3939,1,4,0,2,0,0,1,39580822
Hyderabad,6988,5,2,0,13,0,1,1,60092985
Delhi,3731,5,4,1,5,0,0,0,52749126
Bangalore,3097,3,3,0,3,0,1,0,31286390
Delhi,4483,5,1,1,15,1,1,1,61947359
Pune,2691,4,1,1,22,0,0,0,26799593
Pune,3135,6,1,1,15,1,1,1,34008183
Bangalore,1156,3,1,1,22,0,1,1,12283242
Chennai,4312,4,2,1,28,0,0,1,33882831
Bangalore,6478,5,4,0,8,1,1,0,62802860
Mumbai,6988,3,2,0,3,1,1,0,128612377
Hyderabad,3840,4,3,0,29,0,0,0,33484930
Chennai,4411,5,1,0,7,0,1,0,35861444
Bangalore,2296,2,4,1,23,1,0,1,24159773
Delhi,4863,2,2,0,7,1,1,1,66365204
Chennai,6812,1,4,0,29,1,1,0,53020637
Chennai,2262,2,2,0,23,0,1,1,18023652
Bangalore,6676,4,4,0,5,1,1,0,65063403
Chennai,4972,6,4,0,7,0,0,0,41329416
Delhi,3785,2,1,0,5,1,0,0,51767943
Pune,2085,3,2,1,25,1,1,0,22364289
Chennai,6059,3,3,1,13,1,1,1,49367990
Pune,4063,3,4,0,13,0,0,1,41745036
Delhi,2940,2,3,1,17,1,0,1,40370999
Bangalore,5084,2,1,1,12,1,0,0,47445957
Hyderabad,5317,1,3,1,14,0,1,0,44617882
Chennai,5541,6,4,1,2,1,1,1,48421110
Hyderabad,3600,6,4,1,5,0,1,1,34628100
Delhi,6682,5,4,0,22,0,0,0,89714877
Chennai,6231,1,2,1,29,0,1,1,46887393
Pune,3744,4,3,1,19,1,0,0,39385256
Mumbai,1540,3,2,0,16,1,0,0,30508918
Hyderabad,3627,2,4,1,19,0,1,1,31735785
Chennai,2773,5,4,1,15,0,0,1,24285777
Hyderabad,4129,5,1,0,5,0,1,0,37489316
Chennai,2614,2,1,1,7,1,0,1,22704016
Bangalore,2177,1,4,0,28,0,1,0,20662338
Pune,3594,5,2,1,27,0,1,1,37744242
Hyderabad,1498,6,2,1,12,1,0,0,15979593
Mumbai,6373,1,4,0,28,1,0,0,116483360
Mumbai,2784,2,3,1,29,0,1,0,51733496
Delhi,5552,1,2,0,12,0,1,1,73365659
Chennai,2089,6,4,1,19,0,0,1,20035630
Hyderabad,1661,3,1,1,25,0,1,1,15542083
Delhi,3020,2,4,1,16,1,1,1,43382651
Hyderabad,6464,6,2,1,20,0,0,1,56335769
Chennai,4355,2,4,0,22,1,0,1,35636691
Mumbai,5148,6,3,1,21,1,0,0,96576706
Bangalore,6229,6,3,1,2,0,1,0,60756244
Mumbai,1194,5,2,0,12,1,1,1,25995930
Delhi,4912,5,4,0,6,0,0,1,67341368
Pune,5363,5,3,0,19,1,0,0,54713295
Bangalore,4298,3,3,1,4,0,0,1,41815023
Delhi,4183,3,1,0,10,1,1,1,57831439
Chennai,2471,6,2,0,22,1,1,1,22591789
Bangalore,6901,4,1,0,17,0,1,0,63729399
Delhi,2003,2,1,0,3,1,0,1,28372309
Chennai,3749,5,3,1,19,1,0,0,32397044
Mumbai,4718,2,4,1,21,1,1,1,88752226
Pune,6985,6,1,1,27,1,0,0,70184312
Chennai,3742,1,2,0,26,1,0,1,29930368
Hyderabad,2368,6,2,0,6,1,0,1,24374293
Chennai,2171,3,4,0,3,1,1,0,19780959
Chennai,1582,4,2,1,9,1,0,0,15140796
Pune,2228,1,1,0,0,1,0,0,23589542
Hyderabad,4351,2,4,0,16,0,0,1,37589968
Delhi,6903,3,2,1,4,1,0,1,93987533
Delhi,6592,5,2,1,16,1,1,0,90049155
Chennai,2642,1,1,1,2,0,1,0,20909251
Hyderabad,1648,3,1,1,8,1,1,1,17431161
Hyderabad,6684,2,1,1,2,1,1,0,57783758
Pune,6510,6,1,0,2,0,0,0,65000330
Mumbai,753,2,4,0,28,1,1,1,15865889
Delhi,4602,1,4,0,8,0,0,0,61541278
Pune,4042,1,4,1,4,0,0,1,41210735
Bangalore,3275,6,3,1,27,1,0,0,33330183
Delhi,6712,1,1,1,23,0,0,0,87568879
Pune,5137,4,1,1,9,0,1,0,50938510
Delhi,3833,5,4,0,14,1,1,0,54160839
Mumbai,4684,3,2,0,24,1,0,1,86274304
Bangalore,6534,6,2,0,11,0,1,0,61949858
Mumbai,3779,2,1,0,5,1,1,0,70004094
Bangalore,4808,2,1,0,6,0,0,0,44724285
Chennai,3381,5,4,0,6,0,1,0,30003096
Pune,765,1,1,0,22,1,0,0,8223119
Bangalore,2840,1,2,0,3,0,0,1,27335747
Mumbai,5826,2,2,1,28,1,0,1,106371098
Delhi,6976,5,1,0,12,1,1,1,94424841
Bangalore,3648,2,4,0,14,1,0,0,35392065
Pune,3859,1,4,1,17,1,0,1,39003984
Bangalore,1504,6,2,1,17,0,0,0,16974466
Hyderabad,2594,3,4,0,6,1,1,1,25854397
Delhi,5217,1,2,0,9,1,0,1,70427035
Pune,3771,6,1,1,15,1,0,0,38936162
Pune,5022,3,2,1,22,0,0,1,49610930
Chennai,709,4,1,1,25,1,0,0,8124586
Mumbai,1387,5,4,0,22,0,1,1,27982685
Chennai,6039,6,3,1,28,0,0,0,48027157
Pune,653,4,3,0,7,0,1,0,8744671
Delhi,4093,1,3,1,18,0,0,0,54753555
Bangalore,914,5,2,0,28,1,1,0,10952191
Bangalore,3924,6,3,1,10,1,0,0,39727429
Delhi,5776,1,2,0,20,0,1,0,76089163
Pune,1784,5,4,1,5,0,1,1,22211338
Bangalore,3648,5,1,1,28,1,0,0,35410490
Bangalore,1268,1,3,0,23,0,0,1,12728156
Bangalore,1482,1,2,0,23,0,0,1,13313861
Mumbai,6107,6,4,0,9,0,1,0,114613157
Mumbai,3702,5,4,1,18,1,1,0,71027421
Hyderabad,5174,6,3,1,27,0,1,1,45647197
Chennai,4026,5,4,1,13,0,1,1,34437145
Delhi,3287,6,4,1,19,0,0,0,46571442
Delhi,2710,1,4,1,5,1,1,0,37940166
Delhi,1538,1,2,0,3,0,0,1,21267864
Hyderabad,6838,2,4,0,25,1,1,1,59121543
Mumbai,4432,6,4,1,19,1,0,1,84829445
Pune,1041,2,4,1,14,1,1,0,13207409
Pune,858,2,4,0,4,1,1,0,11063729
Hyderabad,1349,4,4,1,15,0,0,1,15125227
Pune,5022,5,2,0,25,0,1,1,50681649
Delhi,3044,3,4,0,6,1,1,0,43198693
Chennai,5081,4,4,0,27,0,1,1,41542604
Bangalore,2331,5,1,0,1,0,0,0,23697198
Mumbai,1972,3,4,0,12,1,1,0,38936893
Mumbai,1936,2,4,1,1,1,0,0,38271089
Hyderabad,829,3,2,0,27,0,1,1,8778205
Mumbai,6351,1,4,1,25,0,1,0,116113288
Delhi,5766,1,2,0,29,0,0,0,75109481
Pune,4854,6,3,1,8,0,0,0,50513067
Delhi,6935,5,4,0,19,1,0,1,94170652
Hyderabad,4738,4,1,1,4,1,1,1,43401175
Delhi,6612,2,2,1,2,1,0,0,88064921
Pune,4508,5,3,0,1,0,1,0,46814156
Chennai,5222,2,1,0,13,1,1,1,41069421
Hyderabad,1888,1,2,0,25,0,0,0,14894299
Chennai,4685,4,3,1,7,1,1,1,39580851
Bangalore,1219,4,1,0,19,0,1,1,13281146
Chennai,3735,1,4,0,29,0,1,1,29169052
Bangalore,5076,3,1,1,11,1,1,1,48780149
Bangalore,2631,4,1,0,16,1,0,0,26744367
Chennai,1600,3,1,0,28,0,1,1,12630627
Hyderabad,1172,2,2,1,15,0,1,0,11057764
Pune,1016,4,4,0,5,1,0,0,13706638
Delhi,3032,6,4,1,5,0,0,1,44188166
Delhi,6209,1,2,0,17,0,1,1,81568454
Pune,4170,3,1,1,1,0,0,1,41478300
Bangalore,1281,6,4,1,7,1,0,1,16640562
Bangalore,6747,2,1,0,26,0,1,1,62200560
Hyderabad,4023,2,4,1,22,0,0,0,34970710
Mumbai,4058,4,2,0,13,0,1,1,75342402
Chennai,6631,4,3,1,1,1,1,1,54722134
Bangalore,2886,6,1,1,25,1,1,0,29559290
Delhi,5282,5,4,0,16,1,0,1,73190153
Hyderabad,2089,5,4,0,26,0,1,0,19916654
Chennai,5495,4,4,0,23,0,1,1,44937336
Hyderabad,2001,5,2,1,15,0,1,0,19313995
Chennai,4294,1,2,0,25,0,0,0,32356495
Chennai,4818,6,3,1,17,0,0,1,39503162
Pune,3580,1,2,1,20,0,1,1,35691579
Bangalore,1576,5,1,0,5,1,1,0,17665843
Hyderabad,1600,4,2,1,25,0,0,1,15432988
Hyderabad,6337,1,4,0,16,1,1,0,54472479
Pune,1002,2,1,1,17,0,0,0,10747413
Delhi,1839,4,2,0,13,0,1,0,25795381
Delhi,4385,6,1,1,9,1,0,0,61150823
Bangalore,1123,3,1,1,3,1,1,0,13383775
Bangalore,2386,3,2,0,17,0,1,1,23170036
Mumbai,6808,4,1,1,10,0,0,0,124806113
Pune,3850,5,4,1,21,0,0,1,39867039
Delhi,1550,1,4,1,15,1,0,1,22378518
Chennai,5689,1,2,1,29,0,1,0,42415856
Hyderabad,6581,4,2,1,3,0,0,1,56673725
Bangalore,5984,2,4,0,26,1,0,0,56201832
Hyderabad,4272,6,2,0,18,1,0,1,39715434
Hyderabad,4416,5,4,1,5,0,0,1,41169387
Mumbai,4518,2,1,0,24,0,0,0,81802487
Delhi,1829,4,2,0,7,1,0,0,27647630
Bangalore,5743,4,3,1,17,0,1,1,54720338
Hyderabad,4614,2,4,0,18,1,0,1,40202112
Bangalore,5876,3,4,1,17,1,0,1,56099090
Chennai,3867,4,1,0,15,0,0,0,30815172
Mumbai,5641,6,3,1,25,1,1,0,105697641
Chennai,4451,5,3,1,6,1,0,1,37727746
Bangalore,5584,2,3,1,24,0,1,0,51157885
Bangalore,2997,3,4,1,16,1,0,0,29882633
Delhi,2073,2,4,0,26,1,1,1,29632244
Hyderabad,5667,3,3,0,2,0,0,0,48544518
Hyderabad,3134,3,2,1,21,0,1,1,27292313
Chennai,3268,6,3,0,14,1,1,1,29485847
Mumbai,5802,5,1,1,3,0,0,0,106963182
Pune,6054,4,3,1,25,1,1,0,60389624
Hyderabad,6750,3,3,0,15,1,0,1,58378936
Delhi,1711,4,3,1,13,1,1,1,26352675
Chennai,1275,5,2,1,25,0,1,0,11821882
Chennai,6455,4,3,0,16,1,1,1,52003988
Pune,6462,6,3,1,8,1,1,1,67529175
Delhi,1660,6,4,1,6,0,0,0,25559140
Mumbai,6477,1,3,0,13,0,0,0,117874845
Delhi,2883,6,1,0,26,0,0,1,40194345
Mumbai,3154,3,4,1,27,0,1,1,59571222
Delhi,6376,5,2,0,22,1,1,1,86695358
Delhi,4040,6,4,0,11,0,0,1,57253934
Bangalore,5197,2,2,0,16,0,0,1,48515267
Chennai,6190,5,2,0,8,1,0,0,49473071
Delhi,5135,3,1,0,11,1,1,1,69916206
Pune,1595,5,3,0,11,0,1,1,18958957
Delhi,6401,6,1,1,7,0,0,1,86889086
Hyderabad,523,2,4,1,26,0,0,1,6474757
Chennai,5219,1,2,0,27,0,0,0,38491249
Hyderabad,6431,3,4,0,9,1,1,1,56814660
Chennai,4056,3,2,0,11,0,1,1,32276488
Hyderabad,1579,5,4,1,4,1,0,1,18884240
Delhi,5581,4,2,1,19,1,0,1,76197388
Delhi,4818,4,1,1,0,0,1,0,66108453
Bangalore,678,2,2,1,8,1,0,0,8474909
Pune,3347,1,3,0,14,0,0,1,33413427
Hyderabad,2460,1,1,0,23,0,0,0,20530031
Mumbai,1973,5,3,0,28,0,1,1,38028359
Bangalore,5388,5,4,0,1,0,0,0,52894205
Hyderabad,5479,4,4,0,3,1,1,0,48771210
Hyderabad,1712,6,2,1,3,0,0,0,17260338
Bangalore,6197,1,2,0,28,1,1,0,57043815
Delhi,1309,6,4,1,22,0,1,1,21709890
Hyderabad,5556,1,1,0,2,1,0,0,46736079
Delhi,919,6,3,0,15,1,1,0,17116520
Bangalore,4159,6,4,1,7,0,1,0,42332364
Delhi,5783,1,1,1,26,0,0,0,74807072
Chennai,4316,2,3,0,6,1,0,1,35006836
Mumbai,1778,2,2,1,25,1,1,1,33917462
Hyderabad,3023,5,1,1,11,1,0,1,28499296
Pune,1940,6,1,1,11,0,0,1,22233143
Mumbai,6813,6,4,0,3,0,0,1,127938318
Delhi,1840,6,3,0,14,0,0,0,27075172
Hyderabad,2721,6,4,0,24,0,0,1,25712020
Delhi,2892,6,2,1,5,1,0,0,41964401
Chennai,5637,4,2,1,2,1,0,0,46598624
Bangalore,5689,3,3,0,6,1,1,0,54075016
Hyderabad,1861,6,3,0,21,1,0,1,20228705
Chennai,1091,4,3,1,23,1,0,0,11128439
Chennai,1026,2,4,0,20,0,0,0,9741832
Hyderabad,3003,6,3,0,5,0,0,0,28403492
Delhi,1792,2,3,1,0,1,0,0,27146187
Pune,2154,5,4,1,7,0,0,1,25223897
Chennai,5406,3,2,0,0,0,1,0,42577854
Mumbai,687,1,2,1,15,0,0,0,12509907
Chennai,6188,3,1,1,2,0,1,1,49195437
Pune,3258,6,2,0,27,0,1,1,33728425
Delhi,1028,6,3,1,1,1,1,1,19605802
Delhi,933,3,2,1,5,1,1,0,15485431
Mumbai,6931,3,4,0,7,0,0,0,126979458
Chennai,6537,5,2,1,23,1,0,0,52249917
Delhi,4012,2,2,1,6,1,0,1,55801990
Pune,2304,1,1,0,6,0,1,1,22626816
Hyderabad,802,3,1,1,23,0,0,0,7912888
Bangalore,4682,1,3,0,20,0,1,1,43696275
Bangalore,937,3,4,0,18,0,1,1,11138298
Bangalore,3088,2,3,1,17,1,0,1,31199234
Chennai,5641,1,4,0,2,0,1,1,44859979
Mumbai,1332,4,4,0,10,0,0,0,26307808
Delhi,1296,2,1,1,10,1,1,0,18527594
Hyderabad,1059,1,2,0,2,0,1,0,10066981
Pune,4088,3,2,0,27,1,0,0,39948238
Hyderabad,1261,3,1,1,22,1,1,0,13200830
Pune,6294,2,3,0,0,0,0,1,62256186
Chennai,4074,2,2,0,22,1,0,0,31585409
Bangalore,4285,3,3,1,21,0,0,0,40810892
Chennai,3014,1,2,1,26,1,1,1,23889201
Mumbai,5720,4,3,0,9,0,0,1,106546996
Mumbai,1184,5,4,0,29,0,0,1,24649377
Pune,5760,2,4,0,1,1,0,1,58620669
Delhi,4733,3,2,1,25,0,0,1,62637223
Delhi,1077,1,3,0,16,1,1,1,16910939
Pune,5305,2,3,1,8,1,0,1,53139138
Mumbai,727,1,4,0,17,0,0,1,14517658
Mumbai,2828,2,3,0,19,1,0,0,52414841
Mumbai,3231,3,1,1,8,0,0,1,60608936
Chennai,1327,1,3,0,24,1,0,1,11178516
Mumbai,930,3,4,1,27,0,1,0,18212208
Hyderabad,1563,1,1,1,10,1,0,0,14048822
Bangalore,2209,2,1,0,16,1,1,0,22314415
Mumbai,6282,5,3,0,13,1,0,1,118062203
Pune,1734,5,4,1,17,1,1,0,20662995
Bangalore,801,4,4,1,17,1,0,0,10457391
Chennai,5705,4,4,1,11,0,1,1,46601713
Pune,1920,6,1,0,17,0,1,0,21008629
Bangalore,5128,3,4,0,7,1,0,0,49994369
Pune,1268,1,1,0,28,0,1,1,12443988
Chennai,6534,4,1,0,7,0,0,0,50770390
Hyderabad,1904,2,2,1,25,0,0,1,16783133
Chennai,943,5,3,1,27,1,1,0,11191748
Chennai,3604,1,4,1,7,0,1,0,29723145
Pune,4855,6,1,0,27,0,1,0,48878982
Delhi,3805,5,3,0,19,1,0,1,53255320
Mumbai,2038,1,1,0,14,1,1,0,37967219
Mumbai,4430,4,3,1,7,1,1,0,83427116
Hyderabad,1831,4,1,1,13,1,1,0,17579031
Hyderabad,569,3,4,1,12,1,0,0,7742744
Mumbai,6073,6,2,1,22,0,0,0,112527520
Delhi,6058,1,2,0,7,0,1,0,79745985
Mumbai,6444,6,2,0,16,0,1,1,120137035
Delhi,3935,2,1,0,18,1,1,1,52950088
Hyderabad,980,6,3,1,25,0,0,1,10932443
Bangalore,5763,4,4,1,5,1,1,1,56568621
Pune,4594,3,4,1,16,0,1,1,47016734
Hyderabad,6667,4,1,1,3,0,0,0,56530977
Hyderabad,3996,5,2,0,24,1,0,1,36580733
Chennai,3293,4,1,0,6,0,1,0,26993733
Chennai,3392,1,3,1,16,0,1,1,26734670
Chennai,1698,3,2,0,28,1,0,0,15025264
Pune,2872,1,1,1,27,0,1,1,27699136
Chennai,2392,2,3,1,21,0,0,0,19555386
Delhi,6290,2,2,1,21,0,1,0,83239031
Mumbai,2383,4,4,1,27,1,1,1,46863823
Bangalore,5967,3,3,1,17,1,1,1,57954136
Hyderabad,1297,6,4,0,5,0,0,0,14694402
Delhi,517,3,3,0,29,0,1,1,8326440
Bangalore,543,3,2,0,9,1,0,1,7528035
Delhi,654,3,1,0,17,1,1,0,10935725
Delhi,5462,4,1,0,23,1,0,0,73430392
Hyderabad,3948,1,1,0,6,0,1,0,33753076
Mumbai,5338,4,1,1,13,0,0,1,99003921
Chennai,4580,6,3,1,21,1,0,0,39119667
Pune,6447,1,1,0,13,1,1,0,62002803
Mumbai,1925,6,1,1,9,0,0,1,38984199
Pune,4820,5,3,1,21,1,1,0,49675945
Hyderabad,4812,5,3,1,24,0,1,0,41832724
Hyderabad,4139,1,2,0,8,1,1,1,36093686
Hyderabad,4626,4,3,0,25,1,0,0,40987959
Bangalore,2392,6,4,0,9,0,1,1,26225757
Pune,5678,6,2,1,1,1,1,1,59474705
Mumbai,6511,2,2,0,2,1,1,0,120347914
Mumbai,1397,6,1,0,15,0,0,0,27983877
Delhi,3924,4,1,0,9,0,1,1,53243272
Delhi,5040,2,4,1,22,0,1,1,67367654
Delhi,1758,4,1,0,10,0,1,1,24960866
Hyderabad,5726,3,3,0,9,0,1,1,49543258
Mumbai,5810,6,3,0,11,1,0,1,109466304
Pune,2515,3,1,1,28,1,1,1,25862424
Hyderabad,6532,5,1,0,13,0,1,1,56401960
Bangalore,5333,5,3,0,29,0,1,0,50032991
Delhi,2202,1,2,1,8,1,0,1,31370478
Hyderabad,1373,6,4,0,27,0,1,0,14537501
Hyderabad,1065,2,4,0,12,0,1,1,11310260
Bangalore,2518,3,2,0,29,0,1,0,23849725
Chennai,2385,4,4,0,5,1,1,0,22712195
Mumbai,2623,6,1,1,10,0,1,1,50854978
Pune,5142,1,1,1,0,1,1,1,51518755
Chennai,2814,4,1,1,26,1,0,0,23474550
Delhi,4912,3,4,0,14,0,0,0,66458735
Hyderabad,4383,6,2,0,6,0,1,0,39798350
Bangalore,3692,3,1,0,10,0,0,1,34925601
Bangalore,2359,6,2,0,16,1,0,1,25827346
Mumbai,524,6,3,1,4,0,0,1,13806134
Chennai,4003,3,3,0,8,1,1,0,33011805
Mumbai,4755,3,3,1,25,1,1,1,89559793
Hyderabad,1637,4,4,0,15,1,0,1,16812441
Mumbai,5495,1,4,0,10,0,1,1,100698741
Pune,1689,3,1,1,25,1,0,0,17122750
Bangalore,5298,5,3,0,24,1,1,0,50852501
Bangalore,4596,1,2,0,16,0,0,0,42156265
Delhi,6518,5,4,0,5,0,1,1,89374976
Delhi,3657,4,2,0,14,0,1,0,49498442
Hyderabad,2867,3,2,1,28,1,0,0,26006999
Pune,6020,1,1,0,2,1,1,0,59016593
Chennai,4977,3,1,1,27,0,1,0,38754906
Mumbai,2241,6,2,1,8,1,0,1,45855918
Hyderabad,4188,3,2,0,29,1,1,0,36265323
Delhi,6422,1,2,0,11,0,0,1,84382323
Mumbai,5869,3,2,1,18,1,0,0,108540524
Delhi,6144,3,3,1,17,1,0,1,83389553
Mumbai,4246,2,2,0,15,0,0,0,77256702
Chennai,6174,2,4,0,7,0,1,0,48466969
Hyderabad,1397,1,1,1,18,1,1,1,12980223
Mumbai,4523,1,4,0,4,1,0,0,84196107
Pune,1216,6,1,0,11,0,1,0,14488169
Bangalore,4467,6,1,1,5,0,1,1,43925114
Pune,6950,3,1,0,11,0,1,1,67852168
Pune,4521,5,4,1,25,0,1,0,45859589
Bangalore,3715,1,1,0,14,0,0,0,33914905
Pune,890,3,2,1,29,0,1,0,10295571
Mumbai,4384,5,2,1,9,0,0,0,82310987
Mumbai,2199,2,3,1,16,0,0,0,41226834
Mumbai,3537,6,3,1,6,1,1,1,70083051
Bangalore,6941,1,3,1,26,0,1,0,63949552
Pune,732,3,2,0,6,0,1,0,9863598
Bangalore,2426,2,4,0,20,0,0,0,22634720
Mumbai,6914,4,3,1,24,1,0,0,127429675
Pune,3631,2,2,1,10,1,1,0,37869772
Pune,5915,3,1,1,1,0,1,1,58680372
Delhi,3806,6,4,1,20,0,0,0,52669912
Delhi,3224,5,4,1,1,1,0,0,47038364
Chennai,5301,4,2,0,13,0,1,1,42284021
Hyderabad,733,4,2,1,17,1,1,0,9792902
Delhi,1891,6,1,0,15,0,1,0,27308722
Bangalore,3392,4,1,1,27,0,0,0,32192598
Delhi,1755,1,1,1,10,1,0,1,24859834
Chennai,6492,3,4,0,8,1,1,1,52569388
Pune,3038,4,4,1,6,1,0,1,33268751
Chennai,4190,2,3,1,3,1,0,0,34214730
Pune,1389,5,3,0,15,1,0,0,16756562
Pune,5187,3,3,0,13,1,1,0,51763570
Hyderabad,1245,6,4,1,10,1,1,0,16082346
Delhi,2219,2,1,0,29,1,1,1,30740891
Bangalore,927,1,3,1,7,1,0,1,11296753
Bangalore,1231,4,1,0,10,0,0,0,12484822
Mumbai,1299,2,1,1,26,0,1,1,25214495
Pune,4797,3,1,0,28,0,1,0,46883415
Bangalore,6789,2,3,1,19,0,0,0,62506695
Hyderabad,1335,1,3,0,16,0,1,1,12783759
Pune,634,5,1,0,27,1,0,1,9113635
Hyderabad,5883,4,3,1,29,0,1,1,51037232
Bangalore,6707,3,2,1,25,0,1,0,62003068
Bangalore,3038,4,3,1,29,0,1,0,29311501
Mumbai,4218,4,1,0,18,1,0,1,78663063
Bangalore,540,6,1,1,9,1,1,1,10015193
Pune,3867,4,4,1,11,1,1,1,41480187
Pune,5508,2,4,0,0,0,1,1,56233676
Pune,6325,2,1,0,1,0,0,1,62080488
Mumbai,5570,5,2,1,17,0,0,0,102329088
Mumbai,5729,1,4,1,6,0,1,0,105035411
Bangalore,2915,3,1,0,15,0,1,1,27730829
Chennai,6055,2,4,0,12,0,1,1,47432816
Chennai,2540,4,4,1,3,1,1,0,23974888
Mumbai,4839,1,1,0,9,1,1,0,88882063
Bangalore,3449,3,3,0,27,1,0,1,33808712
Chennai,4761,3,2,1,8,1,0,0,38770103
Bangalore,5645,3,3,1,17,0,0,1,53850590
Bangalore,3966,3,1,1,8,0,1,0,37456113
Bangalore,6093,5,1,0,21,0,0,0,56646542
Delhi,3588,3,2,1,9,0,1,1,49118915
Pune,5323,1,1,0,7,0,0,1,52261372
Bangalore,1615,2,4,0,22,0,1,0,16469227
Delhi,5078,1,2,0,10,0,0,1,67665860
Mumbai,3090,4,3,0,12,0,1,1,58292535
Chennai,4073,6,2,1,23,1,0,1,34117934
Pune,3478,5,3,0,12,0,0,1,36365288
Chennai,2947,5,1,1,15,1,1,0,25389153
Pune,1730,4,3,0,12,0,1,0,19241162
Chennai,3166,1,3,0,24,0,1,0,24211857
Pune,6744,1,3,1,11,1,1,0,66187433
Chennai,5475,4,2,1,14,0,1,0,43808147
Chennai,5425,6,4,1,28,0,0,0,43374497
Chennai,6620,3,3,1,15,1,0,1,53169310
Chennai,5354,3,2,1,7,0,0,0,42679605
Mumbai,4758,2,2,1,5,1,1,1,89476035
Bangalore,5792,1,4,0,23,0,0,1,52922924
Hyderabad,3094,1,2,1,7,0,0,1,26961010
Delhi,5903,4,1,0,1,1,0,0,79686265
Hyderabad,3930,4,1,0,17,0,0,0,33739865
Hyderabad,3417,3,1,1,10,1,1,1,30975883
Pune,3452,1,4,0,16,0,1,0,34120872
Bangalore,2495,1,2,0,9,0,0,0,23400130
Pune,6530,5,1,1,1,1,0,1,66244410
Bangalore,6152,2,3,1,22,0,0,1,57380024
Bangalore,4391,2,2,0,26,1,0,0,40385805
Chennai,806,3,1,1,18,0,0,0,6968438
Mumbai,1862,6,2,1,19,1,0,0,37057214
Chennai,2602,1,1,0,19,1,1,0,21076972
Mumbai,3530,5,3,1,19,1,0,1,68452620
Pune,832,1,2,1,1,1,0,0,10708625
Mumbai,6770,4,1,1,26,0,0,1,123482972
Pune,3252,3,1,0,5,1,0,1,34053482
Hyderabad,742,6,3,0,16,0,0,1,9894591
Hyderabad,2384,2,3,1,11,0,0,1,21233740
Mumbai,1932,1,1,1,29,0,0,0,34392730
Mumbai,3050,6,1,1,4,1,0,1,59123662
Pune,802,3,4,0,1,1,0,0,11299101
Chennai,4830,2,4,0,8,0,0,0,37861214
Pune,3609,1,2,1,1,0,1,1,36637615
Chennai,2686,5,2,1,21,0,0,1,23209831
Hyderabad,4790,3,4,0,19,1,0,0,41693892
Bangalore,2050,1,1,1,13,1,1,1,20841382
Mumbai,2292,2,3,1,21,1,0,1,43294629
Chennai,1146,2,2,0,14,0,0,0,9387858
Pune,6644,5,1,1,1,1,0,1,68038047
Hyderabad,5156,3,3,1,27,1,0,1,45384778
Chennai,5715,3,3,0,17,1,1,1,46238888
Pune,1212,6,1,1,11,1,0,0,15340310
Mumbai,5008,1,1,0,6,0,0,1,91703770
Mumbai,1037,6,2,0,15,0,0,0,21575276
Delhi,6474,2,4,0,18,0,0,0,85281671
Bangalore,734,2,1,1,2,0,0,1,8690857
Delhi,2896,5,4,1,14,1,1,0,41874979
Hyderabad,6375,5,2,1,14,0,1,1,55852163
Chennai,6489,3,4,1,6,0,0,1,51704668
Hyderabad,2004,6,4,0,7,0,1,0,20579599
Pune,6458,2,3,0,6,0,1,0,64018128
Mumbai,1874,1,2,0,2,0,1,1,36063746
Delhi,5011,4,1,1,18,1,0,0,67886748
Delhi,2409,1,4,0,22,0,0,0,32284789
Delhi,1415,5,2,0,18,1,1,0,22589093
Hyderabad,4458,1,3,1,28,1,1,1,38751294
Mumbai,580,2,3,1,17,1,0,1,13799235
Chennai,2583,6,4,0,29,0,1,1,22988383
Pune,5686,3,4,1,6,0,0,1,57506594
Chennai,3188,6,1,1,18,1,0,1,27736606
Hyderabad,2190,4,2,1,4,0,1,0,21326489
Pune,1256,3,1,0,22,1,0,0,14022797
Delhi,3170,4,1,0,12,1,1,1,44592884
Bangalore,4251,4,3,0,1,0,1,1,42482390
Hyderabad,4052,2,2,0,23,0,1,0,33956396
Hyderabad,967,2,1,0,17,1,0,1,10070187
Mumbai,5761,5,3,0,3,0,1,1,108371877
Chennai,6999,5,4,0,3,1,0,0,56799458
Hyderabad,1994,4,1,0,7,1,1,1,20238816
Hyderabad,6240,6,4,1,10,0,0,1,55827550
Delhi,1519,5,2,1,0,1,1,1,25334850
Delhi,6210,2,1,0,27,0,1,1,81744827
Pune,1401,5,4,1,8,0,0,0,17286172
Bangalore,1172,4,4,1,5,1,0,1,14820991
Mumbai,938,3,2,0,3,0,1,1,20416675
Bangalore,4722,6,3,0,5,1,0,0,47611142
Pune,6848,6,3,0,12,0,1,0,68322174
Delhi,2576,1,1,1,28,1,1,1,34548869
Chennai,944,5,4,1,21,1,0,1,11075460
Delhi,1465,6,3,0,28,1,0,0,21977806
Mumbai,4290,2,1,0,29,0,1,0,77172101
Delhi,963,3,4,1,8,1,1,0,16106908
Mumbai,2698,2,1,0,26,1,1,0,49904447
Mumbai,2787,5,2,0,13,1,1,0,54313992
Mumbai,6909,4,1,1,11,0,0,0,126876776
Pune,4265,1,2,1,3,1,1,0,43542232
Mumbai,3676,1,4,0,7,1,0,0,68600378
Mumbai,4508,3,4,1,16,1,1,1,85353654
Chennai,4004,6,4,1,21,0,0,1,34654343
Bangalore,1412,6,1,0,4,1,1,1,17272424
Hyderabad,996,6,4,0,2,0,0,1,12272204
Bangalore,1963,1,4,0,3,0,1,1,20211437
Mumbai,6367,4,2,0,7,0,0,1,116865969
Chennai,4753,6,4,0,15,0,0,0,38929258
Delhi,4767,2,4,0,10,0,0,1,63910755
Chennai,993,6,4,0,26,1,1,0,11184783
Mumbai,5565,4,3,1,25,1,0,1,103799341
Chennai,5930,3,4,0,26,0,0,1,46802348
Chennai,1926,3,1,1,29,0,1,1,15905408
Mumbai,2192,1,2,0,1,1,1,1,42069171
Pune,2293,4,4,0,7,1,1,1,26808290
Chennai,3223,2,1,0,6,1,0,1,26057274
Hyderabad,1158,4,2,0,0,0,0,1,12305754
Hyderabad,5261,2,2,0,28,1,0,1,44188764
Chennai,4962,2,1,0,1,1,0,0,39348091
Pune,1049,4,1,1,22,0,1,1,11775471
Delhi,1142,5,3,0,26,0,0,1,17238460
Mumbai,6489,4,3,0,12,1,1,1,120948741
Hyderabad,4850,2,4,0,10,1,0,0,43034041
Delhi,707,6,3,1,2,0,1,0,14324460
Chennai,2997,3,1,1,1,1,1,0,25829048
Delhi,4690,3,3,0,15,1,0,0,63531531
Bangalore,2383,1,2,0,0,1,0,0,23013219
Hyderabad,3386,3,1,0,6,1,0,0,30006456
Chennai,977,5,4,0,2,1,1,1,13530105
Mumbai,1261,2,2,0,21,0,1,1,24271688
Pune,689,4,2,1,15,1,0,1,10652188
Chennai,6103,4,2,0,25,1,1,1,48772376
Mumbai,6352,5,1,1,23,0,0,0,116260641
Pune,6155,3,1,1,5,1,0,0,61738183
Pune,1255,2,4,0,13,1,0,1,15459950
Chennai,1946,3,3,1,22,0,0,1,16973870
Delhi,5431,1,3,0,10,0,1,0,71307089
Delhi,2163,3,3,1,21,1,0,0,31136077
Pune,6224,1,3,0,22,0,1,0,59631206
Delhi,2335,4,2,0,20,1,1,1,33860949
Bangalore,4728,2,1,0,24,1,1,0,44627471
Pune,4650,6,3,0,18,0,1,0,47351149
Pune,4560,1,2,1,21,0,1,1,44631247
Mumbai,5105,3,1,1,24,1,0,1,93620382
Delhi,5265,3,1,1,0,1,1,1,72327474
Pune,4112,4,1,0,20,1,0,1,42342997
Bangalore,2189,5,2,0,12,0,0,0,22157024
Mumbai,1816,6,3,1,19,0,0,0,36471829
Chennai,5329,5,1,0,8,1,0,1,43718407
Pune,3686,3,2,0,26,1,1,0,37483001
Bangalore,4520,5,1,1,28,1,1,0,43298088
Hyderabad,6289,6,4,0,10,1,0,1,56513995
Bangalore,4854,6,4,1,0,1,0,1,49110821
Bangalore,1645,2,2,0,12,1,0,0,16761126
Mumbai,4894,5,3,0,19,1,0,1,92387000
Chennai,1060,2,3,1,0,1,0,1,11944025
Hyderabad,2412,3,1,1,2,1,0,0,23118556
Delhi,2364,3,3,1,19,0,1,1,32898258
Delhi,796,3,3,1,16,0,1,0,12380391
Bangalore,2909,4,4,1,4,1,1,1,30719756
Mumbai,3136,5,2,0,5,1,1,0,60594285
Mumbai,1961,1,4,1,16,0,0,1,37455214
Delhi,6770,6,2,0,9,0,1,1,92455234
Hyderabad,4792,1,1,0,10,0,1,0,40143814
Chennai,2768,3,4,1,12,0,0,0,22993929
Hyderabad,1494,5,2,1,28,1,1,1,16391035
Pune,6734,2,3,0,9,1,0,0,66538255
Pune,507,1,2,1,13,0,0,0,5537967
Chennai,3091,3,3,1,27,1,0,1,26540008
Delhi,3015,1,1,0,12,1,0,1,41023774
Chennai,4915,1,3,0,27,1,0,0,37649926
Mumbai,1917,6,2,1,3,0,1,1,38551982
Pune,2816,1,4,0,19,0,0,1,27836793
Bangalore,4432,3,2,0,29,1,1,1,42167796
Bangalore,6294,6,4,0,16,0,0,0,60282475
Delhi,6704,3,2,0,17,0,0,0,88549090
Mumbai,6057,4,2,0,10,0,0,1,111179259
Hyderabad,1787,4,1,0,9,1,1,0,17954314
Mumbai,3344,4,3,0,20,1,0,1,64250699
Bangalore,1618,1,2,0,17,1,1,0,15536541
Bangalore,1052,5,4,0,18,0,1,1,12985994
Pune,1160,3,3,0,8,0,1,0,13443078
Mumbai,1215,4,1,1,4,1,0,0,24693184
Mumbai,4085,5,3,1,0,0,1,0,78316563
Bangalore,4261,4,2,1,4,0,0,1,41327245
Hyderabad,6837,4,4,0,2,0,0,0,59655739
Delhi,3029,5,4,0,0,0,0,1,43825578
Delhi,4470,4,3,0,18,1,0,1,61249582
Mumbai,3907,1,4,0,26,1,0,0,72279843
Delhi,1958,1,2,0,5,0,0,1,26304545
Bangalore,3767,6,4,1,9,1,1,0,39040368
Bangalore,1354,1,4,0,4,1,0,0,15410593
Mumbai,6855,2,4,1,11,1,0,1,126419932
Mumbai,5260,6,2,1,11,0,1,1,99191811
Pune,4037,4,1,1,16,1,1,1,41218850
Mumbai,2397,2,4,0,26,0,0,1,45332435
Hyderabad,6270,3,1,1,1,1,0,1,54284519
Delhi,6864,5,3,0,20,1,1,0,93045879
Mumbai,772,3,3,0,24,1,1,1,16735428
Chennai,5773,2,2,1,26,1,0,1,45617439
Pune,4587,1,2,1,13,0,1,1,44588954
Chennai,1772,4,2,1,11,1,1,1,16975411
Bangalore,4874,6,2,0,27,1,0,0,47579624
Delhi,4519,4,1,0,12,1,1,1,61932633
Mumbai,1315,1,2,1,4,1,1,1,26557622
Chennai,4871,4,1,0,4,1,1,1,40402319
Delhi,5600,5,4,0,16,0,1,1,76859137
Bangalore,1422,5,4,0,4,0,1,0,16171490
Hyderabad,5237,5,3,1,23,0,1,1,47117336
Pune,5100,3,3,1,24,0,0,0,50588241
Delhi,5367,1,1,1,25,1,0,1,71453351
Delhi,1764,5,2,0,18,0,0,0,24696332
Hyderabad,4224,2,3,1,3,0,1,0,37059862
Delhi,3287,5,1,0,6,1,1,0,46704207
Bangalore,3222,6,3,0,22,0,0,1,32627808
Bangalore,5855,3,2,0,16,0,1,1,54984912
Hyderabad,5609,2,1,0,10,1,0,0,47342042
Pune,4723,1,3,1,5,0,1,0,47390713
Mumbai,3050,1,2,1,12,0,1,0,56069795
Chennai,5819,6,1,0,11,0,1,0,46596533
Mumbai,3449,5,1,1,29,0,0,0,63897309
Delhi,6121,2,1,1,24,1,0,1,80709061
Chennai,2173,6,4,1,4,0,0,1,20876219
Hyderabad,5087,2,1,1,23,1,0,0,42759381
Hyderabad,3592,5,3,1,26,1,0,1,33402377
Pune,5853,5,1,1,9,1,1,1,60624995
Chennai,3338,4,1,1,10,1,1,1,29358254
Bangalore,2166,4,1,1,8,0,1,1,23134672
Chennai,5011,5,1,1,25,0,1,1,40670545
Delhi,2695,3,1,1,25,0,0,0,36139343
Bangalore,5565,6,4,1,12,1,0,1,55089053
Hyderabad,6672,4,2,0,2,1,0,1,59012938
Chennai,1884,5,4,0,16,1,1,1,19084406
Mumbai,4903,2,3,1,29,0,0,1,89403105
Pune,4454,6,2,1,29,0,0,1,44762824
Mumbai,6805,4,3,1,17,0,1,1,125307500
Pune,3399,3,1,1,4,0,1,1,35483317
Delhi,560,6,3,0,15,0,0,1,11545114
Mumbai,6768,6,4,0,29,0,0,1,125821038
Chennai,6075,1,4,1,25,1,0,0,47499773
Chennai,6526,2,1,0,22,1,1,0,50176371
Mumbai,4447,3,1,1,15,0,1,1,82225445
Chennai,2790,3,2,0,10,1,1,1,23913536
Delhi,6109,3,4,1,21,0,1,0,81253327
Bangalore,972,2,4,0,3,1,1,1,12609157
Delhi,1458,3,2,0,8,0,1,0,20996419
Pune,1032,1,4,0,14,0,0,0,10837117
Delhi,993,4,2,1,11,0,0,0,15424561
Pune,581,2,4,0,26,1,0,0,7763344
Chennai,5474,3,3,1,15,0,1,1,43520695
Bangalore,6141,5,3,0,3,1,1,0,59376763
Chennai,3470,4,2,0,2,0,0,1,28474271
Hyderabad,511,6,2,1,26,1,0,1,8561067
Chennai,5882,2,1,1,20,1,1,1,46253780
Pune,5044,5,4,1,3,0,1,0,51937487
Chennai,1261,6,3,0,1,0,1,0,14216736
Chennai,3685,5,1,1,18,0,0,0,29639076
Bangalore,525,3,4,1,6,1,1,1,9117840
Chennai,2306,2,3,1,27,0,1,1,19670524
Bangalore,6164,3,4,0,1,0,1,0,59257972
Mumbai,4657,6,2,1,0,1,1,1,89746179
Hyderabad,4824,1,3,1,17,1,0,0,41968335
Bangalore,6434,5,3,0,27,1,0,0,61055148
Pune,5202,1,1,1,7,0,1,1,50731261
Mumbai,5654,6,4,0,7,0,1,1,106034823
Bangalore,6324,3,2,1,27,0,1,0,58756907
Bangalore,6075,4,2,1,9,0,1,0,57371228
Hyderabad,4159,5,4,1,17,1,1,1,38838271
Pune,2025,4,4,1,21,1,1,1,23458819
Delhi,1260,2,2,0,26,1,1,1,17977730
Delhi,1094,5,4,0,27,0,1,1,17489925
Bangalore,6188,1,1,0,10,1,0,0,56851344
Chennai,1555,4,4,0,26,0,0,0,13933626
Pune,2354,6,1,0,22,1,1,0,25200172
Mumbai,3583,2,1,0,0,1,0,0,67232417
Chennai,4416,5,4,1,6,0,0,0,36874737
Chennai,4175,6,3,1,27,1,0,0,34800620
Pune,2548,2,3,1,26,1,0,0,26568257
Bangalore,1958,1,1,0,7,0,1,0,18643759
Bangalore,6457,6,4,1,24,1,1,1,63902342
Bangalore,5755,5,1,0,13,0,1,1,55364272
Bangalore,1719,2,4,0,23,1,1,0,17876675
Delhi,4728,3,4,1,18,1,0,1,64544098
Bangalore,4681,5,2,1,7,0,0,0,45419494
Delhi,1999,5,3,0,18,0,0,0,28077438
Delhi,2330,5,3,0,21,0,0,1,33294741
Bangalore,3895,5,2,0,3,1,1,0,39645138
Hyderabad,1703,3,2,1,22,1,1,1,17533593
Mumbai,4770,6,2,0,23,0,1,0,89030640
Chennai,3310,6,1,0,9,0,0,0,28230428
Delhi,3592,6,1,1,21,0,1,1,50158701
Pune,3544,1,1,0,9,0,1,1,34615004
Pune,6571,3,1,1,3,1,1,0,65200425
Mumbai,5173,3,1,0,7,1,0,1,95778687
Pune,4014,2,3,1,6,0,1,1,40685835
Hyderabad,2298,4,3,0,25,0,1,1,20949725
Pune,6692,6,4,1,14,1,1,1,68771664
Chennai,3075,4,3,0,7,1,1,1,26923841
Chennai,644,2,2,0,28,1,0,0,5382683
Delhi,5357,3,3,1,9,1,1,0,73295177
Bangalore,4426,2,2,1,6,1,0,1,42396569
Hyderabad,1877,5,3,0,29,1,1,1,19392981
Delhi,3646,2,1,0,18,0,1,0,48244911
Hyderabad,2325,2,3,0,2,0,1,1,22148572
Bangalore,5524,5,4,0,8,1,1,1,54870443
Pune,1293,4,1,0,15,0,1,1,14135730
Pune,2101,5,1,0,13,0,0,0,22455131
Bangalore,6256,1,4,0,6,1,1,0,59734863
Delhi,4914,2,3,1,11,1,1,0,67215058
Bangalore,1610,2,3,0,0,0,1,1,17058377
Mumbai,6172,4,4,1,15,1,0,1,115247749
Chennai,4553,3,1,0,2,1,0,0,37200942
Delhi,5293,5,4,0,26,0,1,1,71720959
Hyderabad,4437,3,2,1,0,0,0,1,39186501
Mumbai,4463,1,2,0,5,0,1,1,82265862
Delhi,5442,5,3,1,28,1,0,0,73867340
Bangalore,6397,1,1,0,1,0,1,1,59325114
Bangalore,1282,1,2,0,6,1,0,0,13781974
Bangalore,6685,1,4,0,7,1,0,1,62682287
Bangalore,1616,6,3,0,12,0,0,1,18082426
Hyderabad,2250,5,3,1,28,0,0,1,21078140
Mumbai,3076,5,1,1,15,1,0,0,58440846
Pune,4527,6,2,1,28,1,0,1,46937661
Chennai,3836,4,3,0,21,1,0,1,32181452
Hyderabad,6245,6,4,1,20,1,0,0,55921950
Hyderabad,4887,2,2,0,9,0,1,1,41918581
Pune,5564,3,3,1,3,0,1,1,56124505
Pune,1987,3,3,0,24,0,1,1,20825087
Chennai,4375,1,2,1,23,0,1,0,34154745
Chennai,4131,5,2,1,20,1,1,0,34745612
Pune,6438,5,1,1,12,1,1,0,65122546
Bangalore,4692,1,4,1,16,0,0,1,43997794
Hyderabad,4458,2,1,0,7,0,0,1,37747077
Delhi,5714,3,1,1,7,1,0,0,76572178
Chennai,3897,6,4,1,22,1,1,0,34201772
Chennai,573,4,4,1,6,1,0,0,8882061
Pune,1859,2,1,1,23,0,0,0,17590930
Mumbai,1591,5,2,0,0,0,0,0,31920218
Delhi,5353,1,4,0,14,1,0,0,71833889
Delhi,2441,3,1,0,14,0,1,0,33399961
Chennai,3648,1,2,1,27,1,0,1,28819520
Bangalore,4803,5,3,1,18,0,0,1,46137819
Mumbai,1744,1,2,0,3,1,1,0,33704277
Delhi,1785,6,1,0,26,0,1,1,25800740
Chennai,5005,3,4,0,5,1,1,0,41179839
Delhi,6974,1,2,0,9,0,0,1,91259098
Mumbai,6987,3,2,0,11,1,0,1,128453336
Mumbai,3536,1,2,1,25,1,0,0,64957681
Hyderabad,1270,1,4,1,24,1,1,1,13391568
Pune,2343,3,4,0,3,1,0,1,26149562
Pune,573,6,2,1,5,0,1,1,10428523
Chennai,2160,1,2,1,24,1,1,1,17537156
Mumbai,4849,6,1,0,13,1,1,0,91013924
Hyderabad,1319,2,4,0,29,1,0,0,12121772
Hyderabad,4318,4,2,0,12,0,1,1,38550372
Delhi,5581,2,4,0,24,1,1,1,75364581
Delhi,831,4,4,1,21,0,0,0,13575801
Hyderabad,1921,2,4,1,20,1,1,1,19035510
Delhi,4155,4,1,1,2,1,1,0,57467927
Mumbai,5431,1,3,1,20,1,0,1,99758992
Bangalore,2191,3,4,0,14,1,0,1,23574804
Mumbai,5050,3,4,1,2,0,1,1,94235548
Hyderabad,6525,5,2,0,4,0,1,0,57360126
Hyderabad,5734,4,4,1,12,1,0,1,51019326
Mumbai,4908,5,3,1,25,1,1,0,92530757
Delhi,5613,6,4,0,25,1,1,0,77371983
Delhi,727,6,1,0,14,0,1,0,13103286
Pune,3381,5,2,0,16,1,1,0,35641568
Hyderabad,5453,4,3,1,5,0,0,1,47610098
Chennai,5864,3,1,0,22,0,1,0,45686805
Pune,3365,4,3,1,17,1,1,0,35910021
Delhi,5613,6,2,1,2,0,0,0,76547639
Mumbai,3075,1,4,0,25,1,1,0,57644575
Delhi,5545,5,2,1,8,0,1,1,75592466
Mumbai,5022,5,2,0,7,1,1,0,94487105
Pune,6685,6,4,0,19,1,1,0,67606604
Hyderabad,964,4,1,1,10,1,0,0,10453072
Delhi,6241,5,3,1,27,1,0,0,84275512
Mumbai,777,3,1,1,23,1,1,1,16900817
Hyderabad,4614,5,4,0,10,1,0,0,42032108
Chennai,565,4,3,0,7,0,0,1,7780063
Mumbai,4762,6,4,0,29,0,0,0,88211259
Pune,6204,3,1,1,21,0,1,1,60556716
Chennai,902,3,2,0,29,1,1,0,8802001
Chennai,4483,5,3,1,0,1,0,0,38738637
Bangalore,5004,4,4,0,1,1,0,0,48746618
Delhi,6755,5,3,0,19,1,0,0,91100478
Mumbai,3978,1,3,1,3,1,0,1,75072889
Chennai,3944,6,1,1,1,1,0,0,34389794
Bangalore,5192,1,2,1,24,0,0,1,47272776
Pune,5658,3,3,0,1,1,0,0,56973161
Hyderabad,6748,5,1,1,12,1,1,0,59758956
Mumbai,4919,1,3,1,28,1,1,1,90274680
Chennai,6578,2,2,1,21,1,1,0,51109909
Delhi,3539,1,3,1,20,1,1,1,49225853
Bangalore,1937,5,2,0,19,0,0,0,20021240
Chennai,928,5,1,0,5,1,1,0,10536677
Delhi,3182,6,1,1,3,1,0,1,45951859
Chennai,3277,1,2,1,24,0,1,0,25747008
Mumbai,5680,5,2,0,26,0,1,1,104760851
Mumbai,6231,5,1,1,25,1,0,0,114297101
Mumbai,3878,6,2,1,14,0,0,0,72647489
Pune,5973,6,2,1,22,0,1,1,60247773
Pune,892,6,4,0,2,1,1,0,13898463
Bangalore,6847,6,3,0,27,0,1,0,64407202
Mumbai,6901,2,1,0,25,1,1,1,125663683
Delhi,6136,3,1,1,3,0,1,1,82020959
Chennai,5041,5,4,1,16,1,0,0,42721686
Hyderabad,5799,4,2,1,5,1,0,1,51955027
Delhi,5619,6,2,0,1,0,0,1,77334461
Pune,841,3,2,0,19,0,0,1,9745205
Pune,632,6,1,1,12,1,0,0,9592882
Delhi,6455,3,4,1,14,1,0,0,87223547
Pune,6896,4,3,1,4,0,1,0,69432013
Mumbai,764,1,4,1,27,1,0,1,16105966
Bangalore,4688,2,1,1,23,0,1,0,43313214
Chennai,2185,5,3,0,18,0,1,0,18768054
Bangalore,1934,1,2,0,5,0,1,0,19229624
Chennai,6781,4,4,0,16,1,1,0,54993048
Chennai,5827,2,4,0,24,1,1,0,45813950
Bangalore,5597,2,1,1,27,0,1,1,51610485
Delhi,2160,2,4,0,0,0,1,1,31340366
Chennai,4317,4,3,0,1,1,1,1,37297592
Bangalore,6192,6,4,1,0,1,0,0,61368689
Chennai,2854,6,1,0,7,1,0,1,25168011
Hyderabad,765,6,4,1,28,0,1,0,9225175
Delhi,5241,1,3,0,3,0,1,1,70475009
Mumbai,6961,5,3,1,17,1,0,0,128708837
Chennai,1636,2,1,1,22,0,1,0,12826056
Hyderabad,5997,2,2,1,23,0,0,1,50787432
Mumbai,5049,1,1,0,8,1,1,1,92741499
Mumbai,6834,6,2,0,14,0,1,1,127415755
Chennai,6510,2,3,1,15,1,1,1,52206050
Bangalore,6059,2,4,0,20,1,1,0,57027491
Chennai,5806,4,4,1,29,1,1,0,46303056
Hyderabad,5426,3,3,1,2,1,0,0,48353477
Mumbai,1890,1,1,1,0,0,1,1,36360685
Chennai,1612,1,4,1,23,1,1,0,13663279
Bangalore,2734,6,1,1,12,1,0,0,28935388
Chennai,3366,1,4,1,13,1,1,0,28512735
Delhi,6565,6,2,1,5,0,0,0,89464456
Bangalore,3568,4,4,0,4,0,0,1,35620484
Hyderabad,2679,4,2,0,28,0,0,1,24390746
Mumbai,5467,5,4,0,22,0,1,1,102066410
Chennai,1134,6,4,0,4,1,0,1,14487613
Bangalore,4131,4,4,0,26,0,1,0,39549509
Delhi,1899,6,4,0,3,0,1,0,28956051
Bangalore,5286,1,4,1,20,0,1,1,48912411
Pune,3239,5,1,0,11,1,0,1,35157551
Delhi,3670,3,2,1,13,1,0,1,51609404
Hyderabad,2365,2,2,0,26,1,1,0,20601396
Mumbai,5653,2,4,1,22,1,1,1,104394025
Hyderabad,2455,5,1,0,13,0,0,0,22602740
Chennai,5177,6,1,0,10,0,1,0,41558361
Bangalore,2718,6,3,0,21,0,0,1,28631379
Pune,1889,6,3,0,9,0,1,1,21879086
Delhi,5379,3,1,0,9,0,0,1,71681247
Delhi,3630,2,3,1,28,1,0,1,49299199
Bangalore,4776,5,2,1,27,0,0,1,45522762
Pune,4614,6,1,0,29,1,0,1,47414060
Bangalore,1749,4,3,1,26,1,1,0,19014087
Chennai,3666,1,1,1,8,1,0,1,29089615
Hyderabad,6212,3,3,1,25,0,1,1,52828392
Delhi,6818,6,1,1,1,0,0,0,92113836
Chennai,1745,2,4,0,13,1,0,0,15509059
Hyderabad,6234,1,2,0,6,0,1,0,53038197
Chennai,553,5,3,1,16,0,0,1,7314181
Pune,3410,6,4,0,23,0,1,0,36518031
Delhi,6022,2,1,0,19,0,1,0,79453157
Bangalore,2896,1,4,0,7,1,0,1,28841553
Bangalore,942,4,2,0,23,0,1,1,10363926
Hyderabad,5175,3,3,1,19,0,1,0,44097128
Mumbai,4111,5,3,1,3,0,0,1,77503403
Pune,4877,2,1,1,4,1,1,1,49804058
Hyderabad,2907,4,2,0,12,1,1,1,27348358
Mumbai,1322,3,4,1,6,0,0,0,26144976
Chennai,4202,3,1,1,5,0,1,1,34237395
Pune,3439,4,3,1,16,0,0,1,35714209
Chennai,6265,2,4,1,5,0,1,0,49929754
Delhi,5236,3,1,0,18,1,0,0,70350446
Pune,1531,5,4,1,24,1,1,0,19052702
Mumbai,2516,1,4,0,2,1,1,0,47785817
Delhi,1062,5,1,0,8,1,0,1,17244392
Bangalore,3038,6,4,1,20,1,1,1,32399067
Mumbai,840,3,4,0,27,1,0,1,18498885
Hyderabad,5067,1,2,0,25,0,1,1,42821862
Bangalore,6306,4,2,1,14,1,0,1,60413180
Bangalore,4275,1,3,1,7,1,0,1,40754471
Hyderabad,2796,1,2,1,24,1,1,1,24911183
Pune,734,1,1,1,24,0,0,0,6880845
Bangalore,5702,3,4,1,22,1,0,1,54121548
Mumbai,1616,6,3,0,25,1,1,1,33412688
Delhi,2408,6,2,1,14,1,1,0,35909412
Bangalore,1917,2,4,0,0,1,0,1,21701578
Mumbai,5419,6,1,0,7,0,0,0,101100475
Chennai,1791,3,4,1,22,0,0,0,14907261
Mumbai,3988,2,1,0,3,0,1,1,74292344
Delhi,5227,4,4,0,21,1,0,0,71472365
Mumbai,4154,4,3,1,9,0,0,1,78008861
Hyderabad,1028,4,3,1,15,0,0,0,11119250
Delhi,3824,4,2,0,17,0,1,0,51805816
Pune,2480,4,2,0,3,0,0,1,26705514
Chennai,6765,5,4,0,7,0,0,1,54602386
Hyderabad,3439,3,4,0,3,1,1,0,32267776
Pune,6653,2,2,0,9,1,0,0,64743466
Mumbai,5935,4,2,1,19,1,1,1,110915038
Delhi,5892,5,4,1,29,1,0,1,81139666
Chennai,1829,6,4,1,3,1,1,0,19923387
Hyderabad,1733,5,4,1,15,1,1,1,19847626
Pune,6577,5,3,0,29,0,0,0,64373518
Pune,2253,3,1,1,11,0,0,1,23190936
Chennai,3300,4,1,1,9,1,1,1,28563560
Mumbai,3433,5,2,0,24,1,1,0,65110405
Chennai,3259,5,3,0,10,1,0,1,28323820
Pune,3275,4,4,0,1,1,0,0,35458820
Bangalore,6544,3,4,1,15,0,1,0,61847778
Hyderabad,3987,5,2,1,22,0,0,0,34882806
Chennai,6723,2,2,0,18,1,0,0,51619796
Pune,4350,1,3,0,11,1,0,1,43789133
Mumbai,3027,6,1,1,3,1,0,1,59981247
Pune,5497,1,1,0,16,1,1,0,53365987
Mumbai,1390,1,4,0,11,1,0,1,27676261
Chennai,6166,3,2,0,15,1,0,1,48867099
Mumbai,6420,5,3,1,2,0,1,1,119623691
Delhi,2565,1,4,1,1,0,1,1,36496705
Delhi,1688,1,1,1,25,0,0,1,22269115
Delhi,6144,6,1,0,6,0,0,1,82988528
Bangalore,4797,4,3,0,5,1,1,0,47768494
Chennai,1240,5,4,1,0,0,0,1,13367193
Pune,1869,5,3,0,14,0,1,1,21932584
Pune,1889,6,4,0,26,1,0,0,21525150
Bangalore,2500,4,1,1,11,0,0,0,24845890
Mumbai,1971,5,2,0,12,0,0,0,38763430
Bangalore,2036,2,2,0,7,0,0,1,20518102
Mumbai,818,6,1,0,8,1,0,0,18557732
Mumbai,2764,3,2,0,0,1,0,0,53282124
Hyderabad,5653,4,2,1,4,1,1,1,51457584
Pune,2394,6,4,0,6,1,0,0,27441639
Delhi,6909,1,3,1,17,0,0,1,90941654
Mumbai,4211,5,4,1,21,1,0,1,80394273
Hyderabad,5319,2,3,1,7,1,0,1,46518454
Pune,3322,2,3,1,23,1,1,1,33847915
Delhi,6296,3,2,0,25,0,1,1,84244046
Mumbai,5008,6,3,0,9,0,0,1,93763161
Mumbai,1775,2,3,1,28,0,0,1,32862907
Bangalore,3583,6,1,1,7,0,1,1,36571288
Bangalore,900,5,3,1,11,1,0,0,12803740
Pune,6435,5,1,1,15,0,0,0,63533922
Delhi,1223,2,4,0,11,1,1,1,19455426
Mumbai,2829,5,2,1,21,0,1,1,54530344
Pune,1635,6,3,1,21,1,0,1,19882898
Pune,3270,5,1,0,26,0,0,1,32558488
Chennai,5346,1,4,1,2,0,1,1,42348305
Bangalore,767,6,4,0,17,0,1,0,11458829
Delhi,6941,4,4,0,4,0,0,0,93184807
Mumbai,5936,5,1,0,13,1,0,1,110021981
Pune,1069,5,1,1,24,0,1,0,11771245
Mumbai,3056,6,2,0,19,1,0,0,58568545
Chennai,2473,3,3,0,20,1,1,1,21219562
Delhi,1045,4,4,1,15,0,1,1,16777545
Pune,3322,4,2,1,21,0,1,1,34732117
Mumbai,4960,4,1,1,26,0,0,0,90722841
Bangalore,5142,2,2,1,5,0,1,1,48479387
Chennai,770,1,4,0,15,1,1,1,8011217
Delhi,1238,1,4,1,19,1,0,1,18651491
Chennai,1757,3,2,0,13,0,1,0,15222724
Bangalore,558,4,4,0,19,1,1,0,8617951
Delhi,5870,4,1,1,23,0,0,1,77635686
Chennai,6466,5,4,1,4,1,1,1,53862392
Hyderabad,4681,6,3,1,13,0,0,0,42540560
Bangalore,5358,2,3,1,29,1,0,0,50015583
Bangalore,889,2,4,0,10,0,1,1,10832295
Bangalore,5799,3,2,1,20,0,1,1,53879625
Hyderabad,1218,1,4,0,8,0,1,0,11649778
Hyderabad,4744,4,3,0,19,0,1,0,40792626
Mumbai,5178,6,1,1,6,1,1,0,98237859
Pune,620,3,3,1,4,0,0,0,8153866
Chennai,3152,2,4,1,28,0,0,0,24849754
Mumbai,2803,2,4,0,14,1,1,1,54109884
Chennai,5361,2,2,0,24,1,1,1,42377772
Pune,3411,4,4,0,12,0,0,1,36295249
Hyderabad,1299,4,4,1,11,1,1,0,14919379
Pune,3880,4,1,1,23,1,1,1,40035627
Hyderabad,2606,5,1,1,14,0,1,1,24236691
Pune,5617,1,1,1,23,0,0,1,54414567
Mumbai,6065,2,2,1,25,0,0,1,109711171
Delhi,1609,2,2,1,25,0,0,0,21577588
Mumbai,1750,5,3,1,18,0,0,1,35060065
Chennai,3140,2,2,0,24,1,1,0,24997286
Mumbai,2149,2,1,0,23,1,1,1,40834513
Bangalore,6411,4,2,0,18,0,1,0,59223991
Chennai,1845,4,4,0,9,0,0,1,17061311
Pune,3456,1,2,1,16,0,1,1,34503825
Chennai,5937,2,4,1,15,0,0,0,46129920
Delhi,2946,3,3,1,4,1,1,0,41478491
Hyderabad,6328,2,4,0,28,1,0,0,53434459
Pune,5494,2,1,1,3,0,1,0,53736571
Chennai,3864,1,3,0,23,1,1,1,31334463
Pune,6936,3,3,0,21,1,1,1,68594480
Pune,984,2,3,0,9,0,1,0,11128180
Pune,1302,6,1,1,20,0,1,1,16412806
Hyderabad,2215,6,4,1,24,1,1,1,22764676
Mumbai,2415,3,3,0,5,1,1,1,47246404
Pune,3983,6,1,0,29,1,1,0,40683973
Bangalore,2257,4,3,1,28,1,1,1,24212555
Delhi,2309,4,3,0,10,0,0,1,33382869
Hyderabad,6887,3,1,1,10,1,0,0,58588796
Chennai,6039,2,2,0,26,0,0,0,46356963
Hyderabad,6548,3,3,1,15,1,0,1,56889146
Chennai,3507,6,2,0,13,1,0,1,31086238
Hyderabad,3725,3,3,1,26,0,0,0,31711421
Chennai,3995,6,2,0,18,0,1,1,33043021
Pune,2820,4,4,1,21,1,1,0,30078626
Mumbai,2170,3,2,0,27,1,0,1,40618370
Chennai,6444,5,2,1,26,0,0,0,50178825
Chennai,5115,6,2,0,27,1,1,0,42374367
Bangalore,1651,5,2,0,3,0,1,1,18453626
Chennai,5992,4,4,0,4,0,1,0,47964631
Bangalore,6802,2,1,0,21,1,1,1,62609295
Delhi,5247,6,2,0,24,1,0,1,71928170
Pune,2723,2,1,0,18,0,0,1,27130852
Bangalore,6546,4,3,1,16,0,1,1,62832018
Mumbai,3167,2,1,1,17,0,0,1,58191600
Pune,710,6,2,0,7,0,0,0,10715579
Bangalore,2994,1,1,1,3,0,1,1,28509782
Pune,5181,6,4,0,22,0,1,1,53996175
Pune,4762,6,4,0,17,1,1,1,50121672
Pune,3007,5,2,1,27,1,1,0,31544620
Delhi,3463,1,1,0,10,0,0,0,44896573
Mumbai,3928,1,3,0,25,1,1,0,72494008
Hyderabad,3875,1,4,1,13,0,1,0,33149400
Hyderabad,5852,6,2,0,12,0,0,1,51288462
Bangalore,4455,4,4,0,23,0,1,1,42638606
Pune,5801,1,2,1,25,1,1,0,57111188
Bangalore,4205,3,1,1,15,1,0,0,39526739
Delhi,3905,2,1,0,27,0,1,0,51048221
Delhi,6334,4,1,0,29,0,1,0,83655856
Chennai,4538,3,1,0,11,1,0,1,36383440
Delhi,1552,6,1,0,8,1,1,0,24247437
Chennai,1213,6,2,0,6,0,1,1,13518362
Mumbai,3388,3,4,0,9,0,0,1,63913795
Bangalore,1187,5,3,0,28,1,0,0,13357404
Mumbai,829,5,4,1,26,1,1,1,19642593
Delhi,2246,3,1,0,16,0,1,1,30863389
Mumbai,1707,5,4,0,17,0,1,0,33658790
Mumbai,2642,2,4,1,24,0,1,1,49883172
Mumbai,1284,2,2,0,25,0,0,0,23148207
Delhi,3196,6,3,0,6,0,0,0,45191213
Pune,4320,5,3,1,26,0,0,0,43874086
Mumbai,6996,1,1,0,2,1,1,1,127937163
Chennai,5536,3,2,1,14,1,0,1,44746861
Delhi,5884,2,2,1,15,1,1,0,78646434
Mumbai,4218,5,2,1,20,0,1,0,79308319
Pune,6275,5,2,1,16,0,0,1,63139749
Delhi,3193,2,2,1,12,1,0,1,44084259
Hyderabad,1125,2,3,1,25,1,0,0,10506356
Pune,4734,1,3,1,2,0,1,1,47077068
Chennai,4208,5,4,0,26,1,0,1,35054434
Mumbai,1261,5,3,1,19,1,1,1,27793556
Hyderabad,6429,4,2,1,19,0,0,1,54843742
Hyderabad,4479,6,4,0,22,1,1,1,41851135
Delhi,6898,1,3,0,4,1,0,0,91984820
Hyderabad,4029,2,4,1,8,1,1,0,36661312
Chennai,2055,2,3,1,22,0,1,0,17389470
Chennai,4133,3,1,1,17,0,0,0,32433831
Bangalore,1175,6,3,1,28,1,1,0,15170176
Chennai,4687,2,4,0,10,1,0,0,38344161
Pune,5688,5,1,0,10,0,1,1,57569534
Hyderabad,536,2,2,1,15,0,0,1,6060414
Chennai,4336,5,4,0,7,0,0,0,35971294
Delhi,2287,5,2,0,26,0,1,1,32825127
Bangalore,6783,1,2,0,1,0,0,0,62747625
Hyderabad,3227,2,4,0,22,1,1,0,29206972
Bangalore,5797,1,2,1,20,0,1,0,53543428
Hyderabad,4380,6,4,0,9,1,0,1,41441868
Delhi,6432,5,4,0,5,1,0,1,88905798
Bangalore,2394,6,3,1,26,0,1,1,25579586
Mumbai,636,2,1,0,3,0,1,1,12939621
Pune,6833,6,2,1,20,0,1,0,68867120
Pune,6259,6,2,1,27,1,1,1,63392179
Hyderabad,6985,2,1,0,4,0,1,1,58957971
Mumbai,6178,1,1,0,22,1,0,1,111726595
Bangalore,3576,1,1,1,10,0,0,0,32280066
Mumbai,5567,5,1,0,11,1,1,0,103316024
Mumbai,4383,5,1,1,15,1,1,1,83482847
Bangalore,1161,2,3,1,19,0,1,1,12420769
Delhi,6886,2,4,0,20,0,0,1,91040767
Mumbai,2310,4,1,1,13,1,0,0,44910683
Mumbai,914,4,3,1,13,1,0,1,21168969
Delhi,842,3,1,0,19,0,1,0,12133644
Mumbai,3229,5,1,0,19,1,0,0,61294975
Mumbai,3950,6,2,1,14,1,0,1,76309867
Mumbai,4165,3,2,0,7,0,0,0,77470727
Pune,4237,3,2,1,26,0,0,1,41325111
Chennai,4397,1,2,0,4,1,1,1,35375961
Delhi,4741,6,4,1,28,1,1,1,66051343
Mumbai,4918,1,4,0,8,0,0,1,90969180
Pune,2669,4,2,0,20,0,0,0,26965924
Delhi,5871,3,2,0,15,0,1,1,78436323
Hyderabad,2378,4,1,0,23,1,1,1,22292874
Hyderabad,4470,6,1,0,2,0,0,0,40297839
Mumbai,6954,6,2,1,11,1,0,0,128778617
Pune,5196,5,2,1,6,0,0,1,52575502
Pune,5070,2,2,0,16,0,1,0,48942579
Delhi,3117,1,1,1,14,1,0,1,42188867
Delhi,2015,5,2,0,14,0,1,1,29107356
Pune,1074,5,2,1,11,1,0,1,13876278
Delhi,4942,1,4,1,20,0,0,0,65044657
Pune,3367,1,4,1,1,0,1,1,35478292
Chennai,6106,6,1,0,7,0,0,0,49119028
Pune,4044,6,4,0,27,0,0,0,41721216
Hyderabad,4977,3,1,1,21,0,0,1,42214227
Delhi,5899,4,3,1,4,1,0,1,81473779
Pune,571,6,2,1,29,1,0,1,9508869
Pune,3068,5,1,1,2,1,1,0,32775866
Delhi,3937,3,4,0,29,0,0,0,53307096
Chennai,3480,3,3,0,28,0,1,1,27684723
Chennai,1617,5,4,1,0,0,1,0,17132726
Delhi,5992,6,1,0,29,0,1,0,79702626
Bangalore,2886,5,3,1,15,1,1,0,29845585
Delhi,4008,2,4,0,9,1,0,1,56041767
Delhi,1859,6,3,1,25,0,1,1,28758677
Chennai,5259,4,2,0,9,1,1,0,42396118
Chennai,2015,5,2,1,29,0,1,0,17825157
Delhi,6487,6,3,0,10,0,1,1,88584270
Delhi,539,1,4,1,25,0,1,0,8731094
Delhi,1882,2,4,0,11,1,1,0,27516680
Chennai,2530,4,4,1,7,0,1,1,23432609
Delhi,3121,6,2,1,26,1,0,1,44630215
Delhi,5873,1,1,0,4,1,0,1,78460587
Mumbai,5561,6,1,0,8,0,0,0,103264413
Bangalore,2400,1,3,0,10,1,1,1,23820346
Hyderabad,2717,4,4,1,14,0,0,0,25844986
Bangalore,5296,2,3,1,22,1,1,1,51074434
Mumbai,5106,1,1,1,16,0,0,1,92741588
Hyderabad,1783,3,1,0,10,0,0,1,15905344
Delhi,1083,4,4,1,12,0,0,1,17351395
Mumbai,5579,4,3,0,16,0,0,1,102571677
Delhi,958,5,4,1,22,0,1,1,16744999
Chennai,6501,2,1,1,26,1,0,0,50638767
Pune,6984,3,1,1,6,0,1,1,69665202
Mumbai,6700,3,4,0,8,0,0,0,122691849
Chennai,2765,5,3,1,17,1,0,1,24643544
Mumbai,3166,1,2,1,22,0,1,0,57707874
Mumbai,1315,1,4,0,17,0,1,0,25708547
Chennai,3011,3,1,1,29,1,1,0,23911900
Hyderabad,746,2,2,0,9,0,1,1,8042618
Bangalore,5325,1,4,1,11,1,1,0,50716960
Delhi,916,4,2,1,25,1,0,1,15577165
Mumbai,5650,6,4,0,17,1,1,0,106180815
Delhi,4963,5,1,1,20,0,1,1,67435736
Pune,4217,2,4,0,8,1,1,0,42955207
Chennai,607,1,2,0,8,0,1,0,5274143
Delhi,3131,6,3,1,9,1,1,1,45771266
Chennai,1338,3,1,1,0,1,1,0,13655987
Delhi,5013,5,1,1,10,1,0,0,68240197
Bangalore,6239,1,2,1,13,0,1,0,57477170
Bangalore,5416,3,4,1,22,1,1,0,52178289
Bangalore,1921,1,4,0,25,0,0,1,18508272
Bangalore,5278,5,4,0,29,1,0,0,50763019
Bangalore,4412,4,1,0,9,1,0,1,43158631
Bangalore,755,4,1,0,27,0,0,1,8039852
Chennai,3327,6,2,0,13,1,0,0,28703309
Mumbai,1337,3,4,1,18,1,0,0,26931862
Delhi,3462,4,4,0,25,0,1,1,48503346
Bangalore,2782,5,2,0,9,0,0,0,28375091
Chennai,1052,3,1,1,16,1,1,0,11138092
Chennai,680,1,1,1,1,1,0,1,7878153
Chennai,4752,2,3,1,21,1,0,1,38287050
Mumbai,1977,1,3,1,13,0,0,0,36920455
Delhi,1070,5,4,0,25,0,1,0,16548715
Mumbai,5452,6,1,1,17,1,0,0,101958929
Hyderabad,6380,3,4,0,1,0,0,0,55192484
Chennai,2227,1,1,1,19,0,0,1,17100815
Hyderabad,5643,3,3,1,18,1,0,1,49458558
Pune,6092,4,2,0,23,0,0,0,59063801
Bangalore,6019,2,1,0,7,0,0,1,55580443
Bangalore,1091,5,3,1,5,0,1,1,14906729
Mumbai,6777,1,3,0,19,0,0,1,123647427
Delhi,5016,2,1,1,6,0,0,0,66734250
Hyderabad,2760,5,4,1,24,1,0,1,26653844
Delhi,3447,5,1,0,12,0,0,0,46382169
Mumbai,847,6,3,0,1,0,0,1,19886463
Bangalore,665,4,1,0,21,0,1,1,8188106
Delhi,5532,6,2,1,6,0,0,0,74945430
Delhi,4943,6,4,0,0,1,1,0,69441450
Bangalore,3396,3,1,0,5,1,1,0,33239400
Hyderabad,4993,3,3,1,15,0,0,0,43311932
Bangalore,1082,2,3,0,7,1,0,0,11833580
Delhi,4006,4,4,0,12,0,0,0,54317743
Hyderabad,6196,5,1,0,22,1,1,0,54216324
Hyderabad,4903,4,3,0,17,0,1,1,43442654
Bangalore,3538,4,4,1,13,0,0,1,35776750
Delhi,3345,2,2,0,17,1,0,1,46430152
Mumbai,3266,3,4,1,28,0,1,0,60590581
Delhi,4694,4,1,1,3,1,1,1,65659210
Chennai,1765,4,1,0,14,0,1,0,15171345
Pune,4753,4,3,1,4,1,0,1,50181583
Mumbai,5149,1,2,0,20,1,0,0,93529022
Hyderabad,5246,4,1,1,13,1,0,0,45846069
Mumbai,3467,4,3,0,15,1,1,0,65599344
Hyderabad,2774,5,4,1,14,0,0,1,26092343
Hyderabad,2970,6,4,1,10,0,0,1,29491050
Mumbai,2790,1,1,1,1,1,1,1,53661253
Hyderabad,3077,4,2,1,22,0,0,0,27169187
Hyderabad,4160,6,3,1,23,0,1,1,37871946
Chennai,1568,4,1,1,29,0,0,1,13268554
Delhi,6091,2,3,0,17,1,0,1,82363841
Delhi,6474,2,4,1,3,1,0,1,88670012
Pune,3236,6,3,0,14,0,0,0,33974660
Pune,5329,1,4,1,11,0,0,0,52443519
Chennai,2450,5,2,0,26,1,0,0,21300998
Pune,591,1,2,1,26,0,0,1,6278101
Mumbai,3593,1,4,1,2,0,1,0,67750246
Bangalore,2719,2,1,1,3,0,1,0,26353647
Bangalore,6223,2,4,1,20,1,0,0,57889527
Bangalore,5811,5,3,1,15,1,1,1,57330775
Chennai,5696,4,3,1,5,1,1,0,47256659
Chennai,5900,5,3,1,1,0,0,1,49148887
Hyderabad,1887,4,1,1,25,0,1,0,17852698
Bangalore,4774,6,2,0,21,0,0,1,45955958
Mumbai,2785,6,2,0,8,1,0,0,54324480
Pune,3706,3,3,1,11,1,1,1,39667516
Mumbai,3424,2,1,0,11,1,0,1,64187437
Pune,779,3,3,1,26,0,1,1,10341489
Bangalore,5638,3,2,0,23,1,1,1,54029306
Bangalore,2118,2,4,1,13,0,1,1,22022811
Bangalore,3287,3,3,0,16,0,1,0,31587620
Chennai,870,1,3,0,8,1,1,1,9534983
Pune,6396,4,3,1,11,0,1,0,63364805
Chennai,3683,5,2,0,26,0,1,1,29906364
Chennai,4334,2,1,1,9,1,1,0,34573883
Delhi,2203,1,4,1,10,0,0,0,30346409
Mumbai,2768,6,4,0,1,1,0,0,55067963
Mumbai,803,5,4,1,27,1,1,1,18628800
Hyderabad,4274,5,3,0,15,1,1,0,39518223
Chennai,1848,5,2,0,26,0,1,1,16654261
Pune,6056,3,4,0,0,1,0,1,62144947
Delhi,5789,3,3,0,21,1,1,0,77670397
Delhi,2922,3,1,0,28,1,1,1,39887698
Mumbai,4128,3,3,0,0,0,1,0,77754920
Chennai,2928,1,4,1,21,0,1,1,23797250
Hyderabad,3533,3,4,0,1,0,1,0,31820060
Chennai,6657,2,1,0,11,1,1,1,51860834
Bangalore,1168,5,2,0,26,1,1,0,13153821
Chennai,999,1,1,1,22,1,0,1,9363857
Bangalore,1914,6,1,1,22,0,1,1,20820269
Bangalore,6168,3,4,1,27,1,0,0,57681910
Hyderabad,1029,6,4,0,19,1,1,1,13924768
Pune,6602,5,2,0,17,0,0,1,65186506
Mumbai,4121,1,4,0,11,0,1,1,76676258
Chennai,3956,5,1,1,26,1,0,1,32808010
Bangalore,5815,6,1,1,22,1,0,0,56223232
Chennai,1254,1,2,1,0,1,1,1,12361879
Pune,2847,4,4,0,27,0,0,0,28908476
Mumbai,5410,1,4,0,26,0,1,0,97877844
Pune,1226,3,1,1,10,1,1,1,15623403
Mumbai,5326,6,1,0,1,0,1,1,100054147
Delhi,5423,5,4,1,11,0,0,0,73882924
Mumbai,3149,5,3,1,1,1,0,0,61724017
Hyderabad,5927,5,1,1,16,1,0,1,52922855
Pune,2546,2,1,0,24,0,1,1,25512559
Bangalore,3315,2,1,1,5,0,1,1,31782355
Delhi,1374,3,2,1,15,0,0,0,19299229
Hyderabad,3779,4,4,0,18,0,1,0,33501445
Chennai,3484,2,4,0,27,1,1,1,29180262
Pune,2678,1,4,1,5,0,0,0,27109359
Bangalore,4307,6,1,0,6,1,1,1,44039138
Mumbai,6599,3,4,0,18,0,1,0,120619848
Bangalore,6273,4,4,0,19,1,0,0,59779773
Chennai,1107,1,4,0,25,0,0,0,9446011
Delhi,6669,5,2,1,16,1,0,1,90885581
Delhi,6073,2,2,0,5,1,1,0,81103256
Pune,1134,1,1,1,14,1,1,0,13077909
Delhi,5805,4,4,0,21,0,1,1,79094375
Pune,5079,3,1,0,8,0,0,1,50244151
Pune,3227,1,1,1,1,0,1,0,32504602
Pune,1574,3,1,0,4,0,0,0,16274662
Mumbai,2414,5,1,0,20,1,1,1,47551542
Hyderabad,6648,4,1,1,22,0,1,1,57505480
Pune,1088,4,1,1,4,1,1,0,13568061
Pune,3731,2,2,1,11,1,1,1,38864272
Hyderabad,6851,6,3,0,29,0,1,1,59146747
Bangalore,2804,4,2,0,9,1,1,1,29288326
Pune,5824,1,1,0,3,1,1,1,57188766
Mumbai,4338,1,3,1,11,0,0,0,79547791
Delhi,2473,1,3,0,14,0,1,1,33395167
Delhi,6654,5,4,1,9,1,0,1,92227247
Chennai,5544,4,1,1,27,0,1,1,44062452
Chennai,2555,4,1,1,29,1,0,0,20548171
Delhi,3980,1,2,1,17,0,0,1,53052996
Delhi,2579,2,3,1,23,0,0,0,35368931
Mumbai,6603,2,3,0,4,1,1,1,122520672
Hyderabad,6337,4,1,1,12,0,0,0,53651769
Chennai,3552,4,4,1,3,0,0,0,29763850
Hyderabad,4982,3,1,1,8,0,0,1,42481810
Mumbai,1751,4,3,1,17,1,1,0,35618945
Delhi,6386,1,4,0,2,1,0,1,85873754
Pune,6094,6,4,0,23,0,0,0,61156050
Hyderabad,4295,5,3,0,10,1,0,0,38812532
Delhi,4322,4,1,1,3,1,0,0,60215611
Delhi,4802,4,1,0,8,1,1,1,65580599
Bangalore,3889,1,1,0,25,0,0,0,35198970
Hyderabad,6414,3,2,1,28,0,0,0,54343098
Pune,2280,6,2,1,11,0,0,0,25211464
Hyderabad,3104,4,4,1,25,1,0,1,28979160
Delhi,4188,2,1,1,9,1,0,1,57296875
Pune,6991,2,2,1,9,0,1,0,68115833
Mumbai,5388,2,4,0,8,0,0,0,99009736
Bangalore,6877,5,3,0,9,0,1,1,66202034
Delhi,2224,5,3,0,8,0,0,1,32423265
Chennai,5601,6,1,0,0,1,0,0,45891029
Chennai,3284,4,3,0,21,0,1,1,27627093
Bangalore,5537,4,3,1,15,1,1,1,54390507
Mumbai,5761,4,3,0,25,0,1,1,105666735
Delhi,4219,5,4,0,13,0,0,0,57547501
Hyderabad,6819,6,3,0,12,1,1,0,60746578
Bangalore,2177,4,3,0,5,0,1,0,22445507
Mumbai,948,1,4,0,13,0,0,0,17641534
Hyderabad,5187,3,2,1,7,1,0,0,46166246
Chennai,581,2,4,1,22,1,0,1,6904059
Chennai,6778,2,2,0,22,0,0,1,52138901
Hyderabad,1906,1,4,1,17,1,1,0,18428141
Bangalore,1980,4,1,0,28,1,1,1,20061223
Chennai,1579,6,3,0,27,0,1,1,14870668
Delhi,4098,6,2,1,26,0,0,1,56755006
Pune,5014,5,4,1,19,0,0,1,51247222
Hyderabad,4683,4,2,1,0,1,0,0,42615236
Hyderabad,4180,6,2,0,11,1,0,1,38770135
Chennai,3203,4,3,0,26,0,1,0,26790222
Bangalore,4810,2,2,0,10,0,1,1,45095727
Delhi,4256,2,4,1,12,0,0,1,58012247
Bangalore,2258,5,1,1,22,0,0,1,23184852
Mumbai,3099,2,1,0,3,1,0,0,58457587
Mumbai,6116,4,3,1,24,0,0,0,112610761
Pune,6313,1,4,1,5,1,1,1,63321502
Chennai,3050,5,4,0,21,1,0,1,26899697
Chennai,4353,1,1,1,24,0,1,1,34016952
Chennai,3246,4,4,1,12,1,0,0,28792852
Pune,2792,5,2,0,23,1,0,0,29415362
Mumbai,2001,1,3,0,21,1,0,0,36754210
Bangalore,4904,5,1,0,12,0,0,1,47294726
Pune,730,4,3,1,5,0,0,1,11157044
Pune,4750,6,2,0,21,0,0,0,47926444
Bangalore,1698,5,1,1,3,0,0,0,17638424
Chennai,614,6,4,0,20,0,0,0,7885705
Delhi,1913,4,4,0,2,0,1,1,29528363
Bangalore,4906,5,2,0,24,1,0,1,47165249
Mumbai,1492,5,1,1,29,1,0,1,30083626
Hyderabad,2847,6,3,0,14,1,0,0,27614487
Hyderabad,1541,2,1,0,10,1,1,0,14380639
Pune,511,6,4,1,1,1,1,1,11445389
Hyderabad,6023,6,1,1,26,1,0,1,53486510
Delhi,6875,6,1,0,22,1,0,1,93498819
Chennai,4176,4,4,0,16,1,1,1,35688210
Mumbai,6609,3,4,0,25,0,1,1,121349860
Delhi,5325,6,3,1,27,0,1,1,72383814
Mumbai,5897,5,1,1,22,1,0,0,108714209
Mumbai,5972,1,4,0,1,1,0,0,109958899
Chennai,3565,2,2,0,20,0,1,0,28438204
Pune,2536,6,4,0,0,0,1,0,29308123
Hyderabad,3546,6,3,0,4,0,0,1,32958398
Chennai,2850,2,3,1,26,1,0,0,23737055
Delhi,1040,6,2,1,19,1,0,0,18078680
Pune,3360,5,3,1,16,0,0,0,34943888
Delhi,576,3,1,0,27,1,1,1,9107933
Pune,3567,6,3,0,29,1,0,0,38026841
Delhi,523,2,2,1,0,0,0,0,8717371
Chennai,5634,6,3,0,6,0,1,1,46772098
Pune,1175,4,2,1,28,0,0,1,12830555
Pune,2894,5,3,0,2,1,1,1,32583912
Mumbai,4767,5,4,0,25,0,1,0,88402404
Mumbai,6488,3,2,0,15,0,0,0,118827968
Bangalore,3898,4,3,1,15,0,0,1,38130739
Delhi,3259,4,1,0,11,1,1,0,44960281
Mumbai,988,3,2,0,8,1,1,0,21122636
Bangalore,1985,1,2,1,24,1,0,0,19446849
Mumbai,4159,6,3,0,13,0,0,0,78104728
Delhi,3735,4,4,0,11,1,0,1,52185033
Pune,2919,1,4,1,25,1,1,0,30178610
Hyderabad,3995,1,3,0,26,0,0,1,33661610
Delhi,1256,5,3,1,24,1,1,0,20154667
Chennai,3024,6,1,0,15,1,0,1,27328448
Mumbai,4750,5,3,0,16,1,1,0,88987697
Mumbai,756,2,2,1,11,1,1,0,16230657
Pune,2279,5,3,0,3,1,1,0,26390801
Chennai,5269,4,1,1,16,1,0,1,42646332
Pune,2615,4,3,0,0,1,0,0,29484964
Chennai,6987,6,3,1,29,1,1,1,56415629
Hyderabad,3848,1,2,0,24,0,0,0,31822581
Mumbai,5268,4,4,0,20,0,1,0,97665023
Mumbai,1972,5,3,0,16,0,1,0,38538534
Hyderabad,758,5,1,0,10,0,1,1,9152146
Bangalore,4575,6,3,0,18,0,1,1,45074248
Pune,806,5,3,1,22,0,0,1,10736592
Hyderabad,1618,3,2,0,29,0,0,0,14292082
Pune,3517,6,4,1,17,1,0,0,38752269
Delhi,4841,6,4,1,19,1,0,0,68042345
Mumbai,3280,4,4,0,1,1,1,1,64132140
Pune,2158,6,3,0,8,1,1,1,25409722
Chennai,686,2,2,0,27,1,1,0,6670312
Pune,2297,4,2,1,8,0,0,0,24424647
Delhi,1424,4,3,0,11,0,0,1,21385849
Mumbai,1284,3,2,0,29,1,0,1,24780814
Hyderabad,3944,4,4,0,12,1,1,0,36368587
Delhi,6191,1,2,0,15,1,0,1,82516919
Mumbai,3696,5,3,0,28,0,0,1,69450501
Pune,1860,5,3,0,12,0,0,1,20940283
Bangalore,840,6,1,1,22,1,0,1,11027341
Bangalore,1062,3,1,0,13,0,1,1,11353957
Chennai,5246,5,2,1,6,1,0,0,43069547
Mumbai,3499,1,2,1,1,1,1,0,65757251
Bangalore,1693,3,3,0,11,0,1,1,18672647
Hyderabad,3610,2,1,0,25,1,1,0,31175898
Mumbai,568,5,1,1,27,0,0,1,12918261
Hyderabad,6179,4,4,0,23,1,1,0,53636191
Hyderabad,2928,1,4,0,16,1,1,0,26773452
Bangalore,6700,1,3,0,23,0,0,0,60607148
Mumbai,5896,5,3,0,4,0,1,1,110108505
Pune,5718,6,3,1,28,0,1,0,56942651
Delhi,5511,2,3,1,19,1,0,0,73233495
Bangalore,4098,4,1,1,9,1,0,1,40107555
Bangalore,2872,2,3,0,17,1,0,0,28099119
Pune,5056,2,3,1,2,1,0,0,51188321
Mumbai,6822,5,1,1,12,1,0,1,127202227
Mumbai,1343,4,4,1,12,0,0,0,26858807
Hyderabad,1073,5,3,0,9,0,0,1,12901250
Pune,4714,5,4,0,28,1,1,1,49450055
Pune,3096,6,1,0,1,0,0,1,33790257
Mumbai,5241,1,4,0,26,0,0,1,94861736
Hyderabad,1978,6,1,0,27,1,1,0,19362365
Bangalore,2573,6,3,1,15,0,1,1,27789354
Chennai,2013,5,4,1,3,1,0,0,20690588
Delhi,6627,6,3,0,18,1,1,1,91742382
Bangalore,5627,6,2,0,4,0,0,1,54855234
Mumbai,1468,3,2,1,6,0,1,0,28777732
Delhi,6606,4,4,1,8,1,0,1,91071358
Chennai,6135,1,1,0,4,1,1,1,47932940
Chennai,2696,4,4,0,7,1,0,1,24685554
Hyderabad,2011,1,1,0,1,0,1,1,18131122
Delhi,5644,3,2,1,21,1,1,0,76715870
Hyderabad,1154,5,1,1,23,1,1,1,12752295
Bangalore,6550,1,2,0,24,1,1,0,60226394
Pune,3492,1,4,0,26,1,0,1,34686590
Pune,5150,1,3,1,19,0,0,1,50400617
Pune,5020,3,3,1,19,1,1,0,51010572
Delhi,792,4,3,1,6,0,1,0,13096883
Pune,5804,3,1,0,28,1,1,0,56948846
Bangalore,3101,1,3,0,3,1,1,1,30920381
Hyderabad,5026,6,1,0,20,1,0,1,45047777
Delhi,4912,1,3,0,14,1,0,0,65685948
Hyderabad,4993,6,1,1,17,0,0,1,44653739
Delhi,5943,5,1,1,1,0,0,1,81049920
Hyderabad,2088,3,2,0,26,0,0,0,18122569
Chennai,1095,6,2,0,13,1,0,0,12016351
Hyderabad,3093,3,4,0,9,1,1,0,28897799
Pune,2623,2,2,0,4,0,1,1,27208561
Chennai,2443,4,1,0,11,0,1,0,20070271
Hyderabad,1415,2,2,0,9,0,0,0,12260676
Delhi,4369,6,2,0,25,1,0,1,61132056
Delhi,3294,2,2,0,28,1,0,0,44689894
Delhi,5851,4,1,0,17,0,0,1,78367899
Mumbai,3578,6,1,0,27,0,1,0,66739068
Bangalore,1475,5,4,1,5,0,1,0,17565810
Delhi,1575,5,2,1,27,1,0,1,23957395
Chennai,3489,4,2,1,21,1,0,0,28758980
Delhi,3967,4,1,1,11,1,0,0,54463554
Mumbai,5840,6,4,0,23,1,0,0,109354099
Pune,1951,3,4,1,27,1,1,1,22101530
Chennai,4323,6,1,1,0,0,1,1,36968725
Mumbai,5762,3,2,1,6,0,0,0,105282963
Pune,4432,3,4,1,11,1,1,1,47020093
Chennai,2528,3,4,1,6,0,0,1,21905056
Hyderabad,862,6,2,0,8,1,0,1,11463824
Bangalore,2929,1,4,1,19,0,1,1,28234106
Bangalore,4132,1,2,1,14,0,1,0,37727552
Mumbai,2818,5,4,0,22,0,1,0,53376079
Pune,3585,1,4,1,11,1,1,0,36470177
Bangalore,2845,1,1,0,12,0,1,0,25511268
Pune,4098,3,4,1,21,1,0,1,41960556
Pune,4829,3,2,0,3,0,0,0,48256073
Mumbai,2231,4,4,0,9,0,0,0,43303818
Mumbai,526,3,1,0,27,0,0,0,10088129
Mumbai,6090,6,4,1,23,0,0,0,112690107
Bangalore,592,4,3,1,2,0,1,0,9100018
Mumbai,3164,4,2,0,23,0,0,0,58048723
Bangalore,808,1,3,0,28,1,1,1,9691336
Mumbai,551,3,1,0,4,1,1,1,13958778
Delhi,818,1,3,0,3,1,0,0,12262092
Pune,2492,3,4,0,18,1,0,0,26503976
Mumbai,4776,1,2,0,14,1,0,0,87293748
Chennai,6188,1,3,0,29,1,1,1,48775256
Pune,4391,1,4,0,27,0,0,1,43210844
Pune,5242,6,3,0,25,0,1,0,53632760
Mumbai,4456,5,4,0,22,0,0,0,82377434
Hyderabad,6557,1,4,1,28,1,0,1,56365759
Mumbai,5879,2,3,0,6,1,0,0,108051504
Pune,6840,2,1,1,28,0,1,0,65183216
Chennai,3192,2,2,0,21,0,1,1,24940035
Pune,3518,6,1,1,2,0,1,1,37689299
Chennai,6898,4,3,0,24,0,0,1,54375329
Bangalore,2524,1,4,1,29,1,0,0,24472633
Delhi,4931,2,3,0,26,0,1,1,65176688
Pune,6172,6,4,0,15,1,0,1,63804271
Mumbai,2025,4,4,0,14,1,1,0,40956088
Bangalore,5585,2,1,1,17,0,0,1,52111792
Delhi,1778,3,1,0,2,1,1,1,26316232
Mumbai,1013,5,3,0,13,1,0,1,22689052
Hyderabad,6625,1,2,0,0,0,1,0,55488164
Mumbai,4837,5,1,1,6,1,0,0,90432815
Chennai,6792,5,4,1,1,1,1,1,57421426
Chennai,2233,3,3,0,9,0,1,0,19027271
Hyderabad,3870,3,3,0,23,0,1,0,33939262
Bangalore,4421,3,2,1,24,0,0,0,40625711
Delhi,3000,4,3,1,15,0,1,1,42485145
Mumbai,3964,2,1,0,11,0,0,0,71491613
Chennai,2759,1,4,0,26,1,1,0,22784439
Bangalore,5263,3,3,0,29,0,1,0,49035527
Hyderabad,5189,6,3,1,17,0,1,1,46162555
Pune,6774,1,4,1,5,1,1,0,67208531
Chennai,3159,1,3,0,26,1,0,0,24281178
Hyderabad,755,1,3,1,16,1,0,0,7689206
Mumbai,2002,3,2,1,7,0,1,0,38268263
Delhi,5156,3,1,0,20,0,0,1,68898467
Chennai,2610,2,3,0,8,0,0,0,20895725
Chennai,5930,3,1,0,18,1,1,1,46570340
Mumbai,906,3,2,1,1,0,0,0,19359019
Pune,3349,1,1,1,6,1,0,1,34414384
Bangalore,3676,2,2,0,10,1,0,0,35382387
Delhi,2360,5,1,1,22,1,0,1,34572445
Chennai,6658,3,1,1,12,1,0,1,52154178
Delhi,6306,6,3,1,9,1,1,1,87721829
Chennai,4854,3,1,1,14,1,0,0,39181729
Delhi,1222,5,3,0,20,0,0,1,19276757
Hyderabad,1782,1,3,1,6,1,1,0,16671468
Chennai,1113,2,1,0,27,0,1,1,9125638
Delhi,3831,1,3,1,5,1,1,0,52466949
Bangalore,6290,4,1,0,24,1,0,0,58089630
Hyderabad,3616,3,4,1,11,1,1,1,33411425
Hyderabad,2478,6,3,0,2,1,0,0,25701265
Bangalore,1312,4,4,0,15,1,1,0,16345980
Delhi,2286,3,4,1,19,1,1,1,33580693
Mumbai,830,4,3,1,8,1,0,0,19184993
Bangalore,2712,5,2,0,9,0,1,0,27422439
Delhi,1716,3,2,1,29,1,1,0,25198020
Bangalore,6140,6,4,0,12,0,1,1,60083964
Bangalore,5993,3,4,0,7,1,0,0,56785328
Chennai,4982,4,1,0,25,1,1,1,40751252
Delhi,6114,2,4,0,5,0,0,1,82640277
Mumbai,6413,4,3,1,27,0,0,1,118390338
Chennai,6413,3,2,1,2,1,1,1,51524426
Bangalore,6410,3,2,1,11,0,1,0,60097082
Pune,3837,2,2,1,8,1,1,0,38662196
Bangalore,2875,1,3,1,8,0,1,0,27279960
Bangalore,6111,2,1,0,10,0,1,0,56721064
Delhi,1740,1,3,1,5,0,1,0,24014156
Delhi,819,6,3,1,1,0,0,1,15443545
Chennai,4994,3,2,1,6,0,1,1,40321483
Mumbai,2414,5,3,0,8,1,1,1,49049337
Chennai,4700,5,4,1,24,0,0,0,37635556
Hyderabad,5291,4,3,1,18,0,1,1,46041940
Bangalore,829,2,2,1,17,0,0,0,8595398
Pune,1159,2,2,1,11,1,0,0,12777706
Bangalore,4188,5,3,1,20,1,0,0,40836323
Bangalore,3618,1,4,0,10,0,1,1,35443628
Chennai,5416,2,4,1,9,1,0,1,44076263
Pune,2472,1,2,1,28,1,1,1,25128098
Pune,2293,1,4,1,22,1,0,1,24039322
Pune,6957,1,4,0,2,0,0,1,68278843
Chennai,3718,1,1,1,11,0,0,0,27746615
Bangalore,5057,4,1,1,3,1,1,1,49626856
Chennai,6203,4,4,0,9,1,1,1,51278589
Delhi,3033,5,4,1,1,0,0,1,44201578
Delhi,6271,4,1,0,11,0,1,0,83534552
Chennai,2957,6,1,1,27,1,0,1,25950918
Pune,6670,2,1,0,10,0,0,1,64963274
Bangalore,3600,6,2,0,13,1,1,0,36910231
Chennai,4866,4,2,0,14,0,0,1,38390823
Chennai,3233,2,1,0,13,0,0,0,24808390
Chennai,4980,2,1,1,25,0,1,0,37567161
Hyderabad,4655,1,1,0,28,0,0,1,38112671
Delhi,5726,5,2,0,11,1,0,1,78091214
Pune,719,1,2,1,28,0,1,1,7668819
Mumbai,6060,1,4,1,1,0,0,0,110498608
Pune,3318,6,3,0,22,0,0,1,34531636
Mumbai,2406,4,4,0,1,0,1,0,47483049
Hyderabad,3111,6,3,1,0,0,0,0,29678528
Chennai,6191,4,3,0,19,1,1,1,50046404
Hyderabad,3093,6,3,1,14,1,1,1,31276295
Hyderabad,595,2,4,1,29,0,1,0,7022133
Bangalore,1488,4,2,0,21,1,1,1,16522587
Delhi,1612,4,2,1,9,0,0,0,23233558
Mumbai,6541,6,2,1,25,1,1,1,122691164
Chennai,2778,3,2,0,19,0,0,1,22577757
Mumbai,5563,2,4,1,0,0,0,1,103341977
Pune,6918,2,1,1,0,1,1,1,68408168
Mumbai,745,3,3,0,24,0,1,0,15751166
Pune,2658,6,2,1,0,0,1,0,29625805
Delhi,4829,6,2,1,22,0,0,0,65288666
Pune,3849,2,4,0,10,0,0,0,37996325
Mumbai,3225,6,3,1,27,0,0,0,61317395
Mumbai,5747,5,2,1,27,1,1,0,107427088
Pune,5856,5,1,1,11,1,0,1,59401231
Hyderabad,4577,3,2,1,14,1,1,1,41652532
Delhi,5398,4,3,0,13,1,1,0,73474911
Bangalore,3166,5,1,1,22,0,0,0,29827164
Chennai,3699,6,4,0,0,0,1,0,33039701
Mumbai,3254,3,1,1,0,1,0,0,62145906
Chennai,1917,5,3,0,5,0,0,0,17102205
Bangalore,1154,1,3,1,23,1,0,0,11331091
Chennai,2942,3,1,0,22,0,0,1,23448227
Bangalore,610,2,2,0,21,0,1,1,6832994
Pune,589,5,3,1,25,1,0,0,9439819
Hyderabad,1262,2,1,1,2,1,1,0,12659361
Mumbai,5899,3,3,0,13,1,0,1,109030391
Bangalore,5952,5,2,0,27,1,0,1,57478233
Chennai,3672,2,2,0,26,1,1,1,29059190
Mumbai,2679,4,1,0,22,1,0,1,50279290
Hyderabad,5632,4,4,0,5,1,0,1,51425602
Pune,3004,1,4,0,7,0,0,0,29584149
Mumbai,1964,6,2,1,19,1,1,1,40354336
Bangalore,597,3,4,1,24,1,0,1,8785075
Hyderabad,5739,6,2,0,14,1,0,1,51163707
Chennai,792,6,4,0,16,0,0,1,9897681
Hyderabad,2339,2,2,1,27,0,1,1,20452390
Hyderabad,2234,1,3,0,28,0,1,1,19387928
Delhi,5620,3,1,0,22,1,1,1,75925023
Hyderabad,3119,4,1,1,8,0,1,1,28034287
Hyderabad,6893,6,4,1,15,1,0,1,62287791
Mumbai,5247,2,1,0,25,1,1,1,95687061
Chennai,2696,6,4,1,29,0,1,1,24928999
Mumbai,3966,5,2,0,0,1,1,0,75392390
Mumbai,6687,4,3,1,25,0,1,1,122648816
Bangalore,2406,6,1,0,15,0,0,1,24403922
Mumbai,2221,5,3,0,18,0,0,0,43025192
Delhi,4191,5,1,0,22,0,1,1,57712183
Delhi,5663,2,2,0,8,1,1,1,76116456
Bangalore,6805,2,1,1,29,0,1,1,62106857
Pune,2316,5,1,1,16,0,1,0,24496681
Chennai,752,1,2,1,5,1,0,0,7133165
Chennai,4727,6,4,0,26,1,0,0,39243970
Mumbai,4019,5,4,1,13,0,1,1,77122217
Mumbai,2407,5,2,0,17,0,1,0,46164347
Pune,2410,2,4,0,20,0,1,1,25184913
Mumbai,3021,6,1,1,13,0,1,0,57620408
Chennai,6275,3,3,1,22,1,1,1,50822533
Hyderabad,4349,4,2,0,29,0,1,0,37709242
Delhi,5728,2,1,0,6,1,1,0,77414480
Hyderabad,1558,6,2,1,9,1,0,1,17418225
Hyderabad,4038,6,3,1,15,1,0,1,37695945
Chennai,6521,1,1,1,6,0,0,1,50391314
Hyderabad,2822,4,1,1,27,0,1,1,25577333
Pune,686,2,3,1,19,1,0,1,8710549
Bangalore,1448,2,3,0,27,0,1,0,13861809
Mumbai,2790,3,4,0,5,1,1,1,55260679
Bangalore,4859,1,1,0,26,1,1,1,45040443
Delhi,6593,1,3,1,25,0,0,1,87041202
Mumbai,5117,6,3,0,5,0,0,0,95553939
Hyderabad,6160,6,1,1,6,1,1,1,55302967
Delhi,5378,2,4,1,24,1,0,0,72649437
Mumbai,5130,3,2,1,21,1,0,1,95114398
Pune,709,2,4,0,27,0,0,1,7736940
Pune,2593,5,3,0,25,0,0,1,27729332
Pune,4038,6,2,0,16,0,1,0,41388005
Pune,2063,5,2,0,7,1,1,1,23779420
Hyderabad,525,3,4,1,1,0,0,1,8529237
Bangalore,674,2,2,1,18,1,0,0,7380470
Mumbai,6135,6,3,0,27,1,0,1,115135386
Hyderabad,1834,3,1,0,20,0,1,0,16095064
Pune,821,2,1,1,21,1,0,1,10344684
Bangalore,6198,2,1,0,6,1,1,1,58796800
Delhi,5754,5,4,0,11,1,0,0,79434123
Delhi,4650,4,1,1,19,0,0,1,62263859
Delhi,4547,1,1,0,2,1,1,1,61894905
Pune,6162,6,1,0,24,1,1,1,62627375
Delhi,6205,1,2,0,3,0,1,0,82232888
Chennai,3727,3,2,1,24,1,1,1,31286622
Mumbai,2372,1,2,0,24,0,0,1,42757000
Mumbai,6790,5,3,0,10,0,1,0,125027601
Pune,6104,4,3,1,11,1,1,1,62966147
Chennai,2567,6,3,1,29,1,1,1,24522319
Hyderabad,832,2,1,1,18,0,0,1,8680691
Hyderabad,6174,2,2,1,18,1,1,0,52808665
Delhi,5502,5,3,1,28,1,0,1,75360364
Bangalore,3491,6,4,1,29,1,0,1,35325222
Hyderabad,1410,1,2,1,10,1,1,0,14197912
Bangalore,4996,2,1,0,12,0,0,0,45025455
Mumbai,1449,1,2,1,23,0,1,0,26170215
Bangalore,5925,5,1,1,0,1,0,1,57251615
Mumbai,2575,2,3,1,5,0,0,0,48773039
Chennai,3014,3,1,0,21,0,1,1,23649997
Chennai,3831,4,1,0,24,0,1,1,30585988
Pune,3529,1,4,1,15,1,0,0,35961980
Pune,6506,6,2,1,1,0,1,1,66503558
Delhi,600,1,1,1,13,0,1,0,8365240
Hyderabad,5146,1,4,0,23,0,0,0,42742315
Delhi,2900,1,4,1,22,0,0,0,38451810
Mumbai,3871,5,4,0,17,0,0,0,72456285
Delhi,6301,5,3,0,16,1,1,1,86207568
Bangalore,2843,6,3,1,19,1,0,1,30852000
Mumbai,852,5,1,0,17,0,1,1,18506066
Pune,3455,6,2,1,18,1,0,0,36515110
Chennai,1518,6,3,0,29,0,1,0,14161638
Pune,1679,5,3,0,14,1,1,1,20465862
Hyderabad,5693,2,1,0,1,1,0,0,48847291
Mumbai,4036,5,1,1,29,1,0,1,75270703
Mumbai,4150,2,3,0,24,1,1,0,76477877
Bangalore,3002,3,1,0,3,1,0,0,29128383
Hyderabad,4319,5,4,1,0,1,0,1,41061910
Chennai,1479,3,1,0,7,1,1,1,14208712
Mumbai,5951,5,4,0,19,0,1,1,110601465
Mumbai,5334,3,3,1,13,0,0,0,98707004
Bangalore,1476,4,2,1,25,0,0,1,15031771
Delhi,1871,3,4,1,10,0,0,1,26917201
Chennai,2780,2,2,0,26,0,0,0,21053119
Pune,6397,1,3,0,23,1,0,0,61657325
Hyderabad,6745,6,1,0,23,1,1,0,59178357
Mumbai,5548,3,4,0,24,1,0,0,102008451
Mumbai,5076,1,4,0,13,0,1,0,92643192
Pune,5833,4,3,1,27,1,0,1,59416008
Chennai,607,4,3,0,15,1,0,0,7501272
Delhi,1472,2,1,1,9,0,0,1,21185803
Mumbai,2126,2,2,0,6,0,1,0,40205632
Chennai,1203,3,4,0,15,1,0,0,12630421
Pune,6978,5,2,1,3,1,1,0,70743638
Bangalore,6729,4,4,0,11,1,1,0,64597892
Delhi,1374,1,4,0,11,1,0,1,20690449
Hyderabad,6043,5,1,1,29,0,0,1,51686663
Mumbai,4309,4,4,1,1,0,0,1,81299963
Chennai,2911,3,4,0,5,0,0,0,25010729
Bangalore,2607,4,3,1,19,1,1,1,27941619
Hyderabad,4053,2,1,0,14,1,1,1,35235771
Chennai,1773,1,3,1,14,0,0,1,14983373
Chennai,1059,1,4,0,21,1,1,1,9843494
Hyderabad,616,2,1,1,15,1,0,1,7160745
Bangalore,5469,5,4,1,23,0,1,0,52070269
Pune,5563,2,1,0,2,0,0,0,54691815
Bangalore,3546,1,2,1,0,1,0,0,34839581
Delhi,6164,3,2,1,20,0,1,0,81902704
Mumbai,543,5,1,1,11,1,1,1,13770731
Hyderabad,1008,6,4,0,14,1,1,1,14412302
Pune,6607,4,1,1,18,1,0,1,65713006
Hyderabad,5784,6,4,1,5,1,1,1,52970266
Hyderabad,3939,3,2,1,18,1,0,0,34802340
Bangalore,4428,6,4,0,16,1,0,1,44910674
Mumbai,5911,5,3,0,8,0,0,1,109637539
Delhi,5444,1,2,1,20,0,0,1,72078496
Chennai,6475,1,3,0,12,1,1,1,51574514
Chennai,1416,3,2,1,14,1,0,0,13735190
Hyderabad,3445,6,2,0,15,1,0,1,33149260
Mumbai,1298,5,3,1,12,0,0,0,25927968
Pune,5471,4,1,0,1,1,1,0,55851711
Bangalore,2260,6,4,1,1,0,1,1,25495318
Mumbai,2833,6,2,1,10,0,1,0,54515941
Mumbai,3775,4,4,0,29,1,0,0,70344286
Bangalore,1318,2,2,1,24,0,1,1,12990494
Hyderabad,2668,3,4,1,27,0,1,1,24603700
Mumbai,5540,5,2,1,15,0,0,0,102798368
Chennai,4235,3,1,0,16,1,0,1,34285187
Bangalore,3565,4,2,1,25,0,1,1,34811318
Pune,3759,5,1,1,2,1,1,0,40474210
Delhi,1406,1,2,1,27,0,0,0,18812721
Hyderabad,4608,1,4,0,28,0,1,0,38673396
Bangalore,1102,5,3,1,28,0,0,1,13081503
Delhi,4795,3,2,0,25,0,0,0,63850056
Delhi,3133,3,2,1,26,0,0,1,41924279
Pune,2291,1,1,0,22,1,0,0,22941432
Mumbai,4027,1,4,0,29,1,1,0,74238233
Pune,5043,4,1,0,0,0,0,0,49622224
Mumbai,2311,5,4,1,17,0,0,0,44612207
Mumbai,4411,3,4,0,13,0,1,1,82533764
Bangalore,1340,4,1,0,21,0,1,0,13275153
Bangalore,3642,3,3,0,8,1,1,1,36182771
Hyderabad,5185,1,4,0,27,1,0,1,44133005
Mumbai,5749,5,3,0,8,0,0,1,106702560
Delhi,2590,2,1,0,11,1,0,0,35229306
Chennai,5115,5,3,0,23,0,1,1,41419420
Hyderabad,1536,6,4,0,29,0,1,1,15902981
Bangalore,1224,2,1,0,2,1,0,0,13710832
Pune,1487,4,3,1,1,1,0,0,18502331
Hyderabad,1302,2,1,0,0,0,0,0,12585379
Hyderabad,3082,2,1,0,26,0,1,0,25407628
Hyderabad,6945,4,3,0,26,0,1,1,59228869
Hyderabad,4337,5,4,0,8,1,0,0,39289327
Chennai,1026,4,4,0,12,0,1,0,11443265
Pune,2165,6,4,0,29,1,1,0,25375618
Pune,1638,1,4,0,20,0,1,0,16127310
Pune,959,1,2,1,27,1,1,0,10407335
Mumbai,3052,2,1,1,15,1,0,1,57600482
Delhi,5527,4,1,1,18,1,0,1,75527842
Pune,6582,4,2,0,9,0,1,0,65626691
Hyderabad,4920,4,1,0,25,0,1,0,41594633
Hyderabad,5174,6,1,1,26,0,0,1,45365827
Pune,3308,6,3,1,4,1,1,0,36804553
Pune,3398,5,2,0,13,1,1,1,36805133
Hyderabad,6133,3,1,0,26,1,0,1,51995102
Mumbai,3743,3,1,1,14,1,1,1,70543105
Bangalore,4568,3,2,1,27,1,0,1,43283126
Bangalore,6596,5,2,1,2,1,1,0,64288601
Pune,6977,4,3,1,8,1,1,0,70397117
Chennai,2831,3,3,0,28,0,1,0,22417742
Pune,5070,4,4,1,0,1,1,0,53242745
Pune,5673,2,4,1,0,1,1,0,57273932
Bangalore,6077,3,3,0,18,1,1,1,57747092
Hyderabad,6198,2,1,1,5,1,1,1,53893822
Pune,6039,5,2,1,10,1,1,0,61966414
Hyderabad,4185,1,3,1,29,0,0,1,35158334
Hyderabad,1131,6,4,0,17,1,0,1,13554104
Chennai,5298,5,2,0,13,1,0,1,43706106
Hyderabad,2956,5,4,1,15,1,0,1,28683536
Bangalore,1481,5,1,0,0,0,1,0,15852711
Mumbai,5923,3,1,0,23,1,0,0,107815199
Mumbai,6554,2,4,1,26,1,0,1,120785582
Delhi,5154,6,2,0,9,0,1,1,70511277
Pune,4817,3,4,1,24,1,1,0,48827249
Bangalore,2056,1,2,0,9,1,1,0,19958043
Hyderabad,2705,6,3,1,12,0,1,0,25780704
Mumbai,4943,5,4,0,27,0,1,0,92560321
Bangalore,5778,4,4,0,0,0,0,1,55982467
Mumbai,5484,1,2,1,2,1,1,1,101508367
Hyderabad,4455,2,3,1,13,1,1,1,39457864
Mumbai,1421,1,2,1,20,1,1,0,27634719
Pune,5854,3,2,1,15,1,0,1,58026465
Pune,904,4,4,0,22,1,1,0,11980021
Delhi,5876,3,4,0,25,0,1,1,79478994
Delhi,5272,6,2,1,19,1,0,1,72506344
Mumbai,5184,5,1,0,5,0,0,0,95936395
Bangalore,2120,5,1,1,0,1,1,0,23045583
Pune,3452,1,1,0,19,0,0,1,33050033
Bangalore,3618,5,4,1,23,0,0,1,36061811
Bangalore,2094,5,4,0,4,1,1,1,23656820
Mumbai,1065,6,3,1,7,0,0,0,22850571
Bangalore,5299,2,4,0,11,1,0,0,50535306
Pune,3368,2,3,0,0,1,1,0,34814376
Hyderabad,1357,3,4,1,12,0,0,0,13524995
Delhi,1784,3,1,0,25,0,0,1,24198884
Hyderabad,1084,2,1,0,8,1,1,0,10457108
Bangalore,4827,1,2,1,19,1,1,1,45597068
Hyderabad,6913,2,2,1,24,1,0,0,57932895
Pune,1745,3,3,1,23,1,0,1,19648894
Pune,551,4,3,1,7,0,0,0,7720587
Bangalore,2663,5,2,0,12,1,0,1,28096032
Mumbai,1037,6,3,1,27,0,0,0,21038068
Hyderabad,1040,4,4,1,1,1,1,1,13671374
Mumbai,5638,4,1,1,14,1,0,0,104484823
Mumbai,1314,5,2,0,13,1,0,1,28124203
Chennai,1915,2,2,0,18,0,1,0,16036935
Bangalore,3338,1,4,0,25,0,1,0,31123343
Delhi,2152,4,3,0,8,0,0,1,31745258
Pune,3165,1,2,1,18,1,0,1,32310954
Pune,5014,6,2,0,29,1,1,0,50974500
Bangalore,4562,6,4,0,13,0,0,0,45084477
Delhi,2856,6,1,1,7,1,1,0,41704067
Pune,4310,3,2,1,4,0,1,0,44085193
Bangalore,1363,4,2,0,29,0,1,0,13185070
Pune,685,6,4,1,6,1,1,0,11906484
Mumbai,4856,3,2,0,3,0,0,0,89128115
Hyderabad,2051,6,2,0,7,1,1,1,21765499
Hyderabad,5892,2,1,0,3,1,0,1,50777277
Pune,2707,4,2,1,20,0,1,1,27992586
Chennai,1261,3,4,1,29,1,0,1,11967900
Delhi,4819,6,1,0,0,0,0,0,66040042
Delhi,1779,3,1,0,25,0,1,0,24503408
Delhi,4775,6,1,1,7,0,0,0,64940935
Mumbai,6663,2,3,0,6,1,0,0,122640300
Delhi,6243,1,4,1,10,0,0,0,83397183
Hyderabad,5227,6,3,1,20,1,1,0,46755220
Mumbai,4194,1,2,1,15,0,0,1,76940920
Bangalore,3781,4,1,1,21,1,0,0,36083404
Delhi,2036,2,3,0,16,0,1,0,28454412
Delhi,6701,4,2,1,23,0,1,0,88942801
Bangalore,3664,1,3,1,24,1,0,0,34352472
Delhi,3270,2,1,1,26,0,1,0,42543399
Bangalore,2463,5,2,0,4,0,1,0,24943834
Mumbai,4345,2,1,0,25,1,1,0,79212329
Hyderabad,3935,2,1,0,6,1,0,1,34169530
Bangalore,5210,5,3,0,9,0,1,1,51517698
Chennai,1061,3,4,0,12,0,1,1,11493746
Bangalore,2921,3,2,1,19,1,1,1,29440910
Delhi,5217,3,2,0,14,0,0,0,69239213
Mumbai,2635,1,4,0,5,1,1,1,50796003
Pune,5609,2,2,1,1,1,0,1,56011891
Mumbai,2561,6,3,0,3,0,1,0,49777729
Pune,2680,5,2,0,20,1,0,1,28763598
Bangalore,2460,6,3,1,13,1,1,0,27679598
Hyderabad,4379,1,2,0,24,0,1,1,37182697
Chennai,5653,5,3,0,28,0,0,1,45289358
Mumbai,3779,6,4,1,24,0,0,1,71862930
Delhi,4384,1,2,0,23,0,1,0,58018829
Pune,3770,1,3,0,28,1,1,0,37188963
Delhi,5187,1,1,1,14,1,1,1,69122337
Hyderabad,1082,5,1,0,27,1,0,1,12006649
Pune,2113,6,1,0,13,0,1,0,23566325
Mumbai,1601,6,2,0,3,1,1,0,32981237
Bangalore,788,4,3,0,5,0,1,1,10259587
Delhi,6164,1,1,0,6,1,0,1,82667038
Hyderabad,4359,3,2,1,12,0,1,1,38610712
Mumbai,3560,2,3,0,16,0,0,1,65581636
Mumbai,3426,4,1,1,28,1,0,0,64051503
Mumbai,6039,4,1,0,16,0,1,1,111402802
Mumbai,4602,5,2,0,3,1,0,0,87043779
Pune,1683,4,3,1,18,1,0,0,19090452
Mumbai,4835,6,2,1,25,1,1,0,90783801
Delhi,6582,5,1,1,19,1,1,0,89516733
Hyderabad,1946,5,2,0,12,0,1,0,18545506
Pune,2249,3,2,0,28,1,0,0,22913996
Mumbai,6713,1,1,1,8,1,0,0,122206040
Chennai,2403,4,1,0,1,1,0,0,21677015
Chennai,6859,1,3,0,29,0,1,0,51206599
Hyderabad,3675,1,3,0,19,1,0,1,32349762
Bangalore,1577,1,1,0,22,0,1,0,14722998
Bangalore,2877,5,1,0,17,1,1,1,29348304
Pune,1347,1,4,1,23,1,0,0,15179215
Pune,5907,4,4,0,25,1,0,0,59835863
Pune,6688,5,3,1,19,1,0,1,67311387
Bangalore,3376,4,2,0,24,1,1,0,33233822
Chennai,6841,5,1,0,29,0,0,0,52968401
Bangalore,1739,2,1,0,16,0,1,1,16825641
Delhi,6100,2,2,0,6,1,0,1,82316821
Mumbai,1832,2,3,1,16,1,1,0,36319616
Pune,4006,2,4,0,26,1,0,0,40258844
Chennai,2879,5,3,0,9,0,0,1,25034404
Hyderabad,5291,1,2,1,26,1,1,0,44539977
Hyderabad,4622,3,1,0,24,0,0,0,38369602
Mumbai,3737,6,4,0,13,1,0,0,71307702
Chennai,2865,3,2,0,27,1,1,1,23519111
Bangalore,2912,2,1,1,25,1,0,0,27511772
Bangalore,3674,1,3,0,11,0,0,1,34170800
Delhi,5555,4,4,1,28,1,1,0,75845429
Delhi,6122,1,1,1,25,0,0,0,79066099
Bangalore,6464,4,1,0,11,1,0,0,61001740
Hyderabad,872,3,1,0,16,0,1,1,8562991
Pune,2449,1,1,0,18,0,0,1,24002234
Hyderabad,744,1,1,0,27,1,0,1,7525004
Delhi,2340,6,3,1,22,0,1,0,34017426
Mumbai,6272,3,2,0,13,1,0,0,114687451
Bangalore,3927,1,4,0,28,1,0,1,37772273
Delhi,624,4,3,0,16,1,0,1,11667986
Delhi,5132,1,4,1,14,1,1,1,69378784
Pune,3253,4,1,0,20,0,0,0,31857072
Bangalore,2419,2,2,0,5,1,0,0,23766524
Pune,2135,1,1,0,29,0,1,1,20049801
Bangalore,1925,4,3,0,18,1,1,0,20546510
Pune,2040,3,3,0,28,0,0,0,20353179
Hyderabad,1030,2,4,0,21,1,0,1,10710431
Mumbai,4849,1,1,0,19,0,1,0,88176516
Mumbai,6764,6,1,1,5,1,1,1,126734475
Bangalore,3603,4,2,1,5,1,1,1,36956111
Chennai,5256,6,2,0,3,1,0,1,43946869
Delhi,2301,1,1,0,0,0,1,1,31962298
Delhi,5656,4,4,0,18,1,0,1,77738446
Bangalore,5961,1,2,1,10,1,0,0,55765121
Pune,1536,2,1,0,25,0,0,1,14937768
Chennai,5802,2,1,0,6,0,1,1,44941579
Hyderabad,4228,1,1,1,1,1,1,0,37501711
Pune,6731,1,3,1,3,0,1,0,66278743
Pune,4511,5,4,0,5,0,1,1,47221485
Bangalore,6689,1,1,0,4,1,0,1,62267839
Bangalore,3963,1,1,1,29,0,0,1,36340232
Delhi,1642,6,1,1,21,0,1,1,24314834
Bangalore,6150,6,2,1,20,0,0,0,58525655
Bangalore,2255,2,1,1,8,1,1,1,22912147
Bangalore,6561,6,3,0,10,0,0,1,63167661
Delhi,5340,1,3,0,27,1,0,1,71163030
Hyderabad,2129,3,4,1,28,1,1,1,20280671
Hyderabad,5562,1,1,0,17,0,0,0,45064835
Bangalore,1262,5,1,0,19,1,0,0,14672304
Delhi,5389,4,1,1,16,1,0,1,73515865
Hyderabad,5339,2,3,1,27,1,1,1,46771384
Pune,5665,6,2,1,12,1,0,1,58245004
Hyderabad,4457,3,2,0,22,0,0,0,37553872
Hyderabad,6127,4,1,0,16,1,0,1,52623537
Delhi,1057,3,2,0,21,1,1,0,15595590
Pune,6590,2,4,1,25,1,0,0,64478790
Delhi,5121,6,3,0,9,0,1,1,71164347
Bangalore,1339,5,1,1,28,0,1,0,13945173
Mumbai,502,2,2,0,24,1,0,0,9872934
Hyderabad,1551,3,1,1,17,1,0,1,15168319
Mumbai,1904,3,1,0,16,0,0,1,35315351
Delhi,656,2,3,0,11,0,0,0,9731067
Delhi,2437,1,3,1,14,0,0,0,32771884
Delhi,6550,2,2,1,26,1,0,0,86598294
Mumbai,1010,6,3,0,26,0,1,1,22359841
Delhi,3904,6,4,0,26,0,0,0,53176206
Bangalore,5282,5,1,1,25,1,0,1,50437306
Delhi,1637,2,3,0,28,1,1,0,22890137
Chennai,6008,4,2,0,18,0,0,1,47827790
Mumbai,6106,6,2,1,21,1,0,0,113726674
Chennai,4414,6,2,1,14,1,1,0,37687104
Delhi,3821,6,4,0,12,1,1,1,55821349
Bangalore,5166,1,3,1,6,0,0,1,47914647
Hyderabad,1214,4,3,0,10,1,1,0,13786310
Pune,5934,2,4,0,7,1,1,0,60160493
Pune,2786,1,3,1,19,1,1,0,27928987
Delhi,6946,6,3,0,15,1,1,0,95017796
Bangalore,3154,4,3,0,23,1,0,1,32112775
Mumbai,1490,4,4,0,22,1,1,0,30859996
Chennai,4929,1,4,0,10,1,0,1,39462494
Chennai,2660,6,2,0,23,1,0,1,24414954
Chennai,6240,1,4,1,4,1,1,1,50758075
Mumbai,4957,3,4,1,25,0,0,1,91264468
Pune,6476,6,2,0,6,1,1,1,67200388
Bangalore,2644,1,4,0,15,1,1,1,27023668
Mumbai,6577,2,3,1,29,1,1,0,120566520
Chennai,2563,6,1,0,15,1,1,0,23676602
Delhi,3103,5,2,1,19,1,0,1,43970513
Hyderabad,2477,6,1,1,28,1,0,0,23197329
Mumbai,875,3,1,1,16,0,1,1,17746303
Mumbai,1241,1,2,0,18,1,1,1,24023037
Bangalore,4985,5,1,0,27,1,0,1,47939292
Bangalore,3167,3,1,0,25,0,0,0,29296890
Mumbai,1740,2,2,0,14,0,1,0,32640568
Chennai,3970,6,2,1,24,0,1,0,32801794
Hyderabad,5419,5,3,0,14,1,1,1,48669268
Bangalore,2867,1,2,0,26,1,0,0,27194649
Chennai,2743,1,4,0,19,1,1,1,22752783
Delhi,4049,2,1,1,29,1,1,1,54561109
Bangalore,917,3,2,0,20,1,0,0,10767229
Chennai,1106,5,3,1,14,1,1,1,13795311
Chennai,1067,2,2,0,2,0,1,1,10604753
Hyderabad,1043,3,1,0,11,1,0,1,10648372
Hyderabad,6874,4,2,0,26,1,0,1,59490818
Delhi,1383,4,1,0,5,0,0,1,20541105
Chennai,5298,3,2,0,19,1,0,0,42188117
Pune,1723,1,3,1,4,0,1,1,18451869
Chennai,3393,1,4,0,10,0,0,1,27085012
Hyderabad,6218,4,3,1,22,0,0,0,53216808
Pune,2568,1,2,0,11,0,1,0,25788205
Bangalore,4209,1,1,0,6,1,0,1,40468829
Bangalore,2286,3,3,1,8,1,0,0,23948814
Mumbai,6215,6,4,0,17,1,0,1,117314829
Hyderabad,1957,3,4,1,13,1,1,0,19322774
Mumbai,6179,1,1,1,3,1,0,0,113521473
Pune,2414,3,2,0,7,1,1,0,25495545
Hyderabad,577,5,3,0,15,0,0,1,8582533
Delhi,4113,4,3,0,3,0,1,0,56910209
Chennai,1808,6,1,0,27,0,1,0,16222536
Delhi,1147,5,3,0,18,0,0,0,17367516
Pune,2687,5,1,1,29,0,1,1,27945610
Hyderabad,1052,1,1,1,25,1,0,0,9819493
Pune,5593,1,2,0,5,1,0,0,55566788
Chennai,781,5,1,0,18,0,1,0,8715648
Bangalore,1781,5,3,1,14,0,1,0,19160095
Bangalore,2346,2,1,1,11,1,1,0,23470243
Pune,5979,2,3,1,29,1,1,0,58577530
Mumbai,2987,4,1,0,11,1,1,0,56214705
Hyderabad,6913,5,2,0,1,1,1,1,61933872
Hyderabad,5753,3,2,1,8,1,1,1,51517907
Bangalore,3293,6,1,1,2,0,1,0,33061615
Delhi,4211,2,1,0,0,0,0,1,56634929
Chennai,4699,1,1,1,13,0,0,0,35400207
Delhi,5361,5,2,0,27,1,1,0,72487260
Delhi,6738,3,4,1,27,0,1,0,90180036
Pune,3276,6,1,0,12,0,0,1,34451414
Bangalore,2096,3,4,1,28,0,1,1,21195214
Bangalore,979,3,1,1,24,1,1,1,11508311
Bangalore,3812,1,3,1,4,1,1,0,37466954
Pune,6656,2,2,1,6,1,0,1,65934895
Mumbai,3718,3,4,0,13,1,0,1,71046461
Delhi,2463,6,4,1,15,0,0,0,35293803
Pune,2642,2,2,0,17,0,0,0,25911800
Hyderabad,4398,4,4,1,13,1,1,0,40117792
Chennai,6936,1,1,1,0,1,1,0,54289082
Mumbai,2572,2,4,0,5,1,0,0,49087248
Hyderabad,1795,2,1,1,28,0,0,0,15047254
Delhi,6124,3,4,1,20,1,0,0,82801467
Bangalore,5785,6,3,0,9,0,1,0,56374927
Delhi,1438,3,4,1,5,1,0,1,23300611
Pune,1261,6,4,1,1,1,0,1,18206650
Chennai,5249,1,1,1,6,1,1,0,41506560
Pune,2169,2,2,0,16,0,1,1,22635109
Mumbai,4362,5,3,1,26,1,0,0,81866032
Mumbai,3185,6,2,0,23,0,0,1,60786246
Chennai,4399,6,1,0,13,0,1,1,36062878
Hyderabad,2431,3,3,0,22,1,1,1,23795965
Hyderabad,4439,3,4,0,6,0,0,0,39182070
Mumbai,1626,4,2,1,21,1,1,0,31865777
Mumbai,3797,6,2,1,25,1,0,0,72626459
Bangalore,6521,1,2,0,20,1,0,0,59336588
Hyderabad,5170,2,4,1,8,1,1,0,45388478
Chennai,6937,2,1,1,18,0,0,0,52439688
Hyderabad,5925,2,4,1,29,0,1,1,50110073
Bangalore,5873,6,4,1,24,1,1,1,58078133
Pune,1703,3,1,1,20,1,0,0,18634604
Mumbai,4635,1,1,1,23,0,1,0,84089151
Mumbai,4272,2,4,0,10,0,1,1,79301649
Bangalore,1019,6,1,1,2,0,0,1,12852240
Chennai,6235,5,2,0,22,0,0,1,49793179
Mumbai,2783,4,3,1,25,1,1,0,53885571
Delhi,5058,4,1,0,3,0,0,0,67299944
Mumbai,5847,2,3,1,4,0,0,1,108162137
Delhi,6444,3,2,0,3,1,1,1,87374230
Bangalore,982,4,1,0,12,1,1,1,12167205
Bangalore,2977,4,4,1,8,0,0,1,30360138
Mumbai,3593,4,4,1,27,1,1,1,69020369
Hyderabad,842,4,2,0,22,0,0,1,8955790
Delhi,5792,2,1,1,13,1,0,1,78116739
Chennai,1962,6,4,1,15,0,0,0,19036493
Mumbai,1702,1,1,1,21,1,0,0,31456364
Chennai,2121,1,3,1,5,0,1,1,18868950
Mumbai,6776,3,4,0,26,1,1,1,125883679
Hyderabad,2898,6,2,1,9,0,1,1,28042772
Hyderabad,4096,5,4,1,22,1,1,1,37916382
Hyderabad,6727,1,2,1,20,1,1,1,58025030
Pune,5588,5,2,1,25,1,0,0,55578174
Hyderabad,4035,1,3,0,12,1,0,1,36079773
Bangalore,3377,1,3,1,29,1,0,1,32695832
Bangalore,2890,3,2,1,2,0,1,1,28543153
Pune,3851,4,4,1,26,1,0,1,40131671
Delhi,3413,3,2,0,10,1,1,0,47754353
Chennai,1689,1,1,1,2,0,1,0,13492453
Mumbai,2840,6,1,0,6,0,0,0,54067263
Mumbai,4080,4,4,1,26,1,0,0,76759218
Pune,2103,6,4,1,29,1,1,0,24541793
Bangalore,3797,6,3,0,9,1,1,0,39247118
Mumbai,5789,6,1,0,0,0,0,0,106932998
Bangalore,1097,4,2,1,3,1,1,1,14010986
Delhi,1144,6,2,1,25,0,0,0,16977464
Chennai,5043,4,1,1,29,0,0,0,39501514
Delhi,3402,5,1,1,7,0,1,0,47312978
Pune,1263,1,3,1,19,1,0,0,13816883
Hyderabad,5330,2,1,0,16,1,1,0,45656040
Hyderabad,2142,6,3,1,4,1,1,0,23240237
Hyderabad,2797,3,4,0,16,1,0,1,26713871
Delhi,5196,5,4,0,8,0,0,1,71697436
Mumbai,2672,3,1,1,7,1,1,1,51631126
Chennai,2660,2,1,1,29,0,0,1,21041479
Hyderabad,5576,4,1,0,6,1,1,1,49765424
Pune,6378,2,1,0,4,0,1,0,61849488
Pune,4249,3,2,1,3,1,0,1,44379216
Hyderabad,6793,2,2,0,22,1,0,0,57289868
Hyderabad,3422,1,4,0,2,0,0,1,29819716
Chennai,6986,2,2,0,7,1,0,1,54995209
Hyderabad,1079,6,1,1,4,1,0,1,14112845
Chennai,4304,1,3,1,4,0,0,1,34871830
Pune,5378,6,4,0,16,0,1,1,55853810
Hyderabad,2868,2,1,0,28,0,1,1,24701930
Delhi,4432,1,2,1,14,0,1,0,58666273
Delhi,5127,1,3,1,25,1,0,1,69300912
Pune,3860,2,3,0,26,1,0,1,39004274
Chennai,6108,5,2,1,7,0,0,1,49442229
Delhi,5207,4,1,1,6,1,1,1,71344823
Chennai,6895,4,3,1,16,1,0,0,55389834
Delhi,6601,4,3,1,11,0,0,0,88182071
Delhi,1600,1,2,1,27,0,0,1,21820825
Chennai,2170,4,3,0,3,1,1,1,21000287
Mumbai,6011,1,3,0,19,1,1,0,109426506
Delhi,6031,5,3,1,27,0,1,1,82047590
Hyderabad,2720,2,4,1,24,0,0,1,24010252
Pune,5470,2,1,1,25,0,0,1,52183863
Mumbai,6844,1,1,1,17,1,1,0,124950619
Chennai,716,1,2,0,3,0,1,0,6704040
Mumbai,875,5,1,0,9,0,1,0,18388328
Bangalore,2109,4,3,1,2,1,0,0,23106704
Bangalore,4606,5,1,1,25,0,0,1,44430040
Delhi,4339,2,4,1,4,0,1,0,59063593
Delhi,3439,2,3,1,11,0,1,1,46905585
Hyderabad,4562,6,3,1,22,1,0,0,41826089
Pune,2113,4,4,0,4,1,1,0,24191560
Mumbai,4179,2,4,0,4,0,1,1,78491030
Bangalore,5413,6,1,1,3,1,1,1,54219820
Delhi,1796,1,1,1,29,0,1,0,22914174
Pune,4496,2,1,0,24,1,0,0,43194889
Mumbai,5286,3,4,0,5,1,0,1,99503209
Delhi,6195,4,1,0,9,0,0,0,82316620
Delhi,6128,6,2,1,5,0,1,0,83581146
Bangalore,1655,4,1,0,26,1,1,0,17876043
Bangalore,6543,4,4,1,21,1,0,0,62986450
Delhi,5379,3,4,1,21,1,1,1,73196912
Chennai,2866,5,2,0,0,1,0,1,25847168
Delhi,3391,1,3,1,15,0,1,0,45971805
Pune,2472,4,2,0,10,1,1,0,27591699
Delhi,6472,2,4,1,5,0,1,1,87054896
Hyderabad,1284,1,3,0,19,0,0,1,11175717
Hyderabad,4992,2,2,0,17,1,0,0,42427719
Hyderabad,1581,1,2,0,5,1,1,1,15127501
Chennai,6099,1,3,0,16,1,1,0,48114912
Chennai,2533,6,2,1,11,0,0,0,22395591
Delhi,2114,2,3,0,16,0,0,1,29740706
Hyderabad,5055,2,1,0,20,1,0,1,42821108
Chennai,6704,1,3,0,21,1,1,0,51377447
Bangalore,2916,4,2,0,17,1,0,0,28560665
Delhi,5141,2,1,1,9,0,1,0,68725744
Pune,4153,3,4,0,23,0,0,0,41126940
Mumbai,996,3,4,1,19,1,1,1,21796042
Delhi,1004,1,4,1,11,0,0,1,15398469
Mumbai,3886,5,2,1,3,0,0,1,74116073
Hyderabad,5688,1,1,0,9,0,0,1,47351287
Mumbai,2708,1,3,1,29,0,0,0,49439553
Hyderabad,6233,4,4,0,4,1,0,0,55284613
Bangalore,5313,4,4,0,25,1,0,1,50672987
Mumbai,3716,6,1,0,3,1,0,0,71046956
Delhi,6188,5,1,1,26,0,1,0,82844560
Hyderabad,4166,5,1,0,29,1,1,1,36657441
Delhi,1908,5,2,1,15,1,1,0,28539954
Chennai,4864,5,1,1,4,0,0,0,38896403
Hyderabad,4577,5,3,1,25,0,1,0,39846410
Mumbai,6542,1,3,1,18,0,1,1,119095093
Hyderabad,1977,1,4,0,23,1,1,0,18292420
Delhi,6137,6,3,0,5,1,0,1,84443982
Bangalore,5460,3,1,0,23,0,0,1,50958570
Hyderabad,2897,3,3,0,20,1,0,0,26786134
Mumbai,609,6,4,0,6,1,0,1,17019638
Chennai,4054,6,2,1,9,0,0,1,34748824
Pune,1149,2,3,1,6,0,1,0,13216878
Bangalore,6694,1,4,1,21,1,1,1,63423883
Chennai,1999,5,4,0,13,1,0,0,19832964
Hyderabad,5706,2,1,1,27,0,1,1,47319297
Delhi,1095,4,4,0,9,0,1,1,18125985
Delhi,1478,1,3,1,29,0,1,0,19320359
Mumbai,1230,6,4,1,28,0,1,1,26260701
Delhi,556,3,4,1,19,1,0,0,9928249
Bangalore,2743,1,1,0,21,1,0,0,25606501
Delhi,6379,6,1,0,24,1,1,1,86691871
Mumbai,2201,1,3,0,10,1,0,0,40985551
Pune,1786,1,4,0,13,1,1,0,19176256
Hyderabad,611,1,2,1,11,0,0,1,6299931
Hyderabad,5306,4,4,0,3,0,1,1,46962672
Delhi,1701,3,2,0,12,0,0,0,23509980
Chennai,1447,1,3,1,21,0,1,0,12325514
Hyderabad,4621,6,1,1,21,1,0,0,41377253
Pune,1257,4,3,1,28,1,1,0,15704751
Delhi,6396,2,1,0,2,0,1,0,85140891
Mumbai,3888,1,1,1,12,1,1,0,72414699
Pune,6151,4,4,1,19,0,1,1,61299176
Delhi,2341,5,4,0,18,1,1,0,35314898
Pune,4035,2,1,1,14,1,0,0,39925417
Hyderabad,2793,3,2,0,18,1,0,1,26095541
Mumbai,1604,1,2,0,25,1,1,0,30338437
Delhi,1161,1,4,0,27,1,1,1,17928859
Bangalore,1408,4,3,1,19,1,0,1,17069865
Mumbai,5117,3,2,1,28,1,1,0,94952450
Bangalore,2356,5,1,1,3,0,0,0,23647174
Pune,6355,2,4,0,5,0,1,0,62619162
Chennai,2811,6,4,1,28,1,0,1,26346057
Mumbai,1289,3,1,0,14,0,1,1,25396382
Pune,5893,1,3,1,3,0,1,1,57881264
Bangalore,6325,4,1,0,5,0,1,0,59536166
Hyderabad,671,5,3,0,1,0,1,1,10357643
Hyderabad,4860,4,4,0,3,0,1,1,44043260
Chennai,2486,2,3,0,17,1,1,0,21233500
Mumbai,5645,3,1,0,14,1,0,1,103869827
Mumbai,6088,4,4,0,11,1,1,1,114303137
Mumbai,2385,6,2,0,7,0,0,1,47355204
Pune,975,6,4,0,11,0,1,1,13871093
Chennai,6999,4,1,0,8,1,0,0,55024037
Mumbai,1549,1,1,0,6,0,1,1,29623934
Pune,4629,4,4,0,21,1,0,1,47823181
Hyderabad,2811,5,4,0,7,1,0,0,28194757
Bangalore,1661,3,4,1,19,0,1,1,17315497
Pune,1315,2,3,1,9,0,1,0,14977691
Hyderabad,4266,6,2,0,10,0,1,0,37979083
Hyderabad,3422,4,3,1,1,1,1,1,33479110
Bangalore,1253,5,1,0,29,1,0,1,14445338
Hyderabad,5161,6,4,1,3,1,1,1,49113549
Chennai,961,6,3,0,20,1,1,0,11087972
Bangalore,3739,2,3,1,24,0,0,1,34961556
Hyderabad,6250,6,1,0,20,1,1,1,55101168
Delhi,3202,5,3,1,24,0,1,0,45208787
Pune,580,6,1,0,8,1,0,1,10222584
Hyderabad,3304,6,3,1,7,1,1,0,31867909
Chennai,6533,4,2,1,4,1,1,0,53197152
Mumbai,1369,4,1,1,13,1,0,0,27705530
Hyderabad,6026,3,2,0,27,1,1,1,52335700
Mumbai,5665,1,3,1,1,1,1,0,105550234
Delhi,5194,5,2,1,20,0,1,1,71086682
Hyderabad,6230,1,2,0,26,1,0,1,52412635
Bangalore,1306,1,2,0,16,0,1,1,13510177
Mumbai,2434,6,3,1,7,0,0,0,47303595
Delhi,5672,2,1,0,1,1,0,0,76581830
Bangalore,1203,2,3,1,22,1,1,0,13483357
Bangalore,3023,6,3,1,14,1,0,0,31840694
Bangalore,3139,5,3,0,26,0,1,1,31008133
Bangalore,6659,1,1,1,1,0,1,0,61521608
Hyderabad,5082,3,4,1,27,0,1,0,44482318
Pune,4409,1,3,0,10,0,0,0,42798603
Hyderabad,5301,2,3,0,13,1,1,0,46669890
Hyderabad,6121,1,1,1,29,0,0,1,50305060
Delhi,1664,4,4,1,20,0,0,1,25233589
Delhi,1119,4,4,1,9,0,0,0,17862888
Pune,3566,3,4,0,6,0,1,1,36650531
Delhi,5372,5,4,1,21,1,0,0,74149115
Chennai,946,1,1,1,13,1,0,0,9056907
Pune,2837,4,1,1,12,1,0,0,29912192
Delhi,708,5,4,0,20,1,0,0,13041873
Pune,6094,4,2,1,21,1,0,1,60655962
Hyderabad,2960,5,1,1,1,0,0,0,27745974
Hyderabad,6046,5,2,0,9,0,1,0,52957325
Pune,6473,4,2,0,0,0,0,1,65342439
Chennai,3942,6,4,1,0,0,1,0,33935858
Chennai,3211,2,4,0,23,0,1,0,25303131
Pune,2837,5,3,1,2,1,1,1,32604696
Delhi,1791,6,2,1,10,0,0,1,27158602
Mumbai,2698,1,3,0,18,1,1,1,50929761
Chennai,6338,6,4,1,8,1,1,1,54210745
Bangalore,5874,4,2,1,12,1,0,0,56120410
Hyderabad,1900,6,1,1,21,0,0,0,18348062
Pune,6272,2,3,1,3,0,1,0,61898147
Bangalore,5450,4,4,1,19,0,1,0,52073503
Pune,5977,3,2,0,22,1,1,1,59986276
Hyderabad,3155,1,4,1,5,1,0,1,29591738
Hyderabad,4512,3,3,1,1,0,0,0,39283040
Chennai,1204,6,4,0,8,1,0,1,14834737
Chennai,1325,5,4,0,17,1,1,1,15089301
Bangalore,1504,6,1,0,23,1,0,0,17051516
Pune,3960,5,4,0,3,0,0,0,41098681
Hyderabad,876,3,2,0,25,1,0,1,9543894
Bangalore,1472,3,2,0,0,0,1,1,16474296
Mumbai,4713,5,1,0,0,0,0,1,87739768
Bangalore,3576,2,2,0,24,1,1,0,33247459
Delhi,943,1,4,1,19,1,1,0,14342326
Bangalore,1254,4,4,1,16,1,0,1,15444368
Delhi,4104,3,2,0,18,0,0,1,54709882
Delhi,5235,1,3,1,2,0,0,0,70076405
Delhi,2671,4,4,1,22,1,1,1,39082189
Mumbai,3205,6,2,1,21,1,1,1,62811389
Bangalore,5896,4,4,1,23,0,1,1,56556903
Bangalore,3965,3,4,1,22,1,1,1,39371993
Mumbai,3211,2,1,0,16,0,0,0,58366295
Hyderabad,2907,2,2,0,2,1,0,0,26479035
Chennai,1122,1,4,1,24,1,1,1,10434719
Bangalore,6088,6,3,0,3,1,1,0,59636828
Chennai,6604,1,2,1,26,0,1,0,50726707
Pune,6247,5,3,1,27,1,1,1,63637408
Pune,2223,2,2,1,26,1,0,0,22754210
Mumbai,3822,1,3,0,28,0,0,1,69265383
Pune,2419,5,3,1,12,0,0,1,26820810
Pune,1418,6,2,1,29,0,0,0,15307654
Hyderabad,5769,4,1,1,29,0,1,1,48824441
Hyderabad,5781,1,1,0,29,0,1,0,47777111
Hyderabad,4715,5,2,1,14,0,0,1,42007082
Pune,1081,2,4,0,11,0,0,1,12387563
Mumbai,6543,4,2,1,2,0,0,1,121581604
Delhi,6742,1,2,1,20,1,0,0,88378596
Delhi,5786,2,4,1,7,1,0,1,79216944
Chennai,4381,4,2,0,0,1,0,0,36201131
Delhi,2186,3,2,1,17,1,1,1,31431792
Delhi,4409,2,4,1,12,0,1,1,60675189
Hyderabad,2499,3,4,1,6,0,0,1,23521270
Hyderabad,3211,6,1,1,12,0,0,1,29784997
Pune,900,1,3,1,16,0,1,1,10006164
Chennai,4148,5,3,1,12,0,1,0,34759393
Bangalore,5945,1,1,0,28,1,0,1,54845146
Chennai,3128,2,1,1,12,1,1,1,26032295
Chennai,2156,3,3,0,29,0,1,0,17001433
Mumbai,1120,3,1,1,29,1,1,1,23024345
Pune,746,4,2,0,10,0,1,0,9059302
Mumbai,5712,1,1,1,13,0,1,0,103807143
Chennai,3839,1,1,0,20,1,1,0,30484526
Chennai,3510,2,1,1,9,1,1,0,29132147
Chennai,5219,3,1,0,7,0,1,0,40577709
Delhi,2868,2,3,1,5,1,1,0,40952080
Mumbai,4494,2,4,0,18,0,1,0,83182522
Chennai,2339,6,3,1,22,0,0,0,21175486
Hyderabad,3403,3,3,1,18,1,0,0,31354586
Pune,6705,2,4,1,11,0,1,0,65745387
Pune,4895,3,3,0,20,0,0,0,47822651
Hyderabad,4998,2,2,0,6,1,0,0,42781698
Pune,6267,5,4,0,17,0,1,1,63992622
Delhi,4191,2,2,1,25,0,0,1,55478745
Delhi,4341,2,3,0,19,1,1,1,59630211
Bangalore,4848,5,3,1,17,1,0,0,47081726
Bangalore,6353,1,4,1,22,1,0,0,59363203
Bangalore,1892,3,3,1,2,0,0,1,19591803
Pune,4250,4,1,1,8,0,1,0,43509579
Delhi,6560,5,2,1,26,1,0,0,88409227
Delhi,4755,1,2,1,5,1,1,1,64300829
Delhi,3508,2,1,1,0,0,0,0,46861415
Hyderabad,4800,6,4,0,9,1,0,1,44440581
Delhi,3838,1,4,0,7,0,1,1,52527525
Hyderabad,5757,5,1,1,28,0,0,0,49208875
Bangalore,5987,6,1,1,22,1,1,0,56970323
Bangalore,4014,2,2,0,16,0,1,0,37735802
Pune,5453,1,1,1,2,1,1,1,54871525
Bangalore,1259,4,1,0,2,0,1,0,13881024
Pune,6186,3,1,1,29,0,0,0,59629783
Chennai,3268,3,3,1,2,0,1,0,27982911
Chennai,3588,5,1,0,6,1,1,1,31338688
Mumbai,2615,2,3,0,21,0,1,0,47759093
Pune,4728,2,2,1,10,0,0,0,46086305
Mumbai,2223,3,2,1,27,1,0,1,43094346
Mumbai,3466,1,4,0,17,1,1,0,64195750
Chennai,929,2,2,0,4,0,0,0,8621377
Pune,2855,4,4,0,21,1,0,1,31018748
Chennai,5793,4,3,1,27,0,1,0,46129713
Mumbai,2959,2,1,0,1,0,1,0,54817757
Pune,4692,2,2,1,13,0,0,0,46409283
Mumbai,6302,3,1,0,0,0,0,1,115602347
Delhi,5773,5,4,0,3,0,0,1,79025082
Pune,2218,3,3,0,13,0,0,1,23080742
Pune,1765,5,2,0,14,1,1,1,21088860
Mumbai,5923,4,1,1,27,0,0,0,107373658
Delhi,1808,5,4,1,19,0,0,1,26919257
Hyderabad,1550,3,1,0,19,1,0,0,14240679
Chennai,3973,2,2,1,16,0,1,0,31862931
Mumbai,5979,5,1,1,2,0,0,0,110658542
Pune,2749,3,3,1,22,0,1,0,28135990
Chennai,3309,4,2,0,3,0,1,1,28767852
Chennai,3421,6,4,0,17,1,1,0,29803773
Chennai,5176,5,2,1,23,0,0,1,41696901
Hyderabad,4541,4,4,0,26,1,0,1,40389495
Bangalore,2917,4,4,0,0,1,1,1,31444462
Mumbai,1032,1,2,0,28,1,0,0,19405806
Bangalore,5771,6,4,0,24,0,1,1,56222496
Bangalore,5721,5,2,1,4,0,1,0,55427020
Bangalore,1398,3,3,1,17,1,0,0,15641968
Chennai,3154,5,3,0,12,1,1,1,28365664
Delhi,1969,5,1,1,13,0,1,0,28011813
Chennai,3420,6,3,1,19,0,0,1,29360396
Chennai,1752,4,4,1,2,0,1,0,17082278
Pune,1269,4,1,1,22,0,0,0,13619933
Pune,1333,4,1,1,5,0,0,0,14337152
Bangalore,6500,4,2,0,26,1,1,0,60494076
Chennai,6879,6,1,1,27,1,1,1,55097707
Bangalore,2709,3,2,1,10,1,0,1,27901326
Pune,5149,2,1,0,8,0,1,1,50524715
Delhi,3924,1,3,0,19,1,0,0,51880614
Mumbai,1591,4,2,0,27,0,1,0,30981763
Bangalore,1696,4,4,1,18,1,0,0,19540049
Delhi,4414,1,1,1,6,0,1,1,58506969
Mumbai,2160,4,3,0,21,1,0,1,42389362
Hyderabad,5154,2,3,1,20,1,1,1,45953229
Bangalore,760,5,2,0,9,0,1,1,9785983
Bangalore,2764,1,2,0,6,0,0,1,25999688
Hyderabad,6436,3,2,1,4,1,0,0,55424723
Hyderabad,5743,1,4,0,24,1,1,1,49378107
Bangalore,5400,2,4,1,27,0,1,0,50745535
Hyderabad,1685,6,4,0,3,0,1,1,19462918
Chennai,6844,3,1,0,16,0,1,0,52447431
Mumbai,2949,5,4,0,25,1,0,0,56816046
Mumbai,4033,4,2,1,27,1,1,1,75557081
Mumbai,4870,1,3,0,4,0,1,0,88908689
Chennai,4801,3,3,0,16,1,0,0,38838559
Hyderabad,3844,1,2,0,27,0,1,0,32115942
Delhi,6319,5,4,1,28,1,0,0,86370479
Hyderabad,1366,1,4,1,16,0,1,0,12580592
Bangalore,592,3,2,1,16,0,0,0,7159653
Pune,5661,2,3,1,0,1,0,0,56512570
Mumbai,3678,6,1,1,23,0,1,0,69290582
Hyderabad,1851,3,3,0,1,0,0,0,18199265
Delhi,6708,1,4,0,24,1,1,1,89959984
Bangalore,864,5,3,0,22,1,0,1,11750862
Chennai,5416,4,4,0,29,1,0,0,43026741
Chennai,6103,4,3,1,26,1,0,1,48804352
Delhi,4218,5,2,0,18,0,1,0,57421611
Bangalore,6625,1,4,1,8,0,1,1,61977511
Mumbai,2424,6,1,1,19,0,0,1,46497765
Hyderabad,3595,5,1,1,22,0,1,1,31753037
Bangalore,5681,1,2,0,14,0,0,1,52668976
Chennai,3038,3,3,1,18,1,0,1,26130995
Delhi,1796,6,2,0,4,1,1,0,28061463
Delhi,2776,2,2,1,12,0,0,0,37018505
Hyderabad,5639,1,1,0,3,1,1,0,47810186
Delhi,502,4,1,0,12,1,0,0,9524675
Delhi,3992,4,4,1,5,1,1,0,55964314
Bangalore,2253,6,4,1,11,1,0,0,25599793
Mumbai,1410,2,4,0,28,1,0,1,27832840
Hyderabad,806,1,2,0,8,0,0,0,6784604
Bangalore,4731,2,2,1,14,1,0,0,44557567
Mumbai,6528,3,4,1,20,0,0,1,120756265
Bangalore,4515,2,1,1,14,0,1,1,42505370
Pune,6836,3,1,0,16,0,1,1,66226266
Bangalore,6204,4,3,1,28,0,0,1,58113922
Delhi,1938,3,4,0,4,0,0,0,27194224
Mumbai,1372,1,2,1,4,1,1,0,27205005
Hyderabad,1641,6,3,1,24,0,1,1,18051128
Hyderabad,1165,6,3,1,23,0,0,0,13138446
Mumbai,708,1,3,0,4,0,0,0,14237930
Delhi,1451,1,4,0,20,1,0,0,20647683
Chennai,1557,1,4,0,13,1,0,1,14439577
Bangalore,5244,5,4,0,1,1,0,1,52430742
Delhi,5937,3,1,1,8,1,0,1,79589493
Pune,6763,1,3,1,13,0,1,0,65676293
Mumbai,5222,6,1,1,26,0,0,1,97196943
Bangalore,5120,2,4,0,14,0,0,1,47643629
Hyderabad,6200,2,1,0,3,0,1,1,52719748
Chennai,4508,5,1,1,22,0,1,0,35857786
Pune,2368,3,2,1,25,1,1,1,25562741
Hyderabad,5364,3,4,0,5,0,0,1,46677630
Mumbai,6690,3,3,0,13,1,1,0,123018893
Bangalore,1271,6,4,0,4,0,0,0,15177635
Mumbai,5335,6,1,0,26,1,1,0,99411147
Bangalore,4530,5,4,1,10,1,1,0,45951232
Delhi,1021,3,4,0,20,1,1,0,16685405
Chennai,3855,3,2,1,13,0,0,1,31216486
Delhi,1900,1,2,1,6,1,1,1,27775585
Delhi,6777,3,4,1,13,0,1,1,91619204
Mumbai,4238,6,2,0,12,0,1,0,79342057
Chennai,4843,1,1,1,17,1,0,0,36975804
Bangalore,4223,1,1,1,24,1,0,0,39355971
Bangalore,5937,3,1,1,1,1,0,0,56960807
Pune,3747,2,2,0,8,1,0,0,38379920
Hyderabad,2358,4,4,1,10,0,0,1,22589441
Pune,5281,6,1,1,19,0,1,1,53328182
Pune,4564,2,3,1,28,0,1,1,44991515
Bangalore,5181,3,1,0,25,1,0,0,47608608
Mumbai,2898,3,4,0,10,1,1,1,56860128
Delhi,642,2,1,1,25,1,1,0,10075119
Delhi,5562,3,3,1,5,1,0,0,75966647
Delhi,3351,6,1,0,0,0,0,1,46846701
Chennai,3969,1,1,0,4,0,0,0,30860190
Bangalore,4195,5,4,0,21,0,1,1,41734928
Mumbai,1217,3,1,1,24,1,0,0,23695684
Chennai,1142,3,1,0,13,1,0,0,10255350
Hyderabad,3940,2,2,0,24,1,0,1,33890779
Mumbai,3048,1,4,0,15,1,1,0,57043464
Pune,4193,2,4,0,8,1,1,1,43199656
Mumbai,869,6,4,1,29,0,1,1,19087896
Mumbai,4150,2,4,0,18,1,0,1,77655481
Delhi,5705,3,1,1,28,0,1,1,75138913
Mumbai,1286,1,3,0,19,1,0,1,25638530
Pune,6079,6,3,1,7,0,0,1,62309571
Pune,1449,3,2,1,7,1,1,1,17507451
Bangalore,5944,6,1,1,15,1,0,1,57159092
Mumbai,1021,3,4,1,17,0,1,1,21401078
Delhi,6548,3,4,0,7,1,0,0,88431146
Mumbai,3443,3,3,1,22,1,0,0,64850516
Hyderabad,854,5,2,1,8,1,1,0,10852609
Hyderabad,5542,4,1,1,4,0,0,1,48326459
Delhi,2835,1,2,1,1,1,1,0,39430748
Bangalore,1982,5,1,1,20,1,1,0,20906054
Bangalore,2147,4,2,0,13,1,0,0,21607025
Pune,3545,6,2,1,17,1,0,1,38648708
Pune,5131,4,4,1,12,1,0,0,52032364
Chennai,5910,4,3,1,11,0,0,1,47432271
Delhi,2715,5,4,1,14,0,0,0,39152117
Mumbai,5545,1,3,1,20,0,0,1,100711092
Delhi,5216,2,2,0,14,0,0,1,69051270
Chennai,927,4,1,0,28,1,0,0,9160820
Pune,6321,2,4,0,24,1,0,1,63245710
Delhi,3037,2,1,1,22,0,0,1,40189888
Delhi,6998,3,4,1,22,0,0,0,92915916
Pune,6839,2,4,0,0,0,1,0,67167004
Chennai,1044,6,4,1,24,0,0,1,12033708
Pune,3264,6,1,0,21,0,0,1,33317773
Bangalore,5419,3,4,1,6,1,0,0,52710964
Mumbai,4265,1,4,1,12,0,1,1,79662282
Pune,5598,1,4,1,27,1,0,0,54194449
Chennai,1158,6,1,0,17,1,1,1,13364653
Hyderabad,3327,3,4,0,0,0,1,1,30533065
Bangalore,2558,1,1,0,10,1,0,0,24230219
Hyderabad,3827,4,3,0,12,1,0,0,34694231
Pune,1230,1,4,0,19,1,0,1,13890521
Bangalore,2332,3,2,0,27,1,1,1,23265973
Mumbai,908,6,3,1,8,0,1,0,20858869
Pune,4679,4,1,0,29,1,1,1,46745667
Mumbai,6799,2,2,0,24,1,0,0,124159848
Delhi,3747,2,1,0,29,0,0,0,49302610
Hyderabad,5302,2,1,0,15,0,1,0,44050739
Bangalore,6557,6,4,1,10,0,1,0,63640784
Mumbai,6043,3,2,0,2,1,1,0,111831553
Chennai,633,2,1,0,16,0,1,0,6014272
Mumbai,5383,1,3,0,1,1,0,1,100206559
Chennai,5459,2,4,0,8,0,0,0,42512710
Pune,1166,5,3,1,8,1,1,1,15780685
Bangalore,776,6,3,1,15,0,0,1,11717145
Mumbai,3807,5,4,1,27,0,1,0,71636435
Mumbai,6371,2,1,0,0,1,1,0,117098726
Bangalore,1381,2,3,0,24,0,0,1,13339516
Mumbai,2560,5,1,0,16,0,0,1,48195927
Chennai,6985,6,1,1,9,1,0,0,55792519
Mumbai,2582,6,4,1,19,0,1,1,51314707
Hyderabad,1737,2,3,0,4,0,1,1,16254110
Pune,2952,6,3,0,7,1,0,0,32439578
Delhi,658,4,4,0,12,1,0,0,11764446
Chennai,5729,6,1,1,20,0,0,1,45502275
Hyderabad,3096,5,1,0,4,0,1,1,28192611
Pune,4315,3,4,1,3,1,1,0,44998962
Bangalore,6447,5,1,1,24,1,0,0,60212064
Chennai,4874,1,1,1,28,0,0,0,36880009
Delhi,3026,4,3,1,7,1,1,1,43576060
Pune,610,3,1,0,24,0,0,1,6762534
Delhi,1041,2,1,1,22,0,1,0,14006240
Bangalore,1638,1,1,0,6,1,0,1,16713763
Bangalore,3783,1,1,1,4,1,1,1,36954272
Chennai,4110,4,4,0,9,1,1,1,35289713
Mumbai,4955,3,4,1,16,1,0,0,92973357
Bangalore,4057,1,4,1,27,0,0,1,37317825
Pune,2919,3,1,1,5,1,1,0,30843969
Mumbai,5834,3,4,0,9,0,0,1,108035074
Hyderabad,2256,6,2,1,15,0,0,0,21234749
Delhi,3586,1,2,1,21,0,0,0,46649110
Mumbai,5550,3,2,1,9,0,1,0,101940942
Delhi,2806,4,3,1,3,0,1,1,40969790
Mumbai,6763,1,1,0,1,1,1,0,123709921
Hyderabad,1475,4,3,0,0,1,0,1,16861141
Bangalore,5508,4,4,0,2,0,1,1,54170307
Hyderabad,5747,3,1,0,26,1,0,1,49630241
Bangalore,1222,3,2,1,12,1,0,1,14520006
Bangalore,3070,6,1,1,28,0,1,1,30793203
Delhi,6307,6,3,1,24,0,1,0,84842921
Pune,824,1,4,0,11,1,1,0,9974331
Hyderabad,2029,6,4,1,0,0,0,1,22038873
Mumbai,6145,2,3,0,20,1,0,0,112287172
Hyderabad,5669,1,1,0,9,1,1,1,47993338
Delhi,2445,4,3,0,5,0,0,0,33979690
Bangalore,6203,6,4,1,8,1,1,1,61446614
Delhi,6712,6,2,1,0,1,1,0,91793088
Chennai,4986,6,4,1,11,0,1,1,42491610
Chennai,2930,3,4,0,4,0,0,1,25543254
Mumbai,4611,4,1,1,0,1,1,0,86576595
Delhi,4010,6,2,1,1,0,1,1,57265995
Mumbai,1345,5,4,0,13,1,1,0,28150885
Mumbai,5464,5,2,1,1,0,1,0,102553130
Chennai,1067,4,3,1,26,0,0,0,9741375
Mumbai,4188,6,1,0,4,1,0,0,79688004
Chennai,2679,2,2,0,9,1,0,1,22888672
Bangalore,2519,2,2,1,19,1,0,1,24799436
Delhi,3819,1,1,0,5,0,0,1,51030849
Mumbai,2820,1,3,1,4,1,0,1,54260431
Chennai,2146,6,2,1,1,0,0,1,21149797
Hyderabad,4503,1,1,0,8,0,1,0,38015433
Mumbai,4409,3,4,0,28,1,1,0,81913837
Pune,3920,2,1,0,9,1,0,1,40116728
Bangalore,3031,4,4,0,7,0,1,1,31128193
Bangalore,856,6,2,1,24,1,0,0,11944035
Hyderabad,6252,6,2,0,26,0,0,1,54425141
Chennai,3581,5,2,0,5,0,1,1,30070112
Mumbai,2780,2,3,0,4,0,1,0,52814976
Chennai,4631,2,3,0,20,1,1,1,37086932
Bangalore,2960,2,4,1,17,0,1,0,28471606
Chennai,5623,1,1,0,26,0,0,0,42420330
Bangalore,6687,3,4,0,19,1,1,0,62718544
Chennai,3287,4,1,1,17,1,0,1,27518995
Hyderabad,4709,1,2,0,1,1,0,1,41489514
Delhi,6368,3,1,1,11,0,1,1,84698173
Hyderabad,1697,2,3,1,7,1,1,1,17427952
Hyderabad,1778,3,1,1,3,0,1,0,17115585
Delhi,965,1,1,1,27,0,0,1,12873174
Delhi,4500,2,2,0,29,0,0,1,59605654
Mumbai,3848,1,2,1,19,1,1,1,72151115
Mumbai,1987,4,3,0,22,0,1,0,37732993
Hyderabad,5442,2,1,1,3,0,0,0,45688499
Hyderabad,5097,3,1,1,8,1,1,0,44486615
Bangalore,5036,1,1,0,8,0,1,0,45598145
Bangalore,6712,5,2,0,11,1,1,1,65077329
Mumbai,825,3,3,1,13,1,1,0,18626138
Pune,2265,3,1,0,29,1,1,0,23335545
Pune,4662,2,1,1,2,1,1,1,48033252
Mumbai,803,6,1,0,5,0,1,0,18261183
Bangalore,5567,3,1,1,14,0,0,0,51559824
Bangalore,5079,1,3,0,22,0,1,1,46633034
Pune,5524,5,3,0,18,0,1,0,56030734
Chennai,1940,4,3,1,3,1,0,1,19112156
Chennai,648,5,2,1,29,0,0,0,7183209
Bangalore,3534,1,1,1,0,1,1,1,35039957
Chennai,3131,2,1,0,26,0,0,1,23977595
Delhi,6891,1,1,0,8,0,1,1,91380718
Mumbai,5720,6,1,1,22,1,0,0,107053478
Mumbai,595,6,4,0,25,0,0,1,14183322
Bangalore,3955,6,3,1,15,0,0,1,39593099
Hyderabad,4877,3,4,0,22,1,1,0,43048221
Pune,2869,2,4,0,8,0,0,1,29180459
Bangalore,3967,6,2,0,11,0,1,1,39476908
Chennai,1028,4,2,1,13,0,1,1,11061202
Pune,2810,4,1,0,14,1,0,1,30282761
Hyderabad,6238,1,4,0,21,1,0,0,52537942
Chennai,5175,6,4,0,23,0,1,1,42298043
Delhi,2163,3,3,0,20,0,1,1,30169794
Chennai,3864,4,4,1,15,0,1,1,33018264
Delhi,2841,5,2,0,7,1,0,0,40932261
Pune,6227,2,4,0,27,0,1,0,60588142
Delhi,5405,5,2,0,9,1,0,1,74067108
Pune,1192,4,1,0,13,1,1,1,15198237
Pune,4830,4,2,1,16,0,0,0,48281708
Pune,1451,1,1,0,2,1,1,1,16617008
Pune,6450,1,3,0,3,1,1,0,63599529
Pune,1860,6,1,0,15,1,0,1,21150728
Chennai,5627,2,4,0,13,1,0,0,44720573
Pune,6062,6,2,1,26,1,0,1,62161490
Chennai,6560,1,1,0,24,0,0,1,48878981
Pune,1038,3,1,0,23,1,0,0,11836694
Delhi,1319,2,1,1,13,1,1,1,19532456
Pune,6277,3,1,0,15,1,0,0,61183667
Hyderabad,3662,6,1,1,7,1,0,1,34071256
Pune,4425,1,1,0,17,1,0,1,43563968
Pune,771,2,2,0,6,0,0,0,9125707
Delhi,1528,6,4,0,27,0,0,0,22766017
Mumbai,4165,4,4,0,2,1,1,0,79656731
Delhi,6518,6,1,0,5,0,0,1,88949079
Hyderabad,1742,5,2,0,19,1,1,1,17880426
Mumbai,1641,4,1,0,15,0,0,1,31422323
Bangalore,1092,3,3,0,21,0,0,1,11354457
Bangalore,2105,4,4,0,3,1,1,1,23895131
Hyderabad,4710,6,1,0,18,1,0,1,43154771
Delhi,6906,4,2,0,1,1,0,0,92816776
Chennai,3877,5,4,0,3,1,1,1,35211510
Hyderabad,6273,6,2,1,25,0,1,0,53967109
Mumbai,6041,5,3,0,1,1,0,1,113832636
Mumbai,4571,4,1,1,6,0,1,0,84577725
Pune,4802,5,3,1,14,1,0,0,50192780
Bangalore,4194,4,4,0,16,1,0,1,41648289
Mumbai,2850,2,1,1,13,0,0,0,52276461
Hyderabad,4707,4,4,0,10,1,1,1,43359587
Mumbai,1940,1,1,0,16,1,1,0,36277305
Hyderabad,4126,5,2,1,4,0,0,0,37481982
Chennai,2382,5,4,1,22,0,0,0,20400955
Pune,4211,3,3,1,13,1,1,0,43995379
Bangalore,684,3,3,0,16,0,0,0,7245278
Mumbai,6360,1,2,1,27,1,1,0,115943283
Hyderabad,5496,5,2,1,27,0,1,0,47984059
Delhi,720,5,3,1,19,1,1,1,13855244
Bangalore,6063,3,2,0,20,0,1,1,56072969
Chennai,3688,3,1,0,1,0,1,1,29793143
Hyderabad,1593,4,3,1,6,0,0,1,16064743
Pune,3445,6,4,1,3,1,1,0,38238724
Pune,2974,5,3,1,7,1,1,0,33641385
Chennai,3115,5,2,1,29,1,1,1,27514506
Chennai,2512,4,1,1,29,0,0,1,20350964
Pune,2990,5,4,1,0,0,1,0,33422028
Mumbai,1100,1,3,1,9,0,1,1,21444702
Mumbai,1660,3,3,0,0,0,1,0,32381426
Hyderabad,5099,3,4,1,0,1,0,1,45807504
Delhi,6774,6,1,1,3,0,0,0,92036331
Hyderabad,4813,3,2,0,16,0,0,1,41510284
Delhi,3235,2,2,1,4,1,1,1,45698105
Chennai,2718,1,2,0,13,1,1,1,23101827
Bangalore,6094,1,2,1,29,0,0,0,54464778
Hyderabad,5207,4,4,0,5,0,0,1,46013667
Hyderabad,1652,2,1,1,6,0,1,1,16115812
Delhi,556,5,1,1,7,1,0,0,11278455
Chennai,1704,6,3,0,23,0,0,0,16031955
Chennai,4841,1,3,0,17,0,0,1,37025110
Delhi,643,2,1,0,27,0,1,0,9267475
Chennai,867,2,3,1,3,1,0,0,9539955
Pune,1982,1,1,1,22,0,0,0,19029913
Mumbai,6861,4,4,1,24,1,0,1,127155743
Pune,1115,2,4,1,24,1,1,0,12955118
Bangalore,4138,3,2,1,26,1,1,1,40798254
Hyderabad,3828,2,1,0,2,1,0,0,33179564
Bangalore,6477,5,4,1,27,1,0,1,61969687
Hyderabad,3727,1,1,0,22,0,0,0,30705499
Mumbai,2088,5,3,0,3,0,0,0,41469973
Chennai,2989,4,1,1,24,1,0,1,25036033
Pune,3503,6,2,1,22,1,1,1,38164340
Delhi,1198,3,2,0,15,0,0,1,18197521
Pune,5471,1,4,1,12,1,0,1,54436971
Mumbai,6281,2,3,0,28,0,1,1,114497188
Bangalore,3323,3,3,1,21,0,1,1,32401818
Delhi,1444,2,1,0,24,1,0,1,20517515
Chennai,4381,4,3,1,22,0,1,1,35363051
Mumbai,1422,6,2,1,10,0,1,0,30003046
Delhi,2246,1,4,1,23,0,0,1,30971527
Mumbai,4620,4,4,0,10,1,0,1,87906613
Mumbai,3353,4,4,1,4,0,1,1,64512270
Chennai,6283,6,3,0,19,0,0,0,49907414
Hyderabad,2059,4,3,1,0,0,0,1,21323202
Delhi,1583,4,2,1,13,1,1,0,23570818
Chennai,4038,2,1,0,23,1,0,0,31952131
Mumbai,933,5,1,0,21,1,1,0,20441622
Chennai,3426,2,4,0,19,1,1,0,27917961
Hyderabad,1589,6,4,1,18,0,1,0,16978132
Pune,3457,3,3,1,4,0,1,0,35896097
Delhi,3112,6,4,1,19,0,1,0,45034797
Hyderabad,6547,6,2,1,26,0,0,0,55740037
Bangalore,6749,6,2,1,26,1,1,1,65409494
Delhi,4691,6,4,1,22,1,0,0,65152216
Hyderabad,4259,4,4,1,5,1,0,0,38635999
Mumbai,4763,6,4,0,18,0,1,1,89939252
Delhi,2589,3,4,1,11,1,0,1,37040026
Delhi,2402,6,4,0,25,1,1,1,35740298
Chennai,6747,2,2,1,28,0,1,1,52143272
Mumbai,6464,4,1,0,26,0,0,1,118008221
Bangalore,3067,2,2,0,27,0,1,1,28630520
Pune,2498,4,2,0,13,1,0,1,27484626
Hyderabad,6925,2,4,1,16,0,0,1,59425654
Chennai,3614,1,1,0,29,1,0,1,28359187
Hyderabad,3494,5,4,0,6,1,1,0,33098594
Bangalore,5729,5,2,0,20,0,0,1,54544399
Bangalore,2510,4,1,0,0,1,1,0,25541349
Delhi,5344,1,3,1,16,1,0,1,71522021
Bangalore,2391,3,4,1,5,0,0,1,25562586
Hyderabad,1330,1,3,1,3,1,1,0,13813215
Mumbai,548,4,3,1,13,1,0,0,13383616
Mumbai,4710,1,3,0,7,1,0,1,87264142
Delhi,1678,3,3,1,17,0,0,0,23565632
Pune,6268,4,1,0,19,1,1,0,62789177
Hyderabad,3533,5,4,1,27,0,1,0,32552971
Hyderabad,570,6,1,0,12,0,0,1,7777558
Bangalore,5955,1,4,0,7,1,0,0,55901115
Hyderabad,566,5,4,0,27,0,1,0,8004047
Chennai,6112,5,4,0,23,1,1,0,50281486
Pune,6269,2,1,1,15,0,1,1,60610355
Bangalore,2277,3,2,1,4,0,0,1,23007288
Chennai,5562,6,3,0,2,1,0,0,46439124
Delhi,2728,1,2,0,12,0,1,0,36355215
Mumbai,2289,5,2,1,14,1,1,0,45309883
Delhi,1112,5,2,1,3,1,0,1,19282014
Mumbai,2386,3,3,1,2,1,0,0,46701799
Delhi,2122,6,2,0,26,1,1,0,30604017
Hyderabad,1196,6,3,0,1,1,1,0,15156249
Chennai,6891,5,3,0,29,0,0,0,53240722
Mumbai,1737,5,3,0,3,1,1,0,35475190
Bangalore,2906,5,4,1,24,1,0,0,30016724
Chennai,748,5,4,0,5,1,0,1,10359380
Bangalore,1137,2,2,1,3,1,0,1,13290673
Chennai,1449,2,4,0,16,0,1,1,13974020
Chennai,2404,6,3,1,29,0,0,0,21168342
Delhi,4087,4,4,0,6,0,1,1,57683084
Mumbai,1611,1,3,1,17,0,1,1,30630174
Mumbai,675,3,1,1,27,1,0,0,13284601
Chennai,1222,4,4,0,21,1,1,0,13301298
Hyderabad,4342,2,2,1,9,1,0,0,37729414
Hyderabad,4174,2,1,1,16,1,1,0,35593296
Bangalore,5366,2,1,1,28,1,0,1,49204685
Bangalore,2447,4,4,0,22,1,0,0,24696125
Delhi,1202,2,4,0,3,1,0,1,19774261
Chennai,2628,4,2,0,26,1,0,0,22436275
Bangalore,1426,2,1,0,18,1,0,0,14357644
Bangalore,4733,5,3,1,25,1,1,1,46286591
Pune,4004,5,4,1,6,0,1,1,42581029
Chennai,3017,1,1,0,12,0,0,1,23983308
Delhi,2897,2,1,1,2,1,1,1,40855318
Bangalore,1649,1,3,0,7,1,1,1,18243939
Delhi,6536,4,1,0,10,0,0,0,87351238
Mumbai,6487,1,4,1,15,1,0,0,119421327
Delhi,3880,2,3,0,19,1,0,1,52947563
Hyderabad,2378,4,4,1,18,1,0,0,23405111
Hyderabad,1753,4,2,0,22,1,0,0,16408069
Delhi,1983,5,1,0,22,1,1,0,28564923
Hyderabad,5964,4,4,0,8,0,1,0,52929041
Mumbai,809,4,4,1,9,1,1,1,19176933
Chennai,5639,1,2,0,22,0,0,0,42236153
Hyderabad,4452,6,1,1,5,1,1,1,41979381
Hyderabad,3549,4,4,0,2,1,0,1,34130184
Delhi,6266,3,3,0,19,1,0,1,84107130
Mumbai,2064,6,4,1,7,0,0,1,42444502
Chennai,6179,5,4,1,5,0,0,1,50767360
Delhi,2000,5,4,1,24,1,1,1,30741364
Delhi,6912,4,4,1,7,0,0,0,93706044
Pune,5365,1,1,1,13,0,1,0,52333719
Mumbai,515,6,4,1,7,0,0,1,13412011
Chennai,1105,5,2,0,10,1,1,1,13336507
Mumbai,1881,5,4,1,9,0,1,1,38937615
Chennai,5408,3,3,0,25,0,0,1,42693170
Mumbai,3883,4,3,0,22,0,1,1,73105866
Delhi,6586,6,4,0,9,1,1,1,90620858
Delhi,1394,5,4,1,10,0,0,0,21777194
Bangalore,2067,5,2,0,0,0,1,0,21510292
Hyderabad,6912,5,2,0,14,1,1,0,60218524
Pune,913,5,1,0,4,1,1,0,12687110
Mumbai,4620,1,1,1,13,1,0,0,84298687
Pune,2504,2,3,0,22,0,0,1,25292444
Bangalore,815,3,4,1,25,1,1,0,9945247
Hyderabad,5166,1,4,0,24,1,1,1,45456130
Mumbai,5320,3,2,1,27,0,1,0,97344266
Chennai,3555,5,2,1,19,1,1,0,30670590
Hyderabad,2349,3,1,0,7,0,0,1,20959516
Delhi,5895,4,1,0,16,1,1,1,80106111
Bangalore,2453,4,3,1,3,1,1,0,25820161
Hyderabad,888,2,2,1,3,0,1,0,9681197
Hyderabad,3269,2,4,1,17,0,0,1,28580093
Delhi,5039,3,2,0,26,0,1,0,66642265
Mumbai,3546,1,2,0,26,0,1,1,64143264
Chennai,5566,1,2,0,18,1,0,0,42330961
Delhi,2915,5,1,0,2,1,1,1,41907825
Chennai,6560,1,4,0,8,0,1,1,51478467
Mumbai,2889,2,4,1,6,1,1,1,55920485
Hyderabad,6424,1,1,1,1,0,0,0,53029628
Chennai,803,5,1,1,8,1,0,1,10420298
Bangalore,1263,4,4,1,23,0,1,0,14911102
Bangalore,2473,1,3,1,5,0,1,0,23563246
Delhi,1315,1,2,1,5,0,0,0,17707883
Mumbai,6755,2,4,0,27,0,0,1,122538857
Delhi,1377,3,1,1,15,1,1,0,19955507
Delhi,5298,4,4,0,1,0,1,1,73138428
Pune,5539,3,2,0,28,0,1,1,53658319
Delhi,2826,5,4,0,15,1,0,0,40326283
Pune,2929,5,1,0,2,1,0,1,32552721
Bangalore,2560,3,3,1,21,0,0,1,25954976
Bangalore,4898,2,1,1,29,1,0,1,46278877
Delhi,2079,6,3,0,15,1,0,0,30892767
Bangalore,4755,2,2,0,11,0,1,1,45124412
Mumbai,2701,6,1,1,2,0,1,1,52380919
Pune,6824,6,4,1,10,0,1,0,69844067
Pune,4097,2,1,1,10,1,0,1,41003163
Delhi,1703,6,1,0,22,1,1,1,26394535
Bangalore,2924,6,2,1,29,1,0,1,29658097
Chennai,4375,6,3,1,15,0,0,0,36816782
Pune,3323,4,3,0,4,0,1,1,34965211
Delhi,5787,5,4,0,19,1,1,1,80035153
Delhi,3785,6,1,1,7,0,1,0,53175048
Mumbai,5769,5,2,0,10,1,1,1,108901818
Hyderabad,2563,5,3,0,10,1,1,1,25384940
Hyderabad,5710,4,4,0,17,0,0,1,49760826
Pune,5739,5,3,0,18,0,0,1,57079417
Mumbai,2479,3,4,0,9,1,0,0,47923299
Mumbai,4848,1,3,1,27,0,1,0,87415811
Mumbai,3631,4,4,1,3,0,1,0,69303788
Pune,6028,1,3,1,27,0,1,1,58305218
Hyderabad,6674,3,3,1,9,0,1,1,57721055
Mumbai,3592,2,1,1,13,0,0,1,65509117
Bangalore,5326,2,4,0,5,0,1,1,51336441
Delhi,4164,6,4,1,4,1,1,0,60351013
Delhi,2836,2,1,1,14,0,1,0,37942466
Chennai,4114,4,1,0,4,1,1,1,34924389
Chennai,997,2,3,1,22,1,1,0,9444326
Pune,4317,4,3,1,23,1,0,0,43743110
Pune,6024,4,3,1,5,0,1,0,60358789
Delhi,5143,1,1,1,29,1,1,0,67082744
Bangalore,5556,2,3,0,18,0,1,0,52158237
Hyderabad,631,5,1,0,19,1,0,1,8632499
Hyderabad,5943,2,3,0,29,1,1,1,50741749
Pune,1357,2,1,0,16,1,0,0,13870572
Bangalore,5751,2,4,1,13,0,0,0,53170308
Pune,6628,6,2,1,10,1,1,0,67133826
Hyderabad,1020,5,3,1,13,1,1,0,12190056
Pune,529,5,3,1,4,0,1,1,9253949
Mumbai,6647,4,1,1,12,1,1,0,123127692
Pune,3896,5,4,1,11,1,0,0,41525195
Delhi,5104,4,4,1,25,1,0,0,69587680
Pune,1760,1,3,0,23,1,0,1,18598153
Delhi,2058,4,1,0,18,1,0,0,29088146
Bangalore,515,2,1,0,9,1,1,0,6118077
Hyderabad,4105,3,2,0,12,0,1,0,35527998
Chennai,5592,3,4,0,14,1,0,0,45562309
Chennai,2107,6,2,0,19,0,0,0,18549625
Hyderabad,6435,2,4,0,12,0,0,0,54774848
Chennai,4017,4,3,1,3,0,0,1,33319087
Pune,2516,2,3,1,21,0,1,1,25691231
Bangalore,4074,6,1,1,8,1,0,0,40166196
Bangalore,5849,5,1,1,25,1,0,1,55495430
Hyderabad,2243,4,1,0,18,0,0,0,20094789
Chennai,4291,2,4,0,19,0,0,1,33623540
Pune,6906,5,1,0,21,1,1,0,68291179
Bangalore,4134,6,3,0,21,1,0,0,41583385
Bangalore,1588,5,2,1,6,1,0,1,18622357
Mumbai,6908,4,3,1,14,0,0,1,127216630
Mumbai,1861,6,3,1,16,0,0,0,37009753
Bangalore,3872,6,3,1,13,0,0,0,39127077
Hyderabad,4973,6,2,0,13,1,1,0,44728190
Delhi,5794,1,3,0,8,0,0,1,77070664
Delhi,975,6,4,1,15,0,0,1,17329250
Pune,1789,1,4,1,1,1,0,1,20091727
Bangalore,828,5,2,1,13,1,0,0,11071703
Bangalore,4544,1,4,1,3,1,1,1,44629365
Bangalore,2339,5,1,1,2,1,1,1,26361642
Hyderabad,1686,1,4,1,2,1,1,0,17438575
Mumbai,5033,5,3,0,10,0,0,1,94833522
Bangalore,3914,5,4,0,4,0,1,1,39658242
Bangalore,5986,6,1,1,15,1,0,0,57094635
Chennai,4036,6,1,0,22,0,1,1,33939963
Hyderabad,2273,5,1,0,28,1,1,0,21890332
Pune,5818,6,3,0,27,0,1,1,58922931
Bangalore,6119,5,1,1,22,1,1,0,57868159
Chennai,2563,6,3,0,29,1,0,0,22147647
Delhi,2344,3,1,0,29,0,1,0,31784940
Pune,5915,1,3,0,22,1,1,0,58484186
Bangalore,5463,5,3,0,18,1,0,1,52838835
Bangalore,3058,2,3,0,8,1,1,0,29956482
Chennai,6407,6,4,0,21,0,1,0,51547223
Hyderabad,5579,6,1,0,10,0,1,0,48470678
Bangalore,1762,4,3,1,11,1,0,1,19878263
Delhi,5920,2,1,0,26,0,0,0,76734361
Bangalore,6649,2,4,0,25,0,1,0,61500890
Delhi,3791,3,2,0,26,1,1,1,51883160
Pune,1518,1,1,1,7,0,0,1,15508553
Pune,2289,3,1,0,13,1,0,0,23835765
Mumbai,4024,1,4,1,29,1,1,1,75491331
Mumbai,4004,5,3,0,16,1,0,0,76272034
Delhi,1306,3,1,1,19,1,1,0,18806416
Hyderabad,6489,4,2,1,14,0,0,1,55490107
Bangalore,6005,1,4,1,14,1,0,0,55989959
Bangalore,3166,3,3,0,22,0,1,1,31219064
Mumbai,5914,4,1,1,11,0,1,0,108569518
Delhi,5737,2,1,0,8,0,1,0,75840921
Bangalore,904,6,4,0,11,1,0,1,13978258
Bangalore,6382,5,3,0,18,1,1,0,61650795
Hyderabad,1093,5,3,1,11,1,1,1,13538335
Chennai,4449,2,4,0,10,1,0,0,36597292
Mumbai,4607,3,1,1,27,1,0,0,84150281
Mumbai,3780,6,1,0,5,1,1,1,73221244
Chennai,2712,2,3,0,7,1,0,0,23344860
Bangalore,5913,4,3,0,10,0,1,1,57245670
Hyderabad,2042,6,2,0,2,0,0,1,20223348
Hyderabad,6721,1,2,0,15,1,0,1,56776787
Mumbai,1113,3,2,0,5,1,0,1,23979903
Hyderabad,6582,6,3,0,8,0,0,1,58079565
Pune,1368,1,3,1,8,1,1,1,16814543
Chennai,1311,2,3,0,5,0,0,1,11631228
Bangalore,2322,5,1,0,4,0,1,1,24757397
Pune,5362,6,4,1,0,1,0,1,57463222
Chennai,4677,6,3,1,2,1,1,1,40416105
Delhi,2244,1,1,1,2,0,1,0,30593485
Mumbai,2756,1,3,0,11,0,0,1,51143887
Hyderabad,4542,5,4,1,3,1,1,1,43583349
Delhi,4167,1,3,0,20,0,1,0,54804364
Hyderabad,1021,1,1,1,15,1,1,1,10878890
Pune,5923,6,3,0,10,1,1,1,62236630
Bangalore,5589,5,3,1,7,1,1,1,55513148
Bangalore,2025,5,3,0,28,1,1,1,21451994
Bangalore,1969,6,2,0,26,0,0,0,20248755
Hyderabad,3175,2,3,0,8,1,1,0,28975177
Delhi,2013,2,1,1,27,1,1,1,28485067
Bangalore,5376,6,1,1,29,0,1,1,51052377
Delhi,1951,1,1,1,13,0,0,1,26154740
Hyderabad,5154,3,3,1,22,0,0,1,45071356
Pune,3930,2,4,1,28,1,0,0,39805801
Delhi,3507,2,1,0,25,0,1,1,47046552
Pune,6734,6,2,1,21,0,0,1,67656268
Hyderabad,6633,6,4,0,14,1,0,0,58590357
Hyderabad,3624,3,1,0,18,0,0,0,30877321
Mumbai,2253,3,3,0,8,0,1,0,42814722
Hyderabad,5455,5,2,0,25,0,0,1,47378149
Hyderabad,2112,6,1,1,16,0,0,1,20474393
Chennai,3775,2,2,1,8,1,1,0,31465303
Bangalore,1055,4,4,1,2,1,1,1,14375253
Mumbai,4751,4,1,1,24,1,0,1,89004345
Mumbai,2549,1,3,1,15,0,1,0,46991287
Mumbai,5976,2,2,1,12,0,0,0,108247017
Chennai,1324,4,1,0,25,0,1,1,11714611
Pune,6188,2,4,1,16,1,0,1,61784553
Hyderabad,3349,6,4,0,23,0,1,0,30708346
Bangalore,3530,2,1,0,21,1,1,1,34403237
Delhi,1581,4,4,0,29,1,1,1,24131601
Pune,3825,2,2,0,24,0,0,1,36985844
Hyderabad,5799,3,2,1,3,0,0,1,50542477
Chennai,992,1,2,1,27,0,0,1,8675136
Hyderabad,5264,5,2,0,20,1,1,0,46981015
Hyderabad,574,4,4,1,21,0,1,1,8830120
Chennai,3491,6,1,0,27,0,0,1,28414123
Mumbai,3860,5,4,0,8,0,1,1,73413880
Mumbai,870,1,4,0,21,0,0,0,16344462
Bangalore,5182,3,1,0,8,0,0,1,48065519
Bangalore,828,3,1,1,17,1,0,1,9843965
Mumbai,5185,3,3,0,13,0,1,0,95709367
Pune,2290,3,2,1,19,1,0,1,24065149
Delhi,1276,4,1,0,2,1,0,1,19574232
Hyderabad,2522,4,4,1,3,0,0,1,24526138
Delhi,6947,2,2,1,0,1,0,0,93041085
Hyderabad,5174,6,2,1,17,1,0,0,46532030
Mumbai,4816,2,4,0,3,0,1,0,89779022
Bangalore,1687,6,1,0,9,1,1,1,19592839
Pune,2003,1,2,1,3,1,0,1,21223751
Bangalore,3791,2,2,1,20,1,0,0,35272874
Delhi,6303,1,2,0,24,1,0,0,83415987
Bangalore,3825,1,2,1,16,0,0,1,36061147
Mumbai,6341,1,2,1,7,1,1,0,116834054
Pune,687,3,4,1,18,0,1,0,9615732
Delhi,1714,5,1,0,8,1,0,1,26391979
Pune,3786,5,1,0,15,1,1,0,39045677
Hyderabad,3946,4,2,0,26,0,1,1,34237783
Bangalore,1609,1,2,0,23,1,0,1,16471950
Pune,3021,3,2,0,23,1,0,0,30011344
Chennai,5439,2,4,0,24,0,0,0,41626231
Bangalore,4379,2,4,1,14,0,0,1,42386071
Hyderabad,1030,4,3,1,19,0,0,0,10543744
Pune,1570,4,2,1,15,0,1,0,17492312
Delhi,3636,1,3,1,27,0,1,0,48681732
Hyderabad,1462,1,3,1,20,0,1,0,13527288
Chennai,5765,2,3,1,11,0,1,0,44761650
Pune,1905,2,1,0,22,0,0,0,17881144
Mumbai,3637,2,3,1,17,1,1,1,69298551
Bangalore,1016,2,2,1,6,0,0,1,10920098
Delhi,3664,5,4,0,15,1,1,1,52275003
Mumbai,6484,1,2,0,27,1,0,0,118083775
Pune,1991,1,4,1,18,1,1,0,20946613
Pune,5713,2,1,1,5,0,1,1,57007650
Hyderabad,4189,3,1,1,28,0,1,0,35292320
Pune,4728,2,2,0,5,1,0,1,48191565
Delhi,4909,6,1,0,5,0,0,1,67247752
Mumbai,1090,4,4,0,25,0,1,0,21913628
Delhi,2043,6,1,0,14,0,0,0,28836805
Chennai,3556,3,3,1,1,0,1,0,29827439
Chennai,2706,4,3,1,8,1,1,0,24346301
Bangalore,3839,3,1,1,7,0,0,0,36340520
Bangalore,3208,4,2,0,6,1,0,0,31685580
Chennai,6481,2,3,0,26,0,1,0,49039897
Pune,4529,2,4,1,29,1,1,0,46072930
Delhi,6222,3,2,1,27,1,1,0,83151142
Chennai,1247,4,1,1,27,0,1,0,11373138
Bangalore,6093,5,2,0,15,0,1,1,57505763
Chennai,1300,3,2,1,14,1,1,0,12821751
Pune,1997,3,2,0,8,1,1,1,23122683
Chennai,1879,6,2,1,19,0,0,1,17376981
Delhi,1179,1,1,1,14,0,0,1,16787970
Mumbai,4270,3,1,0,1,0,0,0,78969888
Pune,3842,5,3,0,19,0,0,1,39748931
Bangalore,6757,2,3,0,13,1,0,1,64268623
Delhi,1396,4,4,1,27,0,0,0,19774971
Chennai,2046,1,4,0,25,0,0,0,15678049
Chennai,3626,4,3,1,10,0,1,0,30522678
Mumbai,6389,2,3,0,29,1,1,0,116989089
Bangalore,6708,3,2,1,2,0,0,0,62848232
Bangalore,1183,6,3,0,1,1,1,0,16493580
Hyderabad,1795,5,4,0,17,0,0,1,17959929
Bangalore,6281,1,3,1,13,1,0,1,58843837
Mumbai,1885,5,2,0,23,1,0,1,37120970
Hyderabad,6789,5,4,1,28,0,0,0,58333240
Hyderabad,1442,5,1,1,4,1,1,1,16280918
Chennai,3780,5,3,1,11,1,0,0,33125315
Chennai,5905,2,1,0,13,0,0,0,44721426
Bangalore,1533,5,4,1,5,1,0,0,19003088
Hyderabad,3286,6,3,0,7,0,1,1,31303280
Chennai,2733,5,1,0,6,0,1,1,23215052
Mumbai,4145,2,3,1,6,0,0,0,76221882
Chennai,2120,4,1,0,11,1,1,1,19290726
Pune,4035,2,1,1,28,1,0,1,40025709
Pune,3705,6,4,1,6,1,1,1,41218582
Chennai,3382,6,3,1,11,1,0,1,30432134
Hyderabad,5404,3,1,1,26,0,0,0,45073302
Hyderabad,670,2,3,1,15,1,0,0,8039161
Delhi,6856,4,3,1,26,0,1,1,91910993
Pune,2053,3,2,0,6,1,1,1,22658035
Mumbai,4397,3,4,0,7,1,0,0,83028703
Hyderabad,2095,1,3,0,0,1,1,0,20133533
Bangalore,2123,5,3,0,12,0,1,1,22228880
Pune,4622,3,3,0,18,0,0,0,45543346
Mumbai,5609,3,4,1,0,0,0,1,104778993
Mumbai,1591,6,4,0,23,0,1,1,32562995
Hyderabad,3337,4,3,1,17,1,0,0,30751920
Mumbai,907,3,4,0,6,1,1,0,19887175
Hyderabad,5728,4,2,0,21,1,0,1,49896029
Chennai,4669,5,4,1,26,1,0,1,39745439
Pune,1179,6,2,0,16,0,0,0,14035841
Delhi,5987,1,2,0,27,0,0,1,78850248
Chennai,5444,1,2,0,14,0,0,1,41634121
Pune,5465,5,1,1,21,1,0,1,55540831
Hyderabad,736,5,4,0,24,1,0,1,9447618
Pune,3274,6,3,1,18,1,0,1,35667974
Hyderabad,3937,6,2,0,27,1,1,0,35959034
Chennai,3857,2,3,1,22,1,1,1,31440212
Bangalore,3377,3,2,0,3,1,1,1,34330026
Bangalore,5501,3,3,1,16,1,1,1,52619176
Pune,2923,3,1,1,6,0,1,0,29754639
Bangalore,5214,4,2,0,15,0,1,0,48574742
Hyderabad,3647,2,1,0,16,1,1,0,31561711
Mumbai,1532,3,1,0,26,1,1,0,29148567
Hyderabad,6839,4,4,1,19,1,1,0,60214769
Mumbai,3354,4,3,0,28,1,0,0,62373983
Chennai,3440,1,2,1,14,0,1,1,27171327
Delhi,4201,4,1,0,8,0,1,1,57841476
Mumbai,5909,5,3,0,20,1,0,1,110284359
Bangalore,4570,6,4,1,22,0,1,0,45336768
Hyderabad,3632,4,3,0,12,0,0,0,31973372
Chennai,3960,5,3,0,6,1,0,0,33903023
Bangalore,5442,5,4,0,27,0,1,0,52394344
Chennai,2423,1,4,1,18,1,1,0,20449981
Delhi,1133,1,4,1,28,1,0,0,15938337
Hyderabad,5613,4,1,1,10,1,1,1,49701806
Pune,4603,1,3,1,7,1,1,0,45776543
Hyderabad,1892,1,4,0,16,0,1,1,16923290
Delhi,5664,6,3,0,3,1,1,0,79113731
Hyderabad,6987,3,3,0,25,1,0,0,60005426
Pune,6376,4,1,1,3,0,0,0,62990473
Mumbai,3946,4,3,0,17,1,1,1,75604808
Chennai,6238,4,1,1,21,0,1,1,48860627
Pune,3598,1,4,0,16,0,1,1,36567739
Bangalore,5812,6,4,1,2,1,0,1,58262785
Delhi,5444,1,3,1,8,1,1,0,73248633
Mumbai,5976,5,1,0,27,0,1,1,109935011
Bangalore,561,2,1,1,25,0,0,1,5701048
Bangalore,5681,2,2,1,5,1,0,0,53117272
Delhi,2969,2,2,0,1,1,1,0,41458050
Mumbai,2317,3,4,1,27,1,0,0,44916979
Bangalore,1132,1,4,1,11,1,1,1,13489229
Bangalore,5387,5,2,0,14,1,0,1,52164725
Mumbai,3098,5,1,1,8,1,0,1,60423710
Hyderabad,3951,2,3,1,28,1,0,0,34762486
Bangalore,1800,6,3,1,1,1,0,0,22040246
Chennai,3153,3,1,0,11,0,0,0,25599776
Mumbai,1954,3,4,0,15,0,0,0,37194437
Bangalore,1638,2,3,0,6,0,1,1,16657490
Delhi,6307,2,1,0,0,0,1,0,83891895
Pune,3692,1,3,1,20,1,0,0,36782896
Chennai,5120,6,1,0,6,1,0,0,42291215
Pune,6616,3,2,0,2,1,1,0,65522745
Pune,5494,5,2,0,19,0,1,1,55874796
Bangalore,2710,2,3,0,4,0,0,0,25975011
Chennai,5382,1,3,1,2,1,0,0,42892365
Chennai,4259,5,3,1,14,0,1,1,35725971
Hyderabad,3529,3,3,0,5,1,0,0,31557264
Pune,1860,2,2,1,14,1,1,1,21011084
Chennai,2926,6,2,0,2,0,0,0,25628246
Hyderabad,4768,2,1,0,23,0,0,0,39824359
Mumbai,5595,6,3,1,22,1,0,1,104713863
Hyderabad,6406,1,2,1,0,0,0,0,54126845
Delhi,563,1,4,1,1,1,1,1,10801361
Bangalore,1845,3,1,1,3,1,1,0,20112693
Mumbai,1474,6,1,1,20,1,1,1,31082599
Mumbai,4661,2,1,1,13,1,1,1,87014858
Delhi,6462,1,4,0,13,0,1,1,86523397
Hyderabad,4128,2,4,1,26,1,1,1,37291916
Bangalore,2122,3,4,0,29,0,0,0,20965362
Hyderabad,957,6,2,0,9,1,0,1,11844499
Chennai,6198,2,4,0,10,0,1,0,48422642
Hyderabad,3830,5,1,0,3,1,0,0,34936589
Mumbai,6553,2,3,0,14,1,1,0,120074188
Bangalore,2240,4,1,1,19,0,1,0,21506214
Hyderabad,6045,4,1,1,29,1,0,1,51696637
Bangalore,3526,3,2,0,24,1,1,1,34450082
Bangalore,6555,3,1,0,3,1,0,0,62177877
Chennai,6821,3,2,1,19,1,1,1,54921680
Chennai,2454,5,2,0,19,0,1,1,20957643
Mumbai,779,6,3,1,15,0,1,0,18112317
Delhi,2891,5,1,1,1,1,0,0,41030372
Bangalore,1540,2,3,1,12,1,0,0,16272016
Delhi,6939,1,3,0,7,1,0,1,93113512
Mumbai,6845,6,1,0,12,0,0,0,126116215
Bangalore,1461,4,1,0,29,1,1,1,15701359
Bangalore,6538,4,4,0,19,0,0,0,61312267
Pune,4345,4,4,0,20,0,0,1,44411188
Delhi,1717,2,2,0,7,0,0,1,23616564
Hyderabad,3720,2,1,0,29,0,0,1,31572663
Chennai,874,3,2,0,3,1,1,0,9602002
Hyderabad,6507,1,3,1,4,1,0,0,55526335
Delhi,4630,3,3,0,20,0,1,1,62610302
Chennai,1892,2,4,1,5,0,0,0,16093151
Hyderabad,2576,5,2,1,22,1,0,1,25498268
Pune,1274,3,1,1,18,1,0,1,14793965
Chennai,4816,6,1,0,29,1,0,1,38941848
Bangalore,6696,2,4,0,9,1,0,1,63321951
Hyderabad,3924,2,4,0,26,0,0,1,33260467
Chennai,2623,5,2,1,2,1,0,1,24486777
Pune,5089,5,4,0,12,0,0,1,51719514
Chennai,6307,5,4,0,8,1,0,1,52494290
Chennai,4093,1,4,1,16,0,1,0,32044096
Pune,6760,6,3,0,9,1,0,0,68640960
Hyderabad,779,2,2,1,11,1,0,0,9114682
Mumbai,5341,5,1,1,12,1,0,1,100416086
Hyderabad,3311,1,1,1,23,1,1,0,27689028
Delhi,2842,4,2,0,9,0,1,1,40640441
Pune,1974,6,4,1,18,1,0,1,23970184
Hyderabad,2357,4,4,1,20,1,0,0,22777122
Chennai,6137,4,1,0,18,0,1,1,48757786
Pune,5692,2,3,1,25,0,1,0,55569435
Bangalore,3389,1,2,0,16,0,0,0,31565817
Hyderabad,1559,1,4,0,25,0,1,0,13272385
Pune,2422,4,3,1,29,1,0,1,26655189
Hyderabad,4299,6,3,0,4,1,1,0,40632443
Pune,6601,3,4,0,7,1,0,1,66104474
Chennai,5092,4,2,0,4,1,0,1,42641793
Bangalore,6849,2,2,0,14,0,0,1,63446528
Bangalore,2973,4,1,1,3,1,0,1,31235855
Delhi,4639,6,1,0,24,0,0,1,63523768
Pune,2351,6,2,0,12,1,1,1,27328724
Hyderabad,4041,4,4,0,16,0,0,0,35530399
Bangalore,5049,1,2,0,4,0,1,0,46886748
Bangalore,1094,4,1,1,0,0,1,1,13253043
Mumbai,5952,5,1,1,21,0,1,0,109437617
Mumbai,1006,5,1,0,14,0,1,1,21483007
Bangalore,5389,3,2,1,9,0,0,0,50240036
Pune,520,2,2,0,24,0,1,0,5427160
Delhi,1899,2,4,1,10,0,1,0,27275681
Bangalore,3701,1,1,0,29,1,1,0,33632882
Chennai,2961,2,3,0,17,0,0,1,23688687
Hyderabad,5690,3,3,1,28,1,0,0,48645345
Delhi,6023,5,4,1,12,0,1,0,81661126
Chennai,6181,1,4,1,19,1,1,1,48988961
Delhi,4178,6,1,1,23,1,0,1,58752535
Chennai,6410,5,2,1,29,0,1,0,51065554
Hyderabad,6016,3,2,0,15,1,0,0,51345850
Hyderabad,836,1,3,0,18,1,1,1,8619033
Mumbai,2167,4,1,0,29,1,1,0,40624928
Pune,4076,2,3,0,22,0,0,0,39302189
Chennai,1409,3,3,1,11,0,0,1,13546483
Mumbai,775,1,1,1,22,0,1,0,14168101
Chennai,1391,5,4,0,13,0,0,1,14210945
Mumbai,512,1,3,0,1,1,1,1,12684576
Hyderabad,5622,4,4,1,27,1,0,0,48762848
Delhi,4557,3,2,1,9,1,0,1,63296277
Mumbai,3525,1,3,1,3,1,0,0,66328434
Chennai,1473,6,1,1,0,0,1,0,15483987
Chennai,4770,3,4,1,23,0,1,0,37609342
Pune,4470,3,2,0,25,0,1,0,44365226
Hyderabad,1908,5,2,0,25,0,0,0,18059956
Chennai,6221,2,3,0,24,1,1,1,49901581
Bangalore,2443,6,2,0,16,1,0,1,26810168
Delhi,2788,4,1,1,10,1,0,1,39057284
Mumbai,1046,1,3,0,6,0,0,0,20316475
Pune,6657,2,2,0,16,1,0,1,65111918
Delhi,1718,5,1,0,27,1,1,0,24878903
Hyderabad,1920,2,4,0,16,1,1,0,18988881
Pune,1954,3,4,0,8,1,1,1,23464041
Mumbai,3877,3,3,1,9,1,0,1,73965246
Mumbai,3272,4,1,0,25,1,1,1,61903228
Bangalore,6029,6,2,0,5,0,0,0,57207109
Hyderabad,4598,1,3,1,16,1,1,0,39254597
Pune,3238,1,3,1,15,0,1,1,32323827
Pune,4247,5,2,1,6,0,1,1,44274140
Chennai,2342,4,1,1,18,0,1,0,19186703
Bangalore,1246,1,2,0,25,1,1,1,13095639
Bangalore,3316,6,4,1,3,1,1,0,36249614
Pune,1371,3,3,0,29,0,0,0,14202369
Pune,994,4,4,1,19,1,0,0,13021769
Delhi,6010,2,3,0,23,1,0,0,79656077
Delhi,3944,4,2,1,16,1,1,0,54702010
Delhi,5223,4,1,1,23,0,0,1,70131627
Bangalore,1575,6,2,0,8,1,1,1,19355533
Chennai,4494,6,4,0,10,1,0,1,39557477
Mumbai,4737,1,1,1,22,0,1,0,86048405
Delhi,6083,5,1,0,0,0,1,1,82565782
Chennai,545,5,3,0,6,1,0,1,8444215
Hyderabad,3556,6,1,0,21,1,1,1,33490697
Delhi,2557,1,3,0,4,0,1,0,34796319
Mumbai,1163,1,1,1,4,0,0,1,22274855
Hyderabad,5168,1,1,0,0,0,0,1,43617357
Hyderabad,2529,6,3,1,5,1,0,0,26004766
Mumbai,6149,5,1,0,12,1,0,1,114778476
Delhi,6217,1,2,1,14,1,0,1,83193725
Bangalore,3196,6,1,1,3,1,1,0,33386949
Mumbai,5508,2,4,1,29,1,1,1,101893853
Mumbai,1139,2,3,1,29,1,0,0,22184578
Mumbai,3163,3,3,0,16,0,1,1,59808188
Hyderabad,3245,2,2,0,27,1,0,0,27595235
Chennai,5504,4,4,1,23,1,1,0,45191238
Bangalore,6821,3,1,0,23,0,1,0,63107565
Delhi,5464,2,2,0,27,0,1,0,71159956
Delhi,5625,4,1,1,12,0,0,1,75047613
Chennai,5448,2,2,0,10,0,1,0,42988837
Mumbai,4902,6,3,0,3,0,0,0,92051002
Bangalore,3095,4,4,0,28,0,0,1,30093596
Delhi,6970,1,3,0,6,0,0,1,93046412
Pune,3927,6,2,1,18,0,1,1,41626430
Delhi,6412,4,1,1,23,0,1,0,84865418
Mumbai,894,6,4,0,6,1,1,1,21598667
Pune,6943,1,1,1,13,1,0,0,67167280
Chennai,4097,4,3,1,20,1,0,1,34333879
Bangalore,5344,4,1,1,15,0,0,1,51094164
Chennai,2832,6,2,1,20,1,0,1,25169829
Chennai,829,2,4,0,8,0,0,0,8582543
Bangalore,2597,4,4,0,21,0,0,0,26119445
Bangalore,6627,2,4,0,21,0,1,0,61214182
Delhi,1272,4,2,1,1,0,0,0,19760943
Delhi,2145,5,1,0,26,1,1,0,30645188
Bangalore,2232,3,4,0,15,1,0,0,23504746
Pune,4973,2,3,0,4,0,0,0,49364465
Hyderabad,2287,2,3,1,11,1,1,0,21078782
Delhi,2123,1,3,0,19,1,1,0,29036030
Hyderabad,1499,5,3,1,25,0,1,0,15218187
Pune,2348,1,3,1,14,1,1,0,24990422
Bangalore,2061,5,2,1,2,1,1,0,22778662
Pune,1273,5,1,1,8,1,1,1,16432919
Delhi,5679,6,2,1,26,0,1,1,77654897
Chennai,2303,6,3,0,27,1,0,1,21727629
Bangalore,1598,6,3,1,6,1,0,1,19351008
Mumbai,2550,4,4,1,3,0,0,0,48929732
Hyderabad,2098,1,4,1,24,1,0,1,19862414
Pune,1247,3,1,0,8,1,1,1,14357393
Bangalore,6067,5,1,0,27,0,1,0,55913386
Pune,6360,5,1,0,14,0,0,0,62022516
Bangalore,4473,2,2,0,22,1,1,1,42616246
Delhi,2822,4,4,1,20,0,0,1,39396856
Delhi,2053,3,1,1,28,1,1,0,27985477
Delhi,2115,6,4,0,24,0,0,1,30779138
Pune,6858,5,4,1,29,0,0,0,67700390
Mumbai,4254,2,4,0,28,0,0,1,77555468
Delhi,6104,1,4,0,6,1,1,0,82811868
Bangalore,4924,5,4,0,24,1,0,0,47719042
Delhi,2802,2,4,1,10,0,0,1,39064492
Chennai,6006,1,2,0,18,0,0,1,45447474
Delhi,4721,4,3,0,10,1,1,1,65071416
Pune,5362,6,4,1,24,0,0,0,54486146
Mumbai,4155,1,2,1,0,0,1,1,76443726
Chennai,6169,5,1,1,20,0,1,0,49009579
Pune,3895,3,2,1,12,1,0,0,40346315
Pune,5823,1,2,1,12,1,1,1,58360995
Pune,5791,3,2,1,1,0,1,1,58489688
Bangalore,6354,3,4,0,16,0,1,0,59638648
Pune,716,1,1,1,29,1,1,1,8624263
Bangalore,3816,4,2,1,18,1,0,0,37738624
Pune,1859,1,1,1,22,0,1,0,17752577
Hyderabad,4274,2,2,0,14,0,0,1,36384091
Chennai,5917,6,4,1,18,0,1,0,47908471
Hyderabad,5427,3,2,0,9,1,1,0,47897758
Pune,4777,6,2,0,9,0,0,1,48713005
Chennai,4929,5,1,0,26,1,1,0,39145769
Chennai,5106,3,1,0,8,0,1,0,40030915
Mumbai,4978,5,1,1,18,0,0,0,92410582
Hyderabad,2396,2,3,1,10,0,1,1,22298836
Mumbai,4927,2,1,1,5,1,0,1,91557813
Chennai,5784,6,2,1,1,1,0,0,47693476
Bangalore,5861,2,3,1,23,0,1,1,54293047
Chennai,1399,1,1,1,9,0,0,1,12161796
Mumbai,1141,3,4,0,14,0,1,1,23458020
Hyderabad,5846,5,1,0,4,1,1,1,52156784
Pune,5229,6,4,1,17,0,0,0,53485644
Pune,4127,6,3,1,29,0,1,1,42339282
Hyderabad,695,2,4,1,29,1,0,1,8942140
Pune,2393,2,3,1,6,1,1,0,25432116
Pune,3775,5,4,1,2,0,0,0,39916840
Mumbai,4550,3,1,1,29,1,0,1,84476411
Hyderabad,5053,3,3,0,20,1,0,0,43528101
Delhi,5425,6,2,0,26,1,0,1,73838222
Bangalore,2804,5,2,1,24,1,0,0,28934370
Bangalore,4100,6,2,1,15,1,0,0,41191589
Pune,3843,4,1,1,16,1,1,1,39845730
Bangalore,2556,3,2,0,1,1,1,1,26599778
Hyderabad,3308,5,3,0,15,1,1,1,32239199
Hyderabad,1724,5,2,0,20,0,1,0,17349889
Chennai,1386,6,3,0,29,0,0,1,13430812
Chennai,892,2,2,0,19,1,0,0,7764111
Bangalore,2175,5,4,1,0,1,0,0,25030923
Delhi,3690,6,3,1,13,0,0,0,52227767
Chennai,2946,1,2,0,15,0,1,1,23913668
Chennai,4405,2,2,1,22,0,0,0,33616633
Hyderabad,6974,2,2,0,8,0,0,1,58398944
Delhi,3838,3,3,0,16,0,0,0,51527348
Pune,4091,4,3,0,7,1,1,0,42453815
Bangalore,4266,3,2,1,8,1,1,0,41127495
Chennai,3027,1,4,1,1,0,1,0,25102829
Delhi,2681,6,3,1,12,1,1,0,39800492
Delhi,4264,2,3,1,0,0,0,1,58790496
Bangalore,5511,2,4,1,21,0,1,0,51339915
Delhi,5530,5,1,0,29,1,1,1,74762610
Delhi,854,4,4,0,6,1,0,1,15089909
Delhi,3131,4,2,0,17,1,1,1,43701670
Chennai,2021,5,3,1,20,1,1,0,19693437
Bangalore,3172,1,3,1,4,0,0,1,30683844
Delhi,3678,4,3,1,6,1,1,0,51662695
Delhi,2837,2,3,0,11,0,1,0,39216674
Chennai,1128,1,1,0,26,1,1,1,9136612
Bangalore,3179,3,3,0,16,1,1,0,31236863
Hyderabad,5766,3,3,1,25,0,0,0,48406250
Chennai,4922,1,1,1,23,0,0,0,36447835
Bangalore,1938,2,2,0,4,0,1,0,19849736
Delhi,6853,3,2,0,11,1,0,0,92274920
Bangalore,1921,6,1,0,18,0,0,1,20683451
Bangalore,1626,2,2,0,12,1,1,1,17811417
Pune,3183,5,2,1,15,0,1,0,32917983
Bangalore,2280,4,4,0,28,0,0,0,22247218
Hyderabad,2031,1,4,1,24,1,0,1,19050778
Bangalore,2414,4,4,1,26,1,1,1,25297090
Hyderabad,1732,5,1,1,18,0,0,1,16809369
Delhi,2456,3,3,1,22,0,0,0,33548838
Hyderabad,892,6,1,1,9,1,1,1,11537754
Delhi,1325,2,1,0,11,1,1,1,20026167
Delhi,3463,2,1,1,6,0,1,1,47762895
Hyderabad,6508,5,1,0,13,0,1,0,55616267
Chennai,2895,1,4,0,9,1,0,1,24190510
Mumbai,4645,4,1,1,27,0,1,0,84800267
Bangalore,5992,6,4,0,7,0,0,0,58326317
Pune,5646,3,3,0,14,1,0,0,55887159
Mumbai,5395,1,2,0,25,0,1,0,97838488
Bangalore,2292,6,4,0,15,1,0,0,25095543
Bangalore,3564,6,1,1,7,1,1,1,36946967
Delhi,1863,5,3,0,3,0,1,0,28465954
Bangalore,2848,5,1,0,29,1,0,0,28626158
Pune,4051,2,3,1,16,1,0,1,41165064
Bangalore,4128,3,2,1,3,1,0,1,40958266
Hyderabad,3836,1,3,1,21,0,1,0,32712281
Mumbai,2065,2,3,1,25,0,1,1,38537178
Hyderabad,4167,3,2,1,10,0,1,1,37082694
Pune,2713,4,2,0,12,1,0,0,28678321
Bangalore,6959,4,3,1,5,1,1,0,66616028
Pune,4596,2,1,0,21,0,1,1,44939297
Delhi,1519,1,4,1,13,0,0,1,21250069
Hyderabad,1784,3,1,0,27,1,0,0,16505022
Hyderabad,562,4,4,0,6,0,1,1,8292622
Chennai,3030,4,2,1,11,1,1,1,26909500
Bangalore,3892,1,1,0,26,0,1,0,35203146
Delhi,6465,2,2,1,0,0,0,0,86106068
Hyderabad,3772,5,3,0,9,0,1,0,34494901
Hyderabad,2769,6,3,1,0,0,1,1,27588925
Delhi,4747,3,1,0,15,1,0,1,64078679
Pune,1143,4,2,0,6,0,1,0,14239091
Pune,5221,6,1,1,27,1,1,1,54156905
Bangalore,716,6,1,1,19,1,1,1,11487357
Chennai,695,5,4,1,5,0,0,0,9712594
Hyderabad,4364,6,3,1,21,1,0,1,40207784
Chennai,3773,1,1,1,24,1,0,0,29398748
Pune,5610,2,3,1,17,0,0,0,54922119
Pune,3194,3,4,1,19,0,1,1,32891832
Mumbai,3712,1,2,1,3,0,0,1,68144986
Bangalore,3255,2,1,1,22,0,0,1,29621126
Mumbai,2021,1,3,1,15,0,0,0,37973717
Mumbai,6174,4,1,0,0,0,0,0,113303993
Mumbai,1580,4,2,0,20,1,1,1,32289719
Bangalore,6123,5,1,1,29,1,0,0,57168126
Bangalore,1221,1,1,1,26,0,1,1,11189267
Delhi,6203,6,3,0,19,1,0,1,85599840
Chennai,6355,4,2,1,1,1,1,1,52424562
Chennai,2062,2,4,0,15,1,0,1,19058350
Delhi,1139,5,2,0,20,0,0,0,17555210
Delhi,6749,6,2,0,8,0,0,1,91252561
Pune,4760,3,4,0,14,0,1,0,47409155
Mumbai,4810,1,1,0,23,0,0,1,87421154
Delhi,5690,4,3,1,15,1,1,0,78332776
Hyderabad,4287,6,1,0,8,0,1,1,39413494
Chennai,4236,2,1,1,6,0,1,0,33426122
Delhi,589,1,4,0,9,0,0,0,9073794
Hyderabad,6391,2,4,0,6,1,0,1,55289217
Hyderabad,3421,5,1,0,29,1,0,1,31315716
Hyderabad,1751,4,2,1,29,1,0,0,16298720
Pune,1602,4,3,0,12,0,0,1,18774673
Pune,5203,5,2,0,1,0,1,0,53408581
Hyderabad,848,2,1,1,11,1,0,0,8680692
Pune,4413,1,1,1,12,1,0,0,43363568
Mumbai,4552,2,3,0,2,1,0,1,84595414
Hyderabad,3441,1,2,0,10,0,1,0,29674891
Mumbai,745,6,1,0,25,0,0,0,15687255
Mumbai,771,5,1,1,7,1,0,0,17947888
Hyderabad,2530,3,4,0,10,1,0,1,24701013
Chennai,4998,1,3,1,17,1,0,0,38806468
Hyderabad,3687,4,4,0,6,0,1,1,34830903
Hyderabad,4006,6,4,1,11,0,1,0,37519262
Pune,1965,4,4,1,5,1,0,1,22804661
Hyderabad,1695,6,1,0,27,1,1,0,16730193
Chennai,3587,4,2,0,9,0,1,1,30466268
Pune,3508,2,4,1,19,1,1,1,37080170
Bangalore,4323,2,2,0,26,0,0,1,39170102
Bangalore,5675,2,1,1,14,0,1,1,52888640
Mumbai,2114,6,4,1,19,1,0,1,42622423
Mumbai,1626,6,1,0,14,0,0,1,32743608
Chennai,4879,4,4,1,18,0,1,0,39150368
Delhi,1016,1,4,0,29,0,1,1,14855196
Bangalore,3165,6,1,1,5,0,1,0,32537833
Mumbai,1801,4,3,0,18,0,0,0,34457252
Bangalore,1111,1,3,0,14,0,1,1,11102257
Chennai,1249,2,2,0,24,1,0,0,10331556
Chennai,5888,6,2,1,19,0,1,1,48204699
Delhi,2356,3,1,0,19,0,1,0,32238883
Delhi,899,2,1,1,17,0,1,1,13626431
Pune,2026,5,1,1,1,0,0,0,21620109
Chennai,2524,1,3,0,6,0,1,1,21562244
Mumbai,6729,3,3,1,4,1,0,1,124517926
Bangalore,819,2,4,0,2,0,1,1,11158651
Hyderabad,5651,6,4,1,5,0,0,0,50922489
Delhi,835,3,1,1,5,1,1,0,13368947
Hyderabad,2598,4,1,0,0,0,1,1,24304825
Mumbai,673,1,2,0,18,1,1,1,14595845
Delhi,4519,5,3,1,11,1,1,0,63942727
Hyderabad,2141,4,1,0,4,0,1,0,19934603
Mumbai,1000,3,3,0,26,1,1,0,20227775
Bangalore,4146,2,1,1,28,1,0,0,38360336
Mumbai,6719,1,4,0,26,0,1,0,122432909
Pune,2863,6,1,1,6,0,1,1,31963339
Delhi,2356,5,4,0,19,1,0,1,35440834
Chennai,3652,2,2,0,27,1,0,0,28573067
Bangalore,2396,5,2,1,7,0,1,0,25258977
Hyderabad,6259,6,2,1,18,0,0,1,54249328
Delhi,2218,1,1,0,5,0,0,1,29282883
Chennai,2278,3,2,0,14,0,1,0,18780022
Mumbai,5292,5,1,1,5,0,0,0,98631080
Chennai,3557,1,3,0,8,1,1,0,29040334
Delhi,5327,5,4,0,3,1,0,1,75042234
Delhi,5690,2,3,0,15,1,0,0,75792834
Pune,3213,5,1,0,22,1,0,1,33302521
Pune,4328,2,2,1,9,0,1,0,43104398
Chennai,5247,2,4,0,0,1,1,0,43493656
Mumbai,1594,1,2,1,10,1,1,1,30945705
Chennai,545,4,3,1,16,1,1,0,8047233
Delhi,5666,6,1,0,17,0,1,1,76414626
Delhi,1945,5,4,1,19,0,1,0,29221888
Hyderabad,2696,3,4,0,27,0,0,1,24267328
Pune,3701,2,1,0,21,0,0,1,36612788
Hyderabad,955,4,1,1,19,1,1,0,10659572
Bangalore,2162,2,4,1,14,1,0,0,21991758
Delhi,3424,4,3,1,5,1,1,1,49992969
Hyderabad,1465,4,3,0,15,1,1,0,15463759
Chennai,6616,3,2,0,1,1,0,1,53859387
Pune,5464,4,4,0,24,1,0,1,54940466
Pune,2028,3,1,1,26,1,1,0,20954434
Mumbai,3476,1,1,1,2,1,1,1,64888382
Chennai,3571,2,1,1,22,0,0,0,27095681
Mumbai,5596,3,1,1,16,1,0,0,102912782
Hyderabad,5369,6,4,1,7,1,0,1,50115091
Bangalore,6887,2,3,0,19,0,1,1,63780237
Chennai,3021,6,2,0,29,1,1,0,26556279
Chennai,1626,5,3,1,26,1,1,1,16766104
Chennai,5656,6,2,1,27,0,1,1,45807014
Mumbai,6273,1,1,1,14,0,1,0,114054222
Hyderabad,6139,5,1,1,12,1,0,0,54098178
Chennai,3904,5,4,0,20,0,1,0,32783181
Chennai,4992,4,1,1,22,0,1,1,39507035
Pune,2843,6,4,1,18,0,1,1,31808115
Bangalore,606,4,4,1,24,0,0,0,7440042
Pune,5549,6,4,0,24,1,1,0,56672188
Pune,3077,5,1,0,23,0,0,0,31037954
Bangalore,6444,4,1,1,0,0,1,0,60581779
Hyderabad,3654,2,3,0,27,1,1,1,33075005
Pune,5529,6,2,1,28,0,0,1,55098705
Hyderabad,4883,6,3,1,11,0,0,0,43392479
Pune,4553,4,1,1,17,0,1,1,46069044
Delhi,5301,6,2,0,17,1,0,1,72868089
Bangalore,6639,5,4,1,2,0,0,1,64053112
Pune,6080,4,2,1,17,0,0,0,59650656
Delhi,714,4,4,0,16,0,1,0,12561277
Mumbai,5900,3,1,0,10,0,1,1,107704364
Delhi,6573,3,2,1,4,0,1,0,87366291
Chennai,6078,5,4,1,21,0,1,0,49321491
Pune,6420,2,3,0,28,1,0,1,62807999
Delhi,4939,6,3,0,6,0,1,1,68694862
Hyderabad,4789,1,4,0,25,1,0,0,40285780
Mumbai,4753,6,3,1,22,1,1,1,91196125
Pune,964,1,3,1,17,1,1,1,11627793
Chennai,6747,5,2,0,28,1,0,1,53742070
Delhi,6677,2,3,0,6,0,1,0,88438323
Mumbai,6345,2,2,1,17,0,1,1,116451385
Pune,2872,2,1,0,1,0,1,1,29120641
Mumbai,1091,3,3,1,27,0,0,0,20428639
Chennai,2688,5,1,1,5,0,1,0,23174943
Delhi,5650,1,3,1,21,0,0,0,73687257
Mumbai,1383,2,4,0,7,1,0,0,27865313
Mumbai,4658,5,4,1,20,0,1,1,88011616
Bangalore,5706,6,1,0,20,0,1,0,53557519
Mumbai,803,1,1,0,25,1,1,0,15368062
Bangalore,5680,3,1,0,16,0,1,0,53062685
Delhi,4991,4,4,0,3,1,0,1,69249542
Pune,833,1,1,1,16,0,0,0,7742824
Pune,3333,6,4,1,25,0,1,0,34906592
Delhi,5006,1,1,1,15,1,1,1,67268962
Delhi,2831,1,2,0,20,0,1,1,37697704
Hyderabad,5061,4,2,1,14,0,0,1,43780581
Delhi,579,2,3,1,14,1,1,1,11311856
Mumbai,4263,6,2,1,7,0,1,1,81181351
Pune,3331,4,1,1,16,0,1,1,34092270
Chennai,5696,1,2,0,29,0,0,1,42600659
Pune,2477,6,2,0,18,0,0,0,26298728
Bangalore,1232,3,1,1,0,1,1,0,14177010
Pune,4476,1,2,0,12,1,0,0,44290493
Hyderabad,2317,3,1,0,5,1,1,1,22451549
Delhi,6159,5,2,0,9,1,1,1,84670466
Delhi,1884,3,1,1,0,1,0,0,27274931
Pune,2624,1,4,1,25,0,1,1,26660503
Chennai,5783,4,4,0,11,0,0,0,46270008
Chennai,1698,1,3,0,18,1,0,0,14252793
Hyderabad,6207,1,2,0,14,1,1,0,53290113
Bangalore,2792,5,3,0,20,0,1,1,28201119
Pune,4717,2,1,1,4,1,1,0,47493103
Delhi,684,1,4,0,1,1,1,1,12495998
Pune,4627,5,1,1,18,0,1,0,46649745
Hyderabad,1497,4,3,0,13,0,0,0,15160033
Mumbai,2486,5,1,1,28,1,0,0,47240386
Mumbai,3309,5,1,0,8,1,0,1,63432235
Hyderabad,5164,3,1,1,28,0,0,0,42829550
Delhi,2857,2,1,1,0,1,0,0,39160067
Hyderabad,5991,2,4,0,12,1,1,1,52609781
Delhi,2179,6,1,0,16,0,0,0,31071021
Chennai,5425,4,1,1,27,1,1,0,43021892
Hyderabad,6215,6,4,1,1,1,1,0,56360277
Delhi,3539,5,1,0,23,1,0,0,49111579
Hyderabad,5675,4,1,0,21,0,0,1,47845207
Hyderabad,5386,4,3,0,13,0,0,0,47058144
Delhi,3011,2,4,0,19,0,1,0,41641481
Delhi,4027,2,2,1,22,1,1,1,54833892
Bangalore,3526,2,1,1,5,1,1,1,35414217
Hyderabad,3245,1,3,1,24,1,0,0,28532027
Mumbai,5589,5,4,0,5,0,1,0,105146687
Hyderabad,4673,4,1,0,17,1,1,0,41275844
Hyderabad,3081,5,2,0,18,0,0,1,28438645
Delhi,4703,4,1,1,8,1,1,1,65621189
Hyderabad,5892,4,3,0,14,1,1,1,52734567
Pune,3311,6,4,1,6,0,0,0,35165560
Hyderabad,4590,4,3,0,5,1,1,0,41016456
Pune,6658,4,4,1,28,1,0,1,66603908
Mumbai,869,3,2,1,4,0,0,1,17871002
Delhi,4243,3,1,1,18,1,1,0,57888464
Hyderabad,6848,6,3,0,19,1,1,1,60991715
Pune,2504,1,2,0,0,1,0,0,25836233
Pune,2203,2,2,0,20,1,1,1,23614225
Pune,3824,4,1,0,6,0,1,0,38861402
Chennai,940,5,3,1,17,1,0,1,11567537
Bangalore,3757,3,1,1,26,0,0,0,34125772
Mumbai,3406,2,1,0,27,1,0,1,62634963
Hyderabad,726,1,4,0,7,1,0,1,8876389
Chennai,2901,2,4,0,11,1,0,1,24721922
Hyderabad,5218,4,1,0,9,0,0,1,44800799
Hyderabad,1524,2,4,1,5,1,1,1,16358315
Delhi,6172,4,3,0,25,1,1,1,84183661
Delhi,3991,6,4,1,15,0,0,0,55524066
Delhi,6239,3,2,1,29,0,0,1,82928075
Chennai,5780,3,1,1,18,1,0,0,45366342
Hyderabad,4756,4,1,0,17,0,0,1,40522564
Bangalore,1370,5,3,0,23,0,0,1,15898648
Mumbai,3699,3,1,0,12,1,1,0,69572698
Delhi,2245,5,4,0,19,0,0,0,32553077
Delhi,5770,4,2,1,6,1,1,0,78261304
Hyderabad,943,6,1,0,6,0,0,1,11123563
Hyderabad,6386,4,4,1,15,0,1,1,55536263
Chennai,6090,6,2,0,29,1,1,0,48530554
Chennai,5058,3,1,1,25,1,0,0,39836893
Delhi,972,5,1,1,24,1,0,0,15846012
Hyderabad,579,4,1,1,9,0,0,1,8055521
Bangalore,5658,3,2,0,14,1,1,0,53994855
Mumbai,739,6,1,1,13,1,0,0,17771829
Hyderabad,5152,4,1,1,23,1,0,1,45137688
Hyderabad,1089,6,4,0,11,0,1,0,13696024
Pune,1860,2,4,1,28,1,1,1,20968635
Chennai,2384,6,4,0,14,1,0,0,21925004
Mumbai,6571,2,4,0,7,0,0,0,120595658
Delhi,5899,3,1,1,6,1,0,0,79784488
Hyderabad,5735,4,2,1,25,1,0,0,49153973
Delhi,2816,3,1,0,20,1,0,0,38802046
Hyderabad,6535,1,3,1,8,1,0,1,56769883
Delhi,4930,6,2,0,13,0,0,0,66502667
Mumbai,811,3,3,0,27,1,1,0,16847795
Chennai,1576,3,1,1,26,1,1,0,14435030
Mumbai,533,2,2,0,6,1,1,0,11585017
Pune,2341,6,2,1,11,1,1,1,27931024
Bangalore,4981,2,4,1,13,1,0,0,47730429
Chennai,748,4,1,0,10,0,0,1,7508681
Mumbai,1634,3,3,1,18,1,1,1,33454347
Pune,6029,6,2,1,27,1,1,1,61325699
Bangalore,5798,3,2,1,5,1,0,1,55698173
Pune,5389,4,4,1,2,0,0,0,55043393
Hyderabad,5447,5,2,1,5,1,1,1,49860314
Hyderabad,875,4,4,1,28,0,1,0,9310605
Delhi,1223,2,2,0,23,1,1,1,18013926
Chennai,6206,2,2,1,8,1,1,1,50399975
Hyderabad,2413,3,1,0,1,0,0,1,22104379
Pune,4797,2,2,0,5,1,0,1,47766006
Chennai,2992,6,4,1,13,1,0,1,27511846
Hyderabad,2442,4,4,1,18,0,1,0,22939850
Delhi,4504,3,4,0,29,1,0,0,60771607
Mumbai,2844,4,3,0,29,1,1,0,54478962
Delhi,1831,4,2,1,22,1,0,1,26635634
Bangalore,5088,3,1,0,26,0,1,1,47318945
Hyderabad,837,5,1,0,3,0,1,0,10514927
Bangalore,6564,2,3,1,13,1,0,1,62233819
Bangalore,2365,1,2,0,20,1,0,1,23522150
Pune,3637,1,4,0,9,0,0,1,36564610
Chennai,1291,1,3,1,5,1,1,0,12973527
Pune,4111,2,3,1,10,1,1,0,42468081
Hyderabad,4200,5,4,1,12,0,1,1,39538615
Bangalore,2016,4,3,1,23,0,0,0,20027434
Mumbai,4453,3,3,0,17,0,1,1,83283103
Bangalore,6618,5,4,0,19,1,0,0,62772276
Mumbai,6960,1,2,0,13,1,1,0,126888161
Pune,5537,6,1,0,26,0,0,0,54802076
Pune,4408,2,1,0,19,1,1,0,43908044
Chennai,3173,2,4,1,21,1,0,1,26491693
Bangalore,2622,3,4,0,19,1,0,0,26016180
Delhi,4285,6,2,0,10,1,1,0,59869435
Pune,558,4,3,1,20,0,1,1,8566051
Pune,2933,5,2,0,4,1,1,1,32246941
Chennai,2562,6,3,0,7,0,1,0,23044102
Mumbai,1754,5,3,1,3,1,0,1,37048038
Chennai,4188,5,2,1,11,0,1,0,34713876
Bangalore,4248,4,4,0,5,0,0,0,41365742
Hyderabad,6842,4,4,1,22,1,1,0,59756351
Hyderabad,5973,4,2,0,23,0,1,0,50200756
Mumbai,4630,3,3,0,24,1,0,1,85552049
Pune,4757,2,3,1,25,1,1,1,47972268
Mumbai,3529,1,3,0,7,0,1,0,65313593
Pune,3346,4,3,1,29,0,1,1,34525077
Pune,5490,2,2,1,3,0,1,1,55398173
Hyderabad,970,4,1,0,19,0,1,0,9790469
Mumbai,4535,1,4,0,9,1,1,0,83772227
Chennai,3399,6,4,1,10,1,0,0,30654556
Pune,1946,4,1,1,14,0,0,0,19947988
Delhi,4943,2,3,1,4,0,1,1,67114235
Delhi,5289,3,1,1,2,0,0,0,70266746
Chennai,5530,6,1,0,14,1,1,0,45126721
Delhi,1412,6,1,1,1,0,1,1,22197224
Bangalore,4742,6,4,0,1,1,1,0,48797792
Pune,2211,1,4,1,24,1,0,0,23207232
Chennai,1174,2,1,1,7,0,0,1,9892121
Mumbai,1939,5,1,0,21,1,1,1,39056400
Pune,3234,5,1,0,13,1,1,0,34372131
Chennai,6113,5,3,1,29,1,1,0,48823464
Hyderabad,4130,3,3,0,29,0,0,1,34768383
Mumbai,5875,4,3,0,8,0,0,0,108775824
Hyderabad,1185,4,4,0,4,1,1,1,14834354
Pune,1626,4,2,0,29,0,1,1,16877714
Mumbai,4716,3,1,1,11,1,1,0,87122144
Delhi,2966,5,1,0,9,0,1,1,42405109
Chennai,2897,6,2,1,0,1,0,0,26293910
Pune,4637,4,1,1,23,0,0,1,45885259
Bangalore,3938,6,3,1,18,0,0,1,38943627
Mumbai,4624,6,3,1,29,1,0,0,86881860
Mumbai,1465,3,2,0,24,0,1,0,27091203
Pune,6511,3,3,1,10,1,0,1,65738675
Pune,6596,2,2,1,16,0,1,0,63674375
Hyderabad,6657,4,3,0,2,0,0,1,58116440
Delhi,1419,5,1,0,0,0,0,0,20815948
Hyderabad,5413,1,4,0,16,0,0,0,45399826
Hyderabad,3372,3,3,1,5,1,1,0,31531551
Delhi,2008,6,2,0,12,1,0,0,29901240
Bangalore,1712,2,4,1,19,1,0,1,17956538
Hyderabad,1371,1,1,1,25,1,0,0,12447677
Hyderabad,4890,3,4,1,3,0,0,0,42638369
Mumbai,3754,2,2,0,4,0,0,0,69183290
Delhi,1363,6,1,1,14,1,0,0,21991192
Chennai,4453,4,1,1,13,1,1,0,36670475
Bangalore,3608,2,3,0,18,1,1,0,35099246
Bangalore,3555,3,4,1,14,1,1,0,35101348
Delhi,5633,4,3,0,11,0,1,1,76873488
Pune,4494,6,1,0,17,1,0,1,46965556
Pune,3182,5,3,0,13,0,1,0,33383842
Mumbai,5190,2,3,0,9,0,1,1,95174875
Mumbai,5778,1,2,0,7,0,1,0,104840579
Delhi,6113,6,3,0,26,0,0,1,82402225
Mumbai,5948,4,1,1,22,0,0,0,108997250
Bangalore,1113,6,3,0,25,0,0,0,13406700
Bangalore,2372,4,1,1,28,0,1,0,23325653
Chennai,3654,6,1,1,3,1,1,1,32107335
Pune,6199,5,2,1,17,1,0,0,62663005
Delhi,6179,2,1,1,27,0,0,0,81173387
Hyderabad,6188,1,1,0,24,1,1,0,51743254
Pune,5751,5,2,1,7,0,1,0,58458162
Hyderabad,5060,2,1,0,3,1,0,0,44144225
Chennai,6075,1,2,1,10,1,0,1,48269313
Chennai,3873,6,4,0,4,1,1,1,35139353
Mumbai,5886,1,4,0,29,1,0,1,107664408
Chennai,3691,3,4,1,9,1,0,0,30657899
Chennai,6889,1,1,0,5,1,0,0,53605989
Hyderabad,1067,2,3,0,28,1,0,0,10649870
Mumbai,4633,5,2,0,3,1,0,1,87629182
Chennai,744,5,4,0,17,0,1,0,8574076
Pune,520,3,2,1,20,0,1,1,7671945
Chennai,5729,2,4,1,26,0,0,0,44464525
Mumbai,6225,1,4,1,16,1,1,0,114968205
Delhi,893,3,1,1,6,0,1,1,14299786
Mumbai,6029,6,2,0,8,0,0,0,112100840
Hyderabad,5582,4,1,1,2,1,0,0,48648421
Delhi,6267,6,2,1,21,0,1,1,84651797
Pune,4314,2,2,0,8,0,1,1,43799345
Bangalore,2555,3,3,0,26,1,1,1,26159196
Mumbai,4015,5,4,1,3,1,0,0,77388977
Hyderabad,2875,3,1,1,21,0,0,0,24875749
Pune,2410,4,3,1,29,1,1,1,26202103
Delhi,789,2,2,0,18,1,0,1,13025885
Pune,6382,3,4,1,8,0,1,0,63053294
Mumbai,3058,6,1,0,22,1,0,0,57625032
Chennai,5507,1,3,0,22,0,0,0,41143368
Mumbai,860,6,2,1,19,1,0,0,18784238
Bangalore,2122,2,3,0,5,1,1,0,22475348
Mumbai,4814,3,2,0,26,0,0,1,88279096
Delhi,4594,6,2,1,10,1,0,0,64490758
Delhi,2953,3,4,0,23,1,0,0,41523419
Mumbai,2515,6,1,0,14,0,0,1,48116224
Delhi,2540,2,4,0,21,1,0,1,35451194
Chennai,2544,5,1,1,5,1,1,0,22708932
Pune,3300,6,1,0,19,1,0,0,35211857
Mumbai,3470,1,2,0,23,1,0,0,62881780
Chennai,1331,6,3,0,29,0,1,1,13053031
Pune,2293,2,1,1,9,1,0,0,23852136
Pune,4192,6,1,1,23,1,0,0,43073531
Chennai,2291,1,1,1,24,1,0,0,17981037
Hyderabad,3341,1,1,1,21,1,0,1,29260324
Mumbai,5839,2,2,1,17,1,1,0,107659912
Pune,5190,3,4,1,15,0,0,0,52283340
Pune,2654,6,3,1,3,1,0,0,29614109
Delhi,1080,5,2,0,19,0,0,0,16052429
Pune,6343,1,2,0,12,0,0,1,61622772
Chennai,6651,1,2,1,23,0,1,0,50982799
Pune,3353,6,1,1,4,0,0,1,36001367
Hyderabad,2736,3,3,1,19,1,0,1,25686248
Mumbai,4676,6,2,0,23,0,1,1,87254939
Mumbai,2655,2,2,0,28,1,0,0,49169786
Pune,1844,5,2,0,18,1,1,0,21078853
Bangalore,6198,6,1,0,17,0,0,0,57978456
Bangalore,845,1,1,1,19,0,1,1,8431492
Chennai,2386,1,2,0,26,1,1,0,19263851
Bangalore,6971,2,1,0,16,0,1,1,63780201
Chennai,1054,3,3,0,15,1,1,1,11500422
Delhi,4270,6,1,1,0,0,0,1,59850301
Chennai,4897,4,2,1,20,1,0,0,40265718
Bangalore,699,3,3,1,28,1,1,0,8789925
Pune,3440,1,1,0,26,0,1,1,32962369
Delhi,3990,6,2,0,0,0,1,1,57036980
Bangalore,5658,1,4,0,29,0,0,1,51238450
Chennai,806,5,4,1,19,0,1,0,9957300
Hyderabad,3575,3,3,1,23,1,0,1,32614205
Mumbai,2156,4,3,0,13,0,0,0,41616685
Bangalore,6467,5,3,0,23,1,1,0,61420107
Chennai,6822,4,1,1,1,1,1,1,55680756
Delhi,3192,5,3,0,14,1,0,0,45220118
Bangalore,6442,3,1,0,28,1,1,0,59442411
Bangalore,2264,1,2,0,2,0,1,1,22966341
Mumbai,775,4,1,1,29,0,0,0,15558919
Chennai,5771,3,1,1,12,1,1,0,46191344
Hyderabad,3861,4,2,1,18,1,1,0,34600689
Delhi,1901,3,4,1,0,0,0,0,27873434
Chennai,5233,5,1,1,12,0,1,0,42653104
Delhi,2275,3,1,1,14,1,1,0,31685852
Bangalore,3881,5,2,1,15,1,0,0,38736795
Mumbai,5525,1,3,1,29,1,1,1,101430294
Mumbai,4550,5,2,1,10,0,0,1,85836911
Pune,3960,2,4,0,2,0,1,0,39992677
Hyderabad,2380,1,3,0,7,0,0,0,21338544
Mumbai,4335,6,4,0,5,1,0,1,83748440
Bangalore,4778,6,1,0,4,0,1,0,46202901
Hyderabad,2344,3,4,1,25,1,0,0,22519826
Chennai,3877,3,4,0,27,0,1,0,31628054
Mumbai,571,2,2,0,14,1,0,0,12420603
Hyderabad,2176,3,3,0,8,0,1,1,20747387
Bangalore,1795,1,1,1,29,1,0,1,17437394
Pune,6912,1,1,0,22,1,0,0,65933952
Delhi,1543,5,1,0,21,1,1,1,24002730
Delhi,3125,4,3,0,4,0,1,0,43559830
Bangalore,3542,3,3,1,20,0,0,1,33912628
Bangalore,1314,2,4,0,9,1,0,0,14140131
Delhi,6122,6,4,1,24,1,0,1,84208672
Pune,2694,1,3,1,28,1,0,0,27587473
Hyderabad,4000,1,1,0,25,1,0,0,33480940
Delhi,809,1,3,1,5,1,0,1,13663806
Bangalore,2561,4,2,1,27,1,0,1,25625653
Mumbai,4727,4,3,0,10,1,0,0,88532570
Chennai,2377,3,3,1,3,1,1,1,22513208
Pune,3302,6,1,0,19,1,1,1,34855052
Pune,2986,2,4,0,11,0,1,0,30956879
Mumbai,5335,4,2,0,19,1,1,1,98894548
Mumbai,4245,5,2,1,26,1,0,0,80077866
Bangalore,1294,4,2,0,5,1,0,1,15134265
Delhi,6906,1,3,0,0,1,1,0,91932933
Hyderabad,4514,2,1,0,24,0,0,0,37102263
Pune,4853,3,3,1,29,1,0,1,48507104
Pune,5853,4,4,0,17,1,1,0,60045283
Mumbai,3907,1,1,1,1,1,1,0,71930962
Delhi,2956,5,2,1,4,1,1,1,43718841
Pune,2351,5,3,0,15,1,0,0,26006329
Hyderabad,1474,3,1,1,11,0,0,1,14487667
Mumbai,1547,3,3,0,11,1,1,1,31889213
Hyderabad,4866,4,1,1,10,1,1,0,43449003
Delhi,5714,3,2,0,19,1,1,1,77030285
Pune,4737,6,4,0,18,0,1,1,48806341
Chennai,4289,6,4,1,20,0,0,0,35287489
Pune,5497,1,3,0,6,0,1,1,53769336
Delhi,3521,1,2,0,25,0,0,0,45253154
Pune,4869,1,3,1,1,1,1,1,49501174
Pune,6919,6,3,1,28,1,0,0,69063331
Bangalore,4529,4,1,1,28,0,0,1,42286371
Pune,964,4,1,1,5,0,1,0,11416548
Pune,5827,3,1,1,3,1,0,0,58245837
Hyderabad,5915,4,2,0,1,0,1,1,51492386
Chennai,787,1,2,0,16,1,1,0,7006695
Hyderabad,3695,2,3,0,7,0,1,0,32264849
Hyderabad,1375,1,1,1,4,0,0,0,12111587
Mumbai,2492,6,2,1,9,0,1,1,49574178
Bangalore,3425,2,3,0,15,0,0,0,32232368
Hyderabad,6823,3,2,1,1,0,1,1,58863755
Delhi,1620,5,3,0,23,0,0,1,23407449
Delhi,5810,4,4,0,18,1,1,1,79671630
Pune,946,4,1,1,6,1,1,0,12570910
Mumbai,3332,6,4,1,1,1,0,1,65467060
Bangalore,4068,1,3,1,12,1,0,0,38207588
Bangalore,3396,1,3,1,22,0,0,1,31436942
Pune,1221,2,1,1,3,1,1,1,14703559
Delhi,2663,4,1,1,15,0,0,1,37198023
Chennai,3082,6,3,0,9,0,0,0,26722470
Mumbai,1851,3,2,1,16,0,0,1,35128432
Pune,4480,1,1,0,20,1,0,0,43632994
Mumbai,5002,4,3,0,27,0,1,0,91639090
Delhi,3884,5,1,0,13,0,0,1,53747377
Delhi,2225,6,1,1,11,0,0,1,32267233
Chennai,1193,2,4,0,12,0,1,1,11380586
Chennai,3913,1,4,1,29,1,1,0,31687917
Bangalore,994,1,2,1,19,0,1,0,9303447
Mumbai,1447,3,1,1,7,1,0,0,28474135
Mumbai,522,1,3,1,16,0,0,1,10695954
Delhi,1628,6,3,1,17,1,0,0,25232451
Bangalore,6294,4,1,0,20,1,0,0,58377220
Pune,1057,4,1,1,9,1,0,0,13474384
Mumbai,2116,4,2,0,25,1,1,0,41037109
Bangalore,5536,5,2,1,27,1,0,1,53627187
Bangalore,4230,5,2,1,12,1,0,1,42579733
Delhi,5841,1,3,1,1,1,0,1,79070636
Bangalore,2156,5,4,0,26,0,0,0,22034287
Chennai,4673,5,2,0,16,0,0,0,37698540
Chennai,5941,3,3,0,5,1,0,1,48378645
Hyderabad,1306,5,2,0,11,1,1,1,14466511
Delhi,3812,2,3,1,28,1,1,0,51447511
Pune,5637,2,1,1,12,0,1,0,54615728
Hyderabad,5363,2,3,0,27,0,1,0,45173527
Chennai,953,1,1,0,25,0,1,1,8090496
Hyderabad,3475,4,3,0,3,1,1,0,32749442
Delhi,2824,3,4,0,14,1,0,0,39547526
Delhi,1947,1,3,1,15,1,0,1,27834085
Bangalore,6095,4,1,1,20,0,1,0,57439423
Mumbai,5646,3,4,1,18,1,1,0,105022097
Bangalore,3061,3,3,0,14,1,0,1,31326957
Delhi,6484,3,3,0,25,1,0,0,86138077
Chennai,3011,2,2,1,5,0,1,0,25026753
Pune,3371,2,4,0,19,1,1,0,34498720
Chennai,862,2,1,0,28,1,1,1,8044979
Bangalore,3954,3,4,0,5,0,0,1,39139426
Pune,3298,6,1,1,28,0,1,0,34389731
Delhi,5120,3,2,0,4,0,1,0,69396852
Chennai,3953,2,2,1,26,0,1,0,30947316
Delhi,3755,3,1,0,1,1,1,1,52344135
Pune,1717,2,1,0,19,1,0,0,17271931
Pune,1985,2,1,1,1,1,1,1,22580397
Chennai,2603,2,2,1,4,0,0,0,21541765
Delhi,5849,6,4,1,2,0,0,1,80588805
Hyderabad,3036,4,2,1,5,0,1,1,28591560
Delhi,2355,3,3,0,10,0,1,0,33395857
Pune,5317,1,2,0,4,1,0,1,52537703
Delhi,6579,2,3,1,17,1,0,0,87791707
Bangalore,1707,6,3,1,13,0,0,1,18997901
Hyderabad,1948,1,2,0,9,1,0,0,17921641
Mumbai,5994,4,2,0,26,1,0,1,111039093
Bangalore,6684,3,2,0,23,0,1,1,61820754
Mumbai,2007,6,4,1,21,1,1,1,40780008
Chennai,1503,2,2,1,24,1,1,1,13630951
Mumbai,6903,2,1,0,2,1,0,0,126122929
Delhi,1425,2,2,1,15,0,0,1,19693212
Mumbai,5451,6,3,0,29,0,0,1,100768317
Pune,583,1,4,1,15,0,0,1,6778033
Bangalore,6689,4,4,1,10,0,1,1,64696079
Bangalore,4242,3,3,0,3,1,1,1,41970006
Mumbai,4427,4,4,0,10,0,0,0,82184392
Bangalore,2042,2,4,1,7,1,0,0,21121726
Pune,1485,4,1,0,15,1,1,0,16537067
Bangalore,6464,1,1,1,22,0,1,1,59366092
Mumbai,4731,5,4,0,7,0,1,0,89154764
Hyderabad,5802,5,2,0,8,0,0,0,50458612
Hyderabad,6328,3,4,1,13,0,1,1,55008481
Chennai,5791,3,1,0,7,1,0,0,46475041
Bangalore,1408,4,4,1,23,1,1,1,17497742
Mumbai,3408,3,2,1,15,1,1,0,63927297
Bangalore,5185,6,2,1,21,0,1,0,49240233
Delhi,6547,1,1,1,26,0,0,0,84702327
Pune,5551,2,4,0,1,0,0,0,55685474
Bangalore,3237,2,1,1,27,0,1,1,30382604
Bangalore,3086,4,3,1,22,1,0,0,31417791
Hyderabad,1643,2,1,1,19,0,1,1,15408292
Pune,1831,4,1,0,18,1,0,1,20310803
Mumbai,3848,3,1,1,19,1,1,0,70990613
Bangalore,2053,3,4,1,19,1,0,1,22098818
Hyderabad,2842,6,3,0,18,0,0,1,27368432
Chennai,2306,6,4,1,24,0,1,1,21735904
Pune,2600,1,2,1,29,1,1,1,26438250
Hyderabad,1305,2,3,0,18,0,0,0,11980617
Hyderabad,6051,6,1,1,17,0,1,1,52630117
Hyderabad,4647,1,1,1,12,0,1,1,39582793
Bangalore,3275,5,1,0,16,1,1,0,32944521
Bangalore,571,6,4,0,26,1,1,1,10315595
Chennai,527,1,2,0,0,1,0,1,6363082
Delhi,968,4,3,1,20,1,1,1,16415761
Delhi,4483,4,3,1,27,1,0,1,61241677
Delhi,1263,1,4,0,27,0,0,0,16483666
Pune,1924,3,2,1,4,0,0,0,21206874
Pune,2748,5,3,0,27,1,0,0,28594755
Chennai,4332,1,4,1,24,1,1,1,34613239
Pune,5415,6,2,0,19,1,0,0,54465657
Delhi,4560,3,2,0,20,1,1,0,61374703
Delhi,4570,1,3,0,12,0,1,1,61773433
Hyderabad,6085,2,3,1,5,1,0,1,52966261
Pune,2175,6,2,0,28,0,1,1,23448298
Bangalore,1059,6,3,0,9,1,0,1,14411635
Bangalore,4974,4,4,1,22,0,1,1,47779436
Hyderabad,4331,2,2,0,8,0,1,0,37531898
Hyderabad,2418,2,3,1,28,0,1,1,21233144
Hyderabad,5671,6,3,0,5,1,0,1,51500402
Bangalore,578,5,4,0,0,1,0,1,10453361
Delhi,6004,3,3,0,23,1,0,0,80329171
Hyderabad,5429,4,3,0,29,1,1,1,47988951
Chennai,4147,2,3,0,17,0,0,0,31877231
Hyderabad,1531,4,1,0,24,1,1,0,14817275
Mumbai,2572,6,4,0,26,1,1,1,51183839
Hyderabad,5045,3,4,1,22,1,1,0,43977975
Bangalore,6588,1,1,0,6,1,1,1,61423246
Pune,1984,2,4,1,25,1,0,0,20966253
Hyderabad,2745,3,3,1,9,0,0,1,25799554
Pune,6338,4,3,1,11,0,1,1,64166223
Mumbai,6566,6,3,1,20,0,1,1,122765607
Chennai,2050,3,4,1,23,1,1,0,18310242
Pune,5285,1,4,1,25,1,0,0,52145260
Delhi,6586,3,2,0,14,0,1,0,87044120
Hyderabad,5997,6,1,0,16,1,0,0,52596439
Mumbai,5182,4,4,0,2,0,0,1,97109787
Mumbai,6747,2,2,0,24,0,0,0,122195005
Pune,2329,2,1,0,14,0,1,0,23175549
Chennai,4251,5,1,1,0,0,0,0,35165435
Bangalore,6581,4,3,1,10,0,0,0,62124715
Hyderabad,5222,5,3,1,23,1,0,0,45878541
Mumbai,2531,5,2,0,5,1,0,0,49004655
Chennai,4959,6,2,0,27,1,0,0,39943090
Delhi,4356,6,3,0,28,1,1,0,61038060
Mumbai,2682,6,3,0,15,0,1,0,51784736
Chennai,4969,1,1,1,25,0,0,1,37392727
Bangalore,6682,4,1,1,20,0,1,1,62449075
Bangalore,6583,2,4,0,11,0,0,1,61230449
Mumbai,2594,4,3,1,21,1,1,0,49796622
Mumbai,6679,6,1,0,26,0,1,1,123005047
Pune,4403,1,2,0,20,0,0,1,42078869
Hyderabad,6738,4,1,0,14,0,0,1,57578583
Chennai,3532,4,3,1,24,1,1,1,30125113
Mumbai,5980,5,1,1,17,0,1,1,111085312
Hyderabad,2048,4,3,1,9,0,1,1,19964214
Pune,5765,5,1,0,21,0,0,1,57523702
Hyderabad,6536,5,4,0,11,1,0,0,57201727
Mumbai,867,3,4,0,19,1,1,0,19042904
Bangalore,564,6,2,1,18,0,0,0,8645491
Chennai,3799,1,2,0,27,1,1,1,30299581
Chennai,5349,5,3,0,4,1,0,0,43966164
Bangalore,6139,4,3,1,17,0,0,0,57246442
Mumbai,2535,5,3,0,18,1,0,1,49294779
Chennai,3363,5,1,1,22,1,1,1,29463505
Mumbai,2376,5,1,1,11,0,1,1,46607392
Pune,6174,2,1,0,0,0,1,1,61186115
Mumbai,5351,2,2,0,1,1,0,0,98603541
Hyderabad,2728,2,3,0,2,0,0,0,23699759
Bangalore,6120,2,1,0,25,1,1,1,56900622
Mumbai,1096,3,2,1,28,0,1,1,21453843
Pune,4106,5,4,1,29,1,0,1,43633579
Delhi,3174,3,3,1,11,0,0,0,43793216
Bangalore,4389,4,4,1,13,1,0,1,44440208
Chennai,4006,6,2,1,6,1,0,0,35291267
Hyderabad,2334,1,3,1,3,1,0,1,21574801
Chennai,1895,3,1,1,11,1,0,0,16558143
Pune,2086,2,2,0,23,1,1,0,21934825
Pune,611,2,4,0,7,1,0,1,9725578
Chennai,952,4,4,0,0,1,1,1,12890021
Bangalore,3303,5,4,0,4,1,0,1,34809942
Chennai,3131,1,2,0,0,0,0,0,24166389
Mumbai,2686,3,2,0,14,1,1,0,50917631
Chennai,6467,5,3,1,12,0,0,1,51930288
Hyderabad,6874,5,3,0,28,0,1,1,58879414
Hyderabad,5858,6,4,0,22,1,1,0,52746429
Delhi,4848,6,2,1,12,0,1,1,67240101
Hyderabad,2504,3,3,1,3,0,0,1,23851284
Chennai,1959,3,2,0,14,0,1,0,16222765
Hyderabad,2442,3,1,1,11,0,1,0,22213932
Bangalore,3993,3,2,0,7,0,0,0,37570874
Hyderabad,5922,2,4,1,15,0,1,0,50758330
Mumbai,6715,5,2,0,11,1,1,0,124354206
Bangalore,2357,5,4,0,23,1,0,1,24783612
Delhi,6865,2,3,0,24,0,1,0,90823253
Mumbai,5696,5,3,1,26,1,0,0,105671669
Chennai,561,3,3,1,5,0,1,1,7985910
Chennai,1994,1,1,0,22,0,0,1,15022430
Chennai,1680,6,4,1,14,0,1,0,17455593
Mumbai,5401,6,1,1,6,1,1,0,101272531
Mumbai,6768,5,1,0,4,1,0,0,125419295
Mumbai,3288,1,3,0,22,1,1,0,60672863
Bangalore,2375,6,4,1,14,0,1,1,26650639
Pune,2708,1,2,1,24,1,1,1,27780272
Bangalore,5136,2,2,0,27,1,0,0,47020289
Chennai,5221,4,4,1,29,0,0,1,41983978
Pune,6210,5,2,1,11,1,0,1,63868552
Hyderabad,605,2,3,1,10,1,1,0,7738860
Chennai,1654,2,3,0,3,1,0,1,16380866
Delhi,3928,1,1,1,12,1,1,0,52423203
Bangalore,4587,5,3,1,17,0,0,1,44917953
Mumbai,2208,2,2,0,7,0,0,0,40683170
Bangalore,3323,3,1,1,6,0,0,0,31612405
Mumbai,4425,2,4,0,21,0,0,0,81658168
Pune,2408,3,4,0,22,0,1,1,25500275
Delhi,2549,4,1,0,27,0,0,1,34858712
Pune,6876,3,3,0,15,1,1,1,68594929
Delhi,4964,3,1,0,2,0,0,0,65662090
Bangalore,1774,1,1,0,21,0,1,1,17149056
Mumbai,1445,2,3,1,25,1,1,1,28639477
Pune,4404,4,4,0,29,1,0,0,45357094
Delhi,2727,2,1,1,15,0,1,0,36058520
Chennai,4296,3,4,0,15,1,1,0,35730853
Chennai,792,6,2,0,6,1,0,1,10242850
Pune,5179,3,3,1,22,0,0,0,50440714
Mumbai,2722,2,2,0,12,1,0,0,50735887
Pune,6766,4,4,0,12,1,1,1,69126738
Bangalore,6870,6,2,0,20,0,0,1,65432881
Delhi,4473,4,2,0,18,0,0,1,60470121
Bangalore,2991,1,2,1,17,1,1,0,28077670
Chennai,2975,3,1,0,28,1,0,0,23413282
Delhi,5360,3,1,0,6,0,0,1,71596963
Pune,4229,1,3,0,19,0,1,0,41463718
Bangalore,6708,2,4,1,17,1,0,0,63492498
Hyderabad,5900,3,4,0,28,1,1,1,51295526
Mumbai,6010,2,3,0,23,0,0,1,109093471
Mumbai,927,4,4,1,17,0,1,0,19414836
Hyderabad,3472,6,4,0,21,0,1,1,32009966
Chennai,6610,6,2,1,3,1,0,0,53657459
Delhi,606,6,2,1,8,0,0,1,11874285
Mumbai,4119,5,4,1,20,0,1,1,77556777
Hyderabad,5254,1,3,1,15,0,1,0,44618057
Pune,3833,6,3,1,3,1,1,0,41814925
Hyderabad,4492,3,4,0,7,1,0,0,39649937
Chennai,5778,1,3,0,2,1,1,1,46638873
Chennai,6908,4,3,1,29,0,1,0,54503273
Bangalore,1725,4,2,0,28,0,0,1,17946185
Mumbai,4504,4,3,0,8,0,0,0,83455736
Bangalore,4750,4,1,1,7,0,1,0,45301627
Hyderabad,3868,5,2,1,29,1,1,0,35360068
Delhi,1395,2,1,0,11,1,1,0,20145986
Delhi,4405,2,4,0,13,0,0,0,59545961
Chennai,6117,6,3,1,27,0,0,0,48774606
Delhi,2120,5,1,0,23,0,1,0,29738957
Delhi,5588,2,3,1,9,0,0,0,75078574
Delhi,4363,4,1,1,20,0,0,1,58916391
Hyderabad,2792,2,2,1,16,1,0,1,26114618
Delhi,5919,1,4,0,10,0,0,1,78814321
Pune,1885,6,1,1,9,1,0,0,22148243
Delhi,4399,2,2,1,12,1,0,1,60339999
Delhi,4092,1,4,1,24,0,1,1,54977870
Bangalore,2933,3,1,1,1,1,1,0,30191058
Hyderabad,3306,1,1,1,0,1,0,0,29530828
Chennai,3883,1,2,0,21,0,1,1,29724237
Bangalore,1801,4,4,0,0,0,1,1,20533330
Mumbai,1258,4,4,0,15,0,1,1,25980407
Hyderabad,1246,6,2,1,9,0,0,1,13523682
Pune,1092,4,3,0,25,1,0,0,12498726
Hyderabad,6144,1,2,1,28,0,1,0,50604557
Mumbai,3386,5,4,0,9,1,1,1,65502072
Mumbai,4611,4,2,0,6,1,1,1,86661044
Mumbai,5588,4,3,1,29,1,1,1,104712709
Chennai,1568,1,2,0,6,0,1,1,13454667
Delhi,5940,3,2,0,28,1,1,0,79322861
Hyderabad,6791,3,1,0,0,1,0,0,58976523
Delhi,6998,2,3,1,25,0,1,1,92520960
Delhi,3807,6,4,0,12,1,0,0,54771627
Pune,1202,3,3,1,4,1,1,1,15169352
Mumbai,5208,4,4,1,2,0,1,1,97642732
Chennai,604,5,4,1,28,1,1,1,9243949
Pune,1997,2,1,0,12,1,0,0,21121317
Bangalore,4333,6,3,0,26,1,0,0,42707648
Chennai,895,5,1,1,11,0,1,1,10326937
Delhi,4017,5,2,1,29,1,0,1,55091058
Chennai,3153,4,3,0,17,0,0,0,25897413
Mumbai,3791,1,2,0,26,0,0,0,68695307
Bangalore,2510,1,3,0,4,0,1,1,24186588
Mumbai,4381,1,4,0,4,1,1,1,82454501
Bangalore,5446,3,2,1,1,1,1,1,52618897
Pune,2488,1,3,0,5,1,0,1,26635067
Delhi,5037,6,3,1,6,1,0,0,69908595
Bangalore,2168,4,2,1,0,0,1,0,22216140
Bangalore,5468,3,1,0,2,1,1,0,51887382
Bangalore,5262,6,3,0,19,1,0,0,51279241
Chennai,1551,1,1,0,1,0,1,0,13018713
Pune,3341,6,1,0,9,1,1,0,36099496
Chennai,5223,5,1,0,10,0,1,1,42879837
Delhi,6024,4,1,0,20,0,1,0,79331522
Bangalore,4084,4,1,0,12,0,0,1,39595096
Pune,847,6,4,1,15,0,1,0,11628435
Pune,1763,2,1,1,19,1,1,0,19021805
Hyderabad,5613,4,4,0,10,0,0,0,48299397
Delhi,5165,5,3,1,17,0,0,0,70758140
Pune,3242,4,4,1,10,1,1,1,35250486
Bangalore,2573,2,4,0,0,0,1,1,26688752
Bangalore,3648,4,1,1,23,0,0,1,34270409
Pune,6548,4,3,0,17,1,1,0,65833077
Chennai,6860,2,3,0,19,0,0,0,52062533
Delhi,1851,4,3,1,27,1,1,0,27569393
Bangalore,3321,6,2,0,25,1,1,1,33630358
Pune,4327,3,4,0,4,0,1,1,44691712
Bangalore,1169,6,1,0,1,1,1,0,15170412
Pune,5313,4,2,1,25,0,1,0,52681773
Delhi,6953,1,1,1,24,1,1,1,91959821
Pune,3146,1,2,0,17,1,0,0,31591682
Hyderabad,766,3,3,0,21,0,0,1,8903751
Pune,1938,4,2,1,6,0,1,0,21630495
Pune,3193,5,3,1,21,1,0,1,34652554
Delhi,5952,4,2,0,10,0,0,1,79705761
Pune,1522,1,1,1,10,0,0,1,15819796
Delhi,2537,2,1,0,27,0,1,1,33222545
Hyderabad,1064,3,2,1,12,1,0,1,12529606
Delhi,5866,2,4,1,3,0,0,0,79275571
Bangalore,1559,5,4,1,0,1,0,0,18807248
Delhi,1924,4,2,1,17,1,1,1,28400420
Hyderabad,4623,5,4,0,11,1,1,1,43703003
Mumbai,719,2,1,0,25,0,0,0,12759346
Pune,905,4,4,1,27,0,1,1,11106283
Delhi,2137,6,2,0,9,0,1,1,31818462
Pune,6394,6,4,0,27,0,1,1,64400999
Chennai,2818,5,2,1,29,0,1,1,24316433
Bangalore,2259,6,1,1,21,0,0,0,22334335
Bangalore,2174,6,3,0,7,1,1,0,25191802
Chennai,1291,1,1,1,29,1,0,0,10090503
Chennai,4082,6,1,0,2,0,0,0,34422088
Delhi,5558,1,2,1,6,1,1,1,75113141
Chennai,1809,3,1,0,24,1,1,0,15514817
Mumbai,4333,1,1,1,19,1,1,0,78828418
Pune,5429,1,4,1,10,0,0,0,52768215
Pune,4912,2,2,0,6,1,1,1,49440276
Hyderabad,5916,1,4,1,6,1,1,1,52473931
Chennai,6981,1,2,0,28,1,1,0,53752393
Chennai,1830,2,4,0,27,0,0,0,14615624
Mumbai,4946,1,4,1,25,1,1,1,92077538
Bangalore,1010,6,3,1,8,0,0,1,14157081
Bangalore,3072,1,1,1,2,0,1,0,29267368
Pune,4429,3,4,1,10,0,1,0,44727022
Pune,991,1,3,0,16,0,1,0,10547180
Delhi,6527,1,4,0,7,1,1,1,88691102
Mumbai,2117,3,4,1,19,1,0,0,41362503
Hyderabad,2556,2,3,0,1,1,0,0,24030661
Hyderabad,2020,6,3,1,20,1,0,0,20221092
Mumbai,2083,1,3,0,19,1,0,0,39450599
Hyderabad,2075,6,1,1,0,1,1,0,21724677
Bangalore,4446,5,1,1,15,1,0,1,43100349
Hyderabad,2261,6,4,0,27,1,1,1,22659685
Hyderabad,2491,2,1,1,22,0,0,1,20844537
Mumbai,3679,2,3,0,3,0,0,1,68408150
Mumbai,5864,1,2,1,23,1,1,1,107667088
Hyderabad,3826,3,1,0,8,0,1,1,33533695
Chennai,6676,2,3,0,7,0,1,1,52653733
Mumbai,1546,3,3,0,0,0,0,1,31212963
Delhi,3392,5,3,0,7,1,0,1,48625384
Delhi,3113,3,3,1,4,0,1,0,42782391
Bangalore,4392,4,4,1,0,0,0,0,43721805
Hyderabad,4644,3,3,1,24,1,1,1,40796469
Chennai,961,2,3,0,24,1,1,1,9308904
Bangalore,4931,3,4,1,6,1,1,0,47889544
Hyderabad,1881,3,1,1,14,0,0,0,16937846
Mumbai,1645,4,2,1,6,0,1,0,33066347
Delhi,4015,4,4,1,26,1,1,1,56633483
Pune,4954,1,4,0,0,1,1,0,50603043
Chennai,6989,2,1,1,8,1,0,1,54833369
Pune,692,1,1,1,0,1,0,1,9226497
Delhi,6035,4,3,0,28,1,1,0,81005140
Pune,5996,3,1,1,11,0,0,1,58771157
Mumbai,4034,4,2,0,6,1,0,0,75473336
Hyderabad,1255,5,4,1,24,0,0,0,13724831
Mumbai,2184,3,2,0,8,1,0,0,41742686
Pune,3025,1,3,0,4,0,0,0,29524124
Mumbai,1327,3,2,1,11,0,0,0,26204481
Delhi,1389,5,3,1,28,1,0,0,21540681
Chennai,5248,4,2,1,21,0,1,0,41311468
Mumbai,2955,2,4,1,1,0,0,0,56283037
Delhi,2833,6,2,1,17,1,1,1,42125758
Chennai,6517,2,1,1,25,0,1,0,49110850
Hyderabad,5446,2,2,0,8,0,0,1,46041168
Pune,610,4,4,0,28,0,1,0,8115579
Hyderabad,5215,2,3,0,0,1,1,1,46004983
Bangalore,1292,5,2,0,9,1,1,0,16110758
Delhi,6693,4,2,1,27,0,1,1,89534042
Chennai,5753,2,1,0,27,0,0,1,43725454
Mumbai,5183,6,3,0,13,1,0,1,98653076
Hyderabad,3143,1,3,0,20,1,1,1,28028981
Chennai,3914,4,3,1,13,0,1,0,32746979
Delhi,1809,4,4,1,6,0,1,1,28404798
Bangalore,6553,3,4,1,11,0,0,1,62002598
Hyderabad,6957,2,1,0,25,1,1,0,58129861
Pune,796,1,2,1,21,0,0,1,8149298
Chennai,2129,6,4,0,21,0,0,0,18618715
Pune,1068,5,3,0,5,0,1,0,13342080
Chennai,5783,4,2,0,12,1,1,1,46558653
Chennai,5427,5,2,1,7,0,0,0,43641616
Delhi,5205,5,2,1,22,0,1,0,70343699
Delhi,4611,5,1,1,20,0,1,0,62950023
Delhi,5965,3,4,0,25,1,1,1,81415980
Mumbai,571,5,4,1,1,0,0,1,14802130
Chennai,4865,2,2,1,9,0,1,1,38176681
Hyderabad,4882,2,1,1,5,1,0,1,42521670
Pune,565,1,1,0,15,0,1,1,6901730
Delhi,1379,1,4,0,9,1,0,0,20931239
Delhi,567,6,4,0,14,1,0,0,11734954
Pune,1716,5,1,0,20,1,1,1,19908254
Pune,3527,5,3,1,19,1,0,1,37148314
Chennai,5998,3,1,1,9,1,1,0,47673068
Delhi,5569,5,3,0,10,1,1,0,76607382
Pune,3739,5,4,1,20,0,1,0,38560736
Mumbai,3980,5,1,0,24,1,1,1,75004601
Mumbai,1007,4,1,1,27,0,1,0,19257590
Delhi,4214,4,1,1,28,1,1,1,57811806
Pune,3384,3,1,1,1,0,0,1,34539132
Chennai,1625,3,2,0,21,0,0,0,13603282
Chennai,1385,2,2,1,26,1,1,0,12547027
Chennai,3341,3,4,1,24,0,0,1,27312107
Bangalore,4377,6,4,1,27,0,1,1,43567836
Delhi,6583,2,1,1,9,1,1,0,88258715
Chennai,5370,5,2,0,28,0,0,0,41978475
Mumbai,3025,3,4,0,20,0,0,1,56234141
Pune,1425,6,3,0,11,1,1,0,18888566
Hyderabad,4715,3,2,1,10,0,1,1,42031265
Hyderabad,2438,3,2,1,21,0,1,0,21749280
Chennai,4314,2,2,1,14,1,1,0,35343006
Hyderabad,3862,2,1,0,25,0,0,1,32819925
Hyderabad,5083,1,3,0,27,0,0,0,41499678
Bangalore,3732,2,1,1,3,1,1,0,36184407
Mumbai,4244,2,4,0,4,0,0,1,79277294
Mumbai,6721,4,3,0,23,1,0,1,123893045
Bangalore,3965,3,1,1,27,1,0,0,36868985
Bangalore,940,2,2,0,0,0,0,1,10901672
Hyderabad,4111,3,3,1,0,0,1,0,37066541
Delhi,961,3,2,0,9,1,1,1,16455071
Pune,1111,4,4,0,3,1,1,1,16200526
Pune,5913,3,3,0,12,1,0,1,59732003
Hyderabad,3971,6,4,0,13,1,0,0,37419211
Pune,6255,2,4,1,25,0,1,0,61700994
Bangalore,5512,3,4,1,18,1,1,0,52421880
Mumbai,3663,1,3,0,4,0,1,1,68296458
Pune,505,1,4,1,10,0,1,1,7811672
Hyderabad,5276,4,1,0,25,0,0,0,44425036
Delhi,6914,6,1,1,7,0,1,0,93892260
Hyderabad,6239,2,4,0,0,0,1,1,54618292
Chennai,4470,4,2,1,4,0,1,0,37139364
Hyderabad,3358,1,4,0,29,0,0,0,27444418
Bangalore,3106,6,4,0,20,0,0,0,30850976
Mumbai,598,2,2,1,17,1,1,1,13335807
Mumbai,1025,3,3,0,12,0,0,0,21092530
Pune,6837,2,3,0,4,0,0,1,66822941
Bangalore,1680,5,4,0,23,0,1,0,18892660
Chennai,2189,2,1,0,25,1,1,0,18227321
Bangalore,1638,3,1,1,6,0,0,1,16695891
Hyderabad,4991,5,1,1,11,0,1,1,44273344
Bangalore,5365,6,4,0,1,0,0,1,52799783
Bangalore,6422,4,1,0,12,0,0,0,59019298
Chennai,3571,6,1,1,13,1,0,0,31045545
Hyderabad,6141,2,3,1,5,1,0,0,53177740
Delhi,3427,4,4,0,15,0,1,0,47002025
Delhi,3292,2,3,0,9,0,1,0,45222145
Mumbai,5278,1,2,1,28,1,1,0,96072630
Pune,6152,1,3,0,26,1,1,1,60485509
Bangalore,514,3,4,1,10,1,0,1,9194366
Mumbai,2915,6,1,1,0,1,0,0,57033333
Chennai,3185,1,4,1,14,1,0,1,26566108
Delhi,3400,5,3,0,15,1,0,1,48619535
Bangalore,1736,5,4,1,9,0,1,0,20317215
Chennai,4600,2,4,1,9,0,0,1,37270458
Pune,6874,4,3,0,2,1,0,0,69657597
Chennai,6504,5,3,1,10,1,1,1,54094692
Bangalore,6021,2,2,1,10,1,1,0,57156137
Pune,3720,4,2,1,15,0,0,1,37839030
Chennai,2107,1,3,1,5,1,0,1,19340697
Pune,4063,2,4,1,29,0,1,0,40212116
Bangalore,3797,4,3,1,8,0,1,0,38066267
Bangalore,3133,3,1,0,0,1,1,1,32424900
Pune,4390,6,2,0,27,1,0,0,44852990
Hyderabad,4764,6,1,0,5,0,0,1,42522792
Mumbai,3308,3,4,1,17,0,0,0,61990229
Chennai,1291,5,1,1,24,0,1,1,12908514
Chennai,1499,6,3,1,12,1,1,1,16822071
Hyderabad,651,4,3,0,1,1,1,0,10080641
Hyderabad,3563,3,3,0,27,1,0,0,31671273
Hyderabad,6867,5,1,1,18,0,0,1,58516880
Delhi,5099,2,1,0,27,1,1,0,67197470
Delhi,6169,2,1,0,1,1,1,1,82920349
Pune,2591,4,3,1,26,1,1,0,27266007
Delhi,5099,4,3,0,3,0,0,0,68929819
Bangalore,4582,4,3,0,3,1,0,0,44469345
Pune,4526,6,1,0,9,1,1,0,47440940
Chennai,3477,4,1,0,16,1,1,1,28702241
Mumbai,1342,3,4,1,23,1,0,0,26561096
Bangalore,4946,3,2,1,15,1,1,1,48091056
Chennai,4293,5,3,0,20,0,1,1,35085744
Chennai,2570,3,1,0,27,0,1,1,20770802
Pune,2159,6,2,0,7,0,0,0,24353552
Hyderabad,1097,2,1,0,28,0,0,1,9392172
Hyderabad,5662,5,1,1,5,0,0,1,50318442
Bangalore,3013,3,3,1,29,1,0,0,29599739
Hyderabad,4635,4,2,0,1,0,0,0,40833684
Chennai,6946,3,1,0,22,0,0,1,53486020
Hyderabad,4770,1,2,0,25,1,0,0,39729458
Delhi,5594,5,2,0,14,0,1,1,76059093
Hyderabad,4103,6,3,1,24,0,1,1,37714566
Chennai,6080,3,2,0,22,0,0,1,47681274
Pune,1716,3,4,0,10,0,1,1,19696608
Bangalore,2791,6,4,1,20,1,0,0,29326680
Mumbai,5431,2,3,0,15,1,0,1,100467222
Hyderabad,6923,4,3,1,3,0,0,0,59820741
Chennai,4311,4,4,1,10,0,1,0,35327282
Mumbai,5655,2,3,0,13,1,0,1,105009736
Mumbai,5493,2,2,1,7,0,1,1,101536219
Delhi,6159,1,1,0,5,1,0,1,82254613
Mumbai,5642,6,3,0,28,1,1,0,105415966
Pune,1431,5,4,1,20,0,0,0,17337814
Chennai,2638,4,1,1,22,0,1,0,22331165
Chennai,4502,2,2,1,26,0,0,1,35115646
Hyderabad,3478,2,1,0,18,0,1,1,29583746
Hyderabad,5847,6,4,0,24,0,1,1,52322832
Hyderabad,5821,5,1,0,3,0,1,0,50817529
Pune,5969,2,4,0,27,0,0,0,58133735
Mumbai,4392,1,3,0,3,0,1,1,80921851
Mumbai,5657,5,3,1,23,0,0,1,105530566
Delhi,5095,1,4,1,5,0,0,0,68687339
Pune,6318,3,3,1,29,1,1,1,63333302
Hyderabad,3418,4,2,0,10,0,1,1,31690518
Bangalore,3064,2,1,0,0,0,1,1,29682778
Delhi,6711,5,4,0,1,1,1,0,92390737
Bangalore,2263,1,4,0,8,1,0,0,23298442
Mumbai,2670,4,4,0,15,0,1,1,51438661
Delhi,6304,4,2,1,5,1,1,0,86287075
Delhi,835,2,2,0,22,0,0,0,10774372
Chennai,1676,4,2,1,26,1,1,1,15988609
Mumbai,3521,2,4,0,8,1,0,1,66870906
Mumbai,1278,3,2,1,18,1,1,1,26414218
Pune,1685,2,3,0,4,0,1,1,18427852
Delhi,3785,6,1,0,20,1,1,1,53294926
Mumbai,6529,1,3,1,9,1,1,0,119937422
Delhi,3947,6,3,0,29,1,0,0,54989681
Pune,4491,4,2,0,6,1,1,0,47002218
Pune,6062,4,4,0,28,1,0,0,60783403
Chennai,2970,4,3,1,1,1,0,0,26158581
Delhi,6157,2,1,1,19,0,1,1,80894399
Mumbai,1438,5,2,0,26,0,1,1,29258612
Mumbai,5399,2,3,1,3,0,1,1,99560549
Delhi,4506,1,2,1,27,1,1,1,61064113
Delhi,2435,2,1,1,7,1,1,0,34477199
Delhi,1133,4,2,1,25,1,0,1,17313804
Hyderabad,1753,3,4,1,2,0,0,1,18083153
Mumbai,1582,1,3,0,1,1,1,1,31187765
Pune,2643,6,3,0,8,1,1,1,30049849
Mumbai,1785,3,4,0,27,1,0,1,34464467
Hyderabad,853,1,1,1,10,1,0,0,8689854
Delhi,5755,1,1,1,3,1,1,1,77565091
Chennai,2385,4,2,1,8,1,0,0,21738967
Delhi,2318,6,3,0,5,0,1,0,34781241
Delhi,5562,2,1,0,0,0,0,1,74340459
Hyderabad,3020,6,4,0,29,0,1,0,28667356
Mumbai,4508,4,4,0,26,1,1,0,84265527
Delhi,3522,4,4,0,2,0,1,1,50428159
Mumbai,3084,4,1,0,6,1,0,0,59093126
Bangalore,5765,3,4,0,8,1,0,0,55821467
Pune,2047,6,3,0,7,0,0,1,22996636
Mumbai,6730,6,1,1,27,1,0,1,125000881
Chennai,4518,1,1,1,20,0,1,1,35490876
Pune,4704,5,3,1,27,0,1,0,46799005
Chennai,1868,2,4,0,12,0,0,0,15255271
Delhi,3837,4,1,0,23,1,0,0,52192352
Pune,2257,6,3,0,17,1,1,0,26545659
Mumbai,5589,6,3,1,18,1,1,1,105974148
Pune,2017,1,2,0,23,0,0,1,20397483
Delhi,5952,2,4,1,8,0,0,0,79460917
Hyderabad,5417,5,4,1,25,0,0,0,46658522
Chennai,3984,5,3,0,23,1,1,0,33528239
Delhi,4185,4,1,1,19,1,1,0,57331101
Hyderabad,5532,5,2,0,28,1,1,1,48250792
Pune,3552,5,2,1,5,1,1,0,38322377
Pune,3196,2,1,0,26,0,0,1,30584006
Delhi,690,2,2,0,20,1,1,1,11855363
Mumbai,6592,4,1,0,11,1,0,1,122084655
Pune,1432,6,2,1,3,0,1,0,18167907
Mumbai,4737,1,1,0,8,1,0,1,86435056
Mumbai,6488,4,3,0,9,1,0,1,120505138
Mumbai,3738,3,3,0,2,0,1,0,70604187
Bangalore,2715,5,2,0,16,1,0,0,27636464
Hyderabad,1065,1,2,0,28,0,0,1,8821208
Hyderabad,5878,6,3,1,6,1,1,0,52842956
Pune,6058,6,4,1,25,0,0,0,61446137
Pune,1634,2,1,1,7,1,1,0,18026063
Mumbai,1243,3,4,0,10,0,1,0,25249077
Bangalore,1172,6,2,0,12,1,1,1,14938182
Mumbai,3411,3,3,0,2,1,0,1,65812474
Bangalore,1030,5,2,1,18,0,0,0,11498883
Mumbai,5909,2,4,1,13,0,1,1,109847791
Chennai,3521,1,3,0,21,0,1,1,27473622
Chennai,1061,2,3,1,15,1,0,1,11539055
Delhi,6129,5,3,1,14,0,1,1,83177323
Mumbai,6818,6,1,0,1,1,1,0,126922597
Pune,801,3,2,1,5,0,1,0,10151687
Hyderabad,4267,5,4,0,20,1,0,0,38131187
Delhi,4780,6,1,1,29,1,0,1,65046860
Pune,1009,4,4,1,6,0,0,0,13272488
Chennai,5929,3,1,1,8,1,1,0,48002607
Mumbai,5965,5,3,0,8,0,1,0,110403517
Delhi,3945,1,1,1,16,0,1,1,52474447
Mumbai,2703,1,2,0,22,0,1,1,49280651
Chennai,3334,6,2,1,2,1,0,1,30058544
Delhi,1294,6,4,0,3,1,0,1,22659881
Chennai,2979,1,3,0,1,1,1,1,25169252
Bangalore,2023,4,3,0,0,1,0,0,22219879
Chennai,5356,2,4,1,9,0,1,0,42699018
Mumbai,2694,1,2,0,29,1,1,1,49994303
Hyderabad,3028,6,2,1,2,0,0,0,29155335
Chennai,934,6,4,0,9,1,0,0,11775888
Pune,6138,4,3,0,8,1,1,0,62651294
Hyderabad,2538,1,4,0,16,1,1,0,23499443
Bangalore,2206,4,4,0,14,1,0,1,23877954
Delhi,568,1,1,1,2,0,0,0,8372586
Delhi,6225,2,4,1,26,1,0,1,84017656
Hyderabad,2404,5,2,0,20,0,1,1,22346113
Delhi,4459,1,4,1,2,0,0,1,60983965
Chennai,6829,5,3,1,3,1,0,1,55767850
Hyderabad,3451,1,3,0,3,1,0,0,31179279
Mumbai,6847,2,2,1,16,0,1,1,124826570
Chennai,5149,6,3,1,5,1,0,0,43472958
Chennai,6656,5,4,0,10,1,0,0,54442437
Chennai,3213,4,2,1,11,0,0,1,26865719
Mumbai,5893,1,3,0,22,1,0,1,108370261
Bangalore,3869,6,4,1,27,1,1,1,40126035
Pune,6694,1,3,0,6,1,0,1,66136487
Delhi,5095,4,1,1,12,0,1,1,69639513
Hyderabad,4227,2,3,1,5,0,0,0,36051880
Bangalore,2904,3,2,1,22,0,0,0,27861313
Hyderabad,3825,1,4,1,29,1,0,1,32766000
Delhi,4046,4,4,1,2,1,0,1,57419308
Mumbai,6125,3,2,0,20,0,0,1,112054271
Chennai,2803,1,1,1,13,1,0,1,23177545
Chennai,4181,5,4,0,13,0,1,1,35897749
Mumbai,3721,6,2,0,22,0,1,1,69868733
Bangalore,6107,6,3,1,9,1,1,0,59589665
Bangalore,4874,4,1,0,4,0,1,0,46270876
Hyderabad,1582,5,2,1,29,1,1,1,16879734
Mumbai,945,2,3,1,25,1,0,1,20139844
Bangalore,6756,3,4,1,1,1,0,1,65516300
Mumbai,5431,4,4,1,5,0,0,1,102080095
Delhi,5350,1,1,0,22,1,0,0,69859220
Chennai,6441,6,3,1,10,1,1,0,52733493
Chennai,2092,1,2,1,17,1,1,1,17486397
Chennai,6108,3,4,1,25,1,0,0,49202332
Mumbai,6026,5,2,0,23,0,0,1,111696463
Mumbai,5679,5,2,0,20,0,1,0,104212043
Hyderabad,6972,4,2,0,10,1,1,0,61062242
Chennai,3275,4,1,0,23,1,0,1,27249487
Hyderabad,4316,5,2,1,14,0,1,1,38744984
Chennai,3553,4,1,0,2,1,0,0,29400572
Hyderabad,2090,5,1,0,1,1,0,0,20206628
Hyderabad,6504,3,3,0,6,0,1,0,56577561
Delhi,2731,4,4,0,4,0,1,0,38878500
Hyderabad,5618,5,2,1,20,1,0,0,49438004
Mumbai,6954,4,3,1,12,0,1,1,129308937
Hyderabad,2061,1,3,0,7,0,1,1,19170423
Chennai,4772,6,3,0,28,1,0,0,39388560
Hyderabad,4146,1,3,1,8,1,0,0,36865427
Bangalore,5442,2,3,1,29,0,0,0,49227366
Pune,3738,5,2,1,7,1,1,1,40398038
Chennai,5844,2,3,1,9,1,0,1,47615963
Bangalore,2100,5,4,0,1,0,0,1,22609533
Chennai,6200,6,1,0,9,1,0,0,50034478
Mumbai,6571,4,1,1,10,0,1,0,121409505
Pune,2556,5,4,0,22,0,1,1,27326553
Pune,4831,1,2,0,10,1,0,1,47465317
Mumbai,1209,4,1,0,4,0,1,1,24250591
Pune,3471,6,4,1,13,1,1,1,39272675
Mumbai,3232,1,4,1,22,1,0,0,60363745
Bangalore,1293,4,3,1,2,1,1,1,16548231
Delhi,3599,5,1,1,19,1,1,0,50276123
Chennai,3355,5,3,0,22,0,0,0,27058068
Mumbai,6530,1,2,1,1,1,1,0,119625574
Chennai,6265,3,1,1,17,0,1,0,47954240
Bangalore,526,5,1,0,0,1,1,0,9200252
Delhi,3767,3,4,1,0,1,1,0,53442641
Bangalore,5822,4,1,0,27,0,1,0,53911720
Pune,584,3,2,1,16,0,0,1,8109360
Chennai,6451,1,2,0,5,1,0,1,50586843
Delhi,3601,2,1,0,12,0,1,1,47746321
Pune,1622,2,4,0,20,0,0,1,17451083
Delhi,5809,1,2,0,25,0,0,0,75206896
Pune,511,2,3,1,23,1,0,0,7137984
Bangalore,5608,1,2,0,20,1,0,0,51128369
Mumbai,2248,5,1,0,0,1,1,0,44726952
Chennai,3609,3,3,1,27,0,1,1,28927891
Hyderabad,2376,2,1,0,23,1,1,0,20597581
Hyderabad,3119,5,1,0,5,1,0,1,30029799
Bangalore,5913,2,1,1,7,0,1,0,55004150
Chennai,5979,4,4,1,12,1,0,1,49679675
Chennai,6274,1,4,1,1,1,1,1,50669256
Bangalore,679,1,2,0,25,1,1,1,7204516
Chennai,1296,5,1,0,7,0,0,0,12766873
Mumbai,4313,4,3,1,21,0,1,1,80844959
Bangalore,6063,3,3,1,0,1,0,1,59316136
Mumbai,2524,4,3,1,12,1,1,0,49245238
Chennai,3717,4,4,0,0,0,0,0,31701139
Bangalore,1386,6,4,0,9,0,0,1,17072795
Chennai,2968,3,1,1,27,0,0,0,23305312
Bangalore,3887,3,3,0,4,1,1,1,39365200
Chennai,5785,4,3,0,22,1,1,0,46696418
Mumbai,6271,2,4,0,19,0,0,1,114924781
Mumbai,2019,6,4,1,29,0,0,0,39164759
Chennai,2932,2,3,1,12,1,0,0,24169872
Bangalore,6957,4,3,0,25,0,1,1,65950011
Hyderabad,5366,2,2,1,4,1,0,1,47737404
Mumbai,5874,3,4,0,9,0,1,0,108812138
Mumbai,5554,3,1,0,2,1,1,0,102886248
Pune,1416,2,1,1,1,0,1,1,16478226
Hyderabad,2570,3,3,1,1,1,0,0,25174293
Chennai,4476,1,4,1,29,0,1,0,34105472
Bangalore,2281,3,1,0,4,1,0,1,23893418
Pune,838,4,4,1,3,1,0,0,12039770
Chennai,2016,5,3,0,1,1,1,0,19882234
Delhi,3370,2,3,0,20,0,1,1,45492559
Mumbai,4082,6,3,0,25,1,0,1,77861504
Delhi,5991,2,4,0,8,1,1,0,80647076
Mumbai,1414,3,1,0,23,1,1,0,27431294
Mumbai,6449,3,2,1,8,0,1,1,119040552
Delhi,3790,5,1,0,8,0,1,1,52712883
Delhi,5070,5,4,0,23,0,0,1,69464396
Chennai,1946,6,1,1,24,1,1,1,19044415
Pune,1879,4,2,0,3,0,1,1,20576975
Pune,1983,1,1,1,7,1,1,0,20610564
Delhi,2574,4,2,0,29,0,1,0,34884232
Chennai,1300,6,4,1,17,0,1,0,14524970
Pune,1746,2,3,1,8,0,1,1,19593737
Chennai,5459,3,2,1,28,1,1,1,44135636
Chennai,3237,4,4,1,24,1,1,1,28201047
Mumbai,5767,3,3,1,26,0,1,0,105700332
Pune,3995,3,2,0,2,0,0,0,39649038
Pune,5334,4,3,1,5,1,0,1,55329216
Mumbai,5970,4,1,1,27,1,1,0,109716175
Delhi,3757,5,4,1,22,1,1,1,54100643
Mumbai,4377,6,4,0,18,1,0,0,82551661
Pune,1481,6,4,1,4,0,0,0,18334812
Pune,2976,1,4,0,16,0,1,1,30437379
Delhi,2588,5,2,0,26,0,0,1,36546313
Mumbai,3452,1,1,1,18,1,0,1,63153256
Bangalore,1511,4,3,0,27,1,0,1,17371006
Bangalore,3964,6,4,0,23,0,0,1,39908843
Delhi,3250,6,4,0,2,0,0,0,46172412
Mumbai,2626,1,2,0,7,0,0,0,48625733
Mumbai,5312,2,2,0,8,0,0,0,96319747
Chennai,4361,5,2,1,21,0,0,1,36258516
Pune,6403,5,1,0,22,1,1,1,65016990
Hyderabad,3091,5,3,0,21,0,0,1,27676280
Delhi,1973,6,1,0,7,1,1,0,29937028
Hyderabad,3021,3,4,0,13,1,0,1,28364972
Hyderabad,1665,6,2,0,22,1,1,1,17318930
Delhi,3822,3,4,1,9,0,1,0,52670520
Mumbai,6937,6,3,0,16,1,1,0,129007585
Delhi,1109,4,3,0,2,0,1,1,17611662
Hyderabad,2683,6,1,0,2,0,0,0,24896437
Pune,3031,4,1,1,2,1,1,0,32701387
Pune,6408,3,2,1,3,0,0,1,63692753
Pune,5931,5,2,1,28,1,1,0,58980016
Mumbai,3361,3,4,0,16,0,0,0,62623385
Bangalore,5150,1,2,0,13,0,1,1,47523967
Delhi,2155,5,2,0,26,1,0,0,31063618
Pune,2255,6,4,0,1,1,0,0,26779507
Delhi,545,6,3,0,11,0,1,0,11259084
Pune,1759,6,2,0,4,1,0,1,22205895
Mumbai,5667,6,2,0,26,1,0,1,105133575
Bangalore,6841,6,4,0,21,0,1,0,65568839
Bangalore,6727,3,4,0,24,1,0,1,63103338
Pune,5138,4,4,0,1,1,1,0,53608749
Mumbai,3732,3,4,0,29,0,1,0,68650659
Chennai,1951,2,4,1,11,1,0,1,18714768
Delhi,2618,3,2,1,8,0,1,1,37131502
Delhi,3067,5,1,1,22,1,1,1,43112606
Hyderabad,2492,6,1,1,8,0,0,1,23548651
Mumbai,5508,3,1,0,19,1,0,0,101540828
Hyderabad,3623,4,2,1,22,0,0,0,31288998
Pune,5664,6,3,1,0,0,1,0,58426988
Hyderabad,2840,1,2,1,23,0,1,1,24540658
Bangalore,5407,2,1,1,6,1,0,1,51806076
Delhi,1988,5,1,1,22,0,0,1,27655005
Hyderabad,6504,4,4,0,17,0,0,1,55687411
Bangalore,2073,2,4,1,9,1,0,0,21598751
Mumbai,5462,3,4,1,14,0,0,0,100733178
Hyderabad,2927,2,2,0,8,0,0,1,25493868
Pune,2266,6,3,1,10,0,0,1,26036881
Pune,4049,6,3,0,23,0,0,0,42030229
Pune,2809,1,4,0,0,1,0,1,30133515
Delhi,5175,2,3,0,10,1,0,1,69631804
Hyderabad,2904,2,1,0,0,1,1,0,26305496
Mumbai,1942,6,1,1,29,0,1,0,36963738
Hyderabad,5293,3,4,1,4,1,1,0,47702887
Delhi,2476,3,4,0,17,0,0,1,34477407
Bangalore,4473,5,4,1,0,0,0,1,44544711
Delhi,2990,3,3,0,9,1,1,1,43109689
Pune,1225,2,2,1,27,0,1,1,13772057
Bangalore,4303,1,4,1,12,0,1,1,41041737
Pune,4881,3,3,0,26,1,0,0,48202392
Chennai,4327,6,4,1,7,1,0,0,37084078
Delhi,6487,6,2,0,27,0,1,0,87488292
Delhi,5165,5,4,0,12,0,0,0,70000758
Mumbai,4119,5,1,1,19,0,1,1,77629811
Hyderabad,3387,2,4,1,1,0,1,0,31304569
Bangalore,6560,3,1,0,29,1,1,0,60164478
Bangalore,6109,3,1,0,20,1,0,0,56523508
Mumbai,997,5,3,1,11,0,1,0,21564825
Mumbai,4476,3,3,1,26,1,0,1,83537550
Hyderabad,6513,2,1,1,28,0,1,1,54862072
Pune,1204,1,1,1,12,1,1,0,13580968
Hyderabad,5952,6,4,0,27,1,0,1,52914794
Delhi,5157,2,4,1,21,0,0,0,68776757
Pune,6594,3,1,1,7,1,1,0,65722621
Chennai,4627,2,3,0,14,0,0,0,35605315
Hyderabad,4181,6,4,1,6,1,1,1,40111646
Mumbai,4638,4,4,0,6,1,1,0,88339277
Pune,2416,6,4,0,16,0,0,1,26854312
Hyderabad,1874,6,3,1,18,1,1,1,20128880
Bangalore,2345,4,1,1,2,1,1,1,25305056
Chennai,5154,3,4,0,6,0,1,1,42188056
Delhi,6913,3,3,0,11,1,1,0,93164719
Bangalore,1936,1,3,1,13,1,1,1,20473855
Bangalore,5538,6,3,0,1,0,1,0,54228569
Chennai,6194,2,3,0,25,0,1,0,48119046
Delhi,3590,1,4,0,6,1,0,1,49009917
Mumbai,1870,3,1,0,15,1,0,0,35311362
Pune,2428,3,1,0,8,0,1,0,25257959
Delhi,2136,5,3,0,0,0,1,1,32808285
Hyderabad,6680,1,1,0,11,1,0,1,57015920
Bangalore,591,3,4,1,29,1,1,1,8613155
Hyderabad,2343,4,1,0,1,0,0,1,21737015
Mumbai,684,5,1,1,26,1,0,0,14368231
Hyderabad,5323,2,2,0,21,1,0,0,45132648
Delhi,5647,5,1,1,17,0,1,1,75881062
Hyderabad,2071,6,1,0,13,1,1,1,21730342
Mumbai,1331,6,3,1,11,1,0,0,28385647
Mumbai,4940,2,3,1,17,0,0,0,90804753
Mumbai,6038,4,2,1,4,1,1,1,113181515
Delhi,5815,2,4,1,6,1,1,1,79868453
Mumbai,2625,1,2,0,3,0,0,1,48436010
Bangalore,4762,2,1,0,12,0,0,1,44716963
Mumbai,763,2,1,0,15,0,0,1,15145852
Hyderabad,6091,5,4,0,21,1,1,1,54330864
Pune,5827,4,4,1,27,1,1,1,58988055
Hyderabad,1786,2,3,0,15,1,0,0,16923637
Pune,2029,1,1,0,18,1,1,0,20334000
Hyderabad,2308,5,1,0,3,0,1,0,22436649
Delhi,2377,4,1,0,19,0,0,0,32573931
Hyderabad,2249,4,1,1,19,0,1,0,20014548
Delhi,2409,3,1,0,27,1,1,0,32568241
Delhi,3123,6,1,0,0,0,0,1,44774292
Mumbai,5931,1,1,1,12,1,0,1,108732066
Bangalore,1697,6,1,1,19,1,1,1,19161718
Pune,2978,5,3,0,19,1,1,1,32201476
Mumbai,5363,5,2,1,21,0,0,1,99331408
Mumbai,3010,1,1,0,8,1,1,0,56345290
Delhi,600,4,3,0,9,1,0,0,11870953
Delhi,3587,2,1,0,5,0,0,0,48386494
Pune,6328,1,4,0,21,0,0,0,60968750
Hyderabad,2419,5,1,1,6,1,1,0,23353950
Hyderabad,2791,6,2,1,22,1,0,0,27022779
Mumbai,5967,1,3,1,15,1,1,0,109374783
Chennai,3820,4,4,1,16,0,0,0,31868579
Chennai,604,3,4,0,23,0,0,1,6397675
Hyderabad,1193,3,1,1,0,0,1,0,11796631
Chennai,6286,2,2,1,8,0,0,1,49818476
Hyderabad,5906,2,2,0,29,0,0,1,49710012
Delhi,3740,4,1,0,13,1,1,1,51436863
Mumbai,3991,6,1,1,14,1,1,0,76362895
Bangalore,5666,2,3,0,3,1,0,0,54331959
Mumbai,5662,3,3,0,24,1,0,0,104438948
Hyderabad,3892,4,1,0,7,0,1,0,34824495
Hyderabad,5413,4,1,1,24,0,0,0,45651982
Mumbai,2768,4,4,1,14,1,0,0,54158563
Pune,6132,1,2,1,29,1,0,1,59400482
Hyderabad,4283,6,3,0,21,0,1,0,38947044
Chennai,4012,6,1,1,24,1,1,0,34173141
Chennai,6787,2,1,0,3,1,1,0,53142657
Hyderabad,1389,6,3,1,18,0,1,0,14602141
Hyderabad,6473,5,4,0,2,1,0,0,57607124
Pune,6469,3,4,0,7,0,1,0,64882213
Chennai,1289,2,1,1,1,1,1,1,13623681
Hyderabad,5148,6,2,1,27,1,1,0,46424150
Hyderabad,5439,3,2,1,21,1,1,0,47496475
Pune,1158,2,1,1,24,0,0,0,10747818
Pune,1518,5,3,0,24,0,1,1,16944918
Mumbai,2453,3,2,1,7,0,1,1,47096879
Pune,1690,5,3,0,7,0,0,1,20386855
Bangalore,4206,3,3,0,16,0,0,1,39697221
Chennai,4157,1,3,1,15,0,1,0,32196812
Mumbai,5346,1,4,0,15,1,1,0,98488805
Bangalore,2796,3,2,1,15,1,1,0,28048903
Hyderabad,1274,3,4,1,26,1,0,1,13214321
Hyderabad,3311,5,2,1,6,1,1,0,31868270
Mumbai,1880,6,1,0,29,0,0,0,35417195
Pune,3682,4,3,1,14,1,0,1,38756650
Hyderabad,5287,3,2,1,16,0,0,0,45145363
Delhi,5314,2,2,0,24,1,0,1,70540615
Mumbai,4829,2,1,1,2,1,1,0,89054517
Bangalore,6667,2,4,1,0,0,0,1,63774424
Mumbai,3597,1,2,0,7,0,1,0,65376881
Chennai,1904,6,2,1,6,1,0,1,18866621
Pune,4301,5,4,0,17,0,1,1,44396643
Pune,5601,6,4,0,29,0,1,1,56837473
Mumbai,1869,1,2,0,22,1,1,1,35534736
Hyderabad,5997,6,4,0,4,0,0,1,54324400
Hyderabad,2564,6,1,0,14,0,0,0,23129229
Delhi,2792,2,1,0,6,0,1,0,37020077
Delhi,3265,3,3,0,9,1,0,0,45711889
Pune,3317,2,2,0,15,0,1,1,32678336
Delhi,1216,6,1,0,27,0,0,1,18271974
Bangalore,6158,3,1,1,22,0,0,0,56330280
Delhi,4540,5,1,1,1,1,0,1,63787259
Bangalore,2211,4,3,1,17,1,1,0,23846942
Delhi,1725,3,4,0,14,1,1,0,26053946
Pune,5867,1,3,0,22,0,0,1,56837577
Pune,6761,2,3,0,18,1,1,0,66928030
Bangalore,508,2,3,1,19,0,0,1,7022591
Mumbai,1097,6,3,1,13,1,1,1,25499312
Pune,4618,6,2,1,22,1,1,1,48062392
Mumbai,6586,6,2,0,29,0,1,0,120514467
Hyderabad,6883,6,1,0,1,0,0,0,60043810
Bangalore,2108,2,3,1,28,0,1,1,20780699
Pune,6670,3,3,1,17,0,0,0,65673343
Chennai,3531,5,1,0,8,0,0,1,28817521
Hyderabad,5700,3,4,1,26,0,0,0,47969689
Mumbai,4167,1,2,1,0,0,1,1,77361129
Pune,2746,2,3,0,15,1,1,1,29426347
Bangalore,4126,3,4,1,11,1,0,0,40921470
Delhi,4571,2,4,0,11,1,1,0,62783925
Chennai,3322,1,3,0,18,0,0,1,25489463
Mumbai,591,4,3,0,9,1,0,0,14780062
Hyderabad,1350,4,4,1,19,0,0,1,14427430
Bangalore,6578,4,2,0,4,1,1,0,62571248
Chennai,1607,2,2,0,2,1,1,0,14483358
Bangalore,799,3,3,0,8,0,1,1,10423203
Pune,2843,2,3,1,20,1,0,0,29178449
Delhi,1977,5,1,1,22,1,1,0,29129014
Hyderabad,5900,3,1,1,14,1,0,0,50373164
Bangalore,5596,1,2,0,13,1,0,0,51936669
Mumbai,1582,6,1,1,10,1,1,0,33146106
Pune,3456,4,4,1,12,0,1,0,35652448
Pune,3418,3,4,1,6,0,0,1,36366587
Hyderabad,1865,3,4,1,26,1,0,0,18318879
Pune,3300,4,4,0,24,0,1,0,34081437
Mumbai,4036,1,3,0,1,0,1,1,74824353
Bangalore,4451,2,4,0,2,1,0,0,42851684
Hyderabad,6985,2,2,0,19,0,1,1,59202145
Pune,2609,6,1,0,7,0,1,0,27529177
Pune,1275,3,2,0,0,0,0,0,14679362
Mumbai,1952,4,3,1,24,1,1,0,38156403
Delhi,2181,5,1,1,20,1,0,1,31927738
Delhi,6347,1,1,1,3,1,1,0,84146656
Pune,2803,2,1,1,12,1,0,1,28703715
Bangalore,2351,1,4,0,23,1,0,0,22213635
Hyderabad,2397,1,3,0,13,1,1,0,21847953
Pune,6325,6,2,1,8,1,1,1,64818695
Chennai,3918,1,4,1,2,0,1,0,31885648
Hyderabad,4097,4,1,0,13,1,1,1,36640153
Delhi,1827,6,2,1,3,0,0,0,27268076
Pune,1114,4,2,1,16,1,1,1,14971446
Mumbai,744,6,2,1,14,1,1,1,18163161
Chennai,1256,4,3,0,11,1,0,1,13982793
Pune,1323,6,4,0,13,1,0,0,16757162
Bangalore,3327,6,3,0,18,0,0,1,33960673
Chennai,4307,3,1,1,9,1,1,1,35649399
Pune,3279,4,1,0,4,0,0,0,33301588
Bangalore,2346,3,2,1,28,0,1,1,23244680
Chennai,6031,6,2,1,23,0,0,0,48153415
Bangalore,1740,2,2,0,29,1,1,1,17641639
Bangalore,5111,6,3,0,16,1,0,1,49985227
Chennai,973,2,4,0,16,0,0,1,10003511
Chennai,4631,2,3,0,2,1,1,1,37942473
Bangalore,3749,2,1,0,15,1,1,1,36348166
Delhi,6006,2,2,0,24,1,1,1,80186945
Chennai,2292,4,2,0,8,0,0,0,20056224
Pune,2234,5,3,1,16,0,1,0,25038159
Hyderabad,5425,4,1,0,19,0,0,0,46271596
Mumbai,5688,5,4,1,11,0,1,0,105876642
Bangalore,4442,4,2,0,23,0,1,0,41853985
Bangalore,5781,2,2,1,1,1,0,0,54478314
Mumbai,6358,1,1,1,19,0,0,1,114995441
Delhi,1444,6,2,0,15,0,1,1,22022017
Mumbai,2011,5,4,0,22,0,0,1,39892720
Chennai,4581,1,3,0,22,0,1,0,34956222
Mumbai,5026,2,1,1,20,1,1,0,92744727
Bangalore,6618,5,2,0,22,1,1,1,62861931
Mumbai,1358,1,2,0,5,0,1,1,26603612
Hyderabad,4060,4,4,1,1,1,1,0,38699379
Pune,729,2,3,1,8,0,1,0,8580281
Chennai,2917,4,4,1,4,0,1,1,26400421
Mumbai,677,4,3,1,17,0,1,0,15288608
Bangalore,4428,2,4,1,21,1,1,0,42603606
Pune,6029,5,3,1,25,1,1,0,61600737
Chennai,3115,6,2,1,20,0,1,1,27662684
Bangalore,2113,3,2,1,17,0,0,0,20657524
Delhi,3340,3,2,0,28,0,0,1,44561365
Hyderabad,6359,6,1,0,9,1,1,1,56522857
Delhi,3447,2,3,1,9,0,1,0,46399519
Hyderabad,2274,3,1,1,22,0,1,1,19811960
Mumbai,5570,6,3,1,9,1,1,1,105655060
Chennai,4371,1,2,1,28,0,0,1,33414953
Mumbai,581,6,1,1,17,1,0,1,15072883
Hyderabad,1345,5,1,0,15,0,0,1,13047602
Hyderabad,3309,6,4,1,22,1,1,1,31868745
Hyderabad,1716,4,3,1,29,0,0,0,16524528
Pune,5213,4,4,0,5,0,0,0,52284103
Bangalore,3760,2,1,1,11,1,0,0,36398159
Chennai,3645,4,1,1,27,0,0,1,29415408
Mumbai,2763,1,2,0,3,1,0,0,51360994
Mumbai,2837,6,4,1,19,0,1,0,54485882
Delhi,944,1,4,1,15,1,0,1,15572456
Hyderabad,1422,2,4,1,27,0,0,1,13622725
Hyderabad,4788,4,3,0,21,1,0,0,42650578
Hyderabad,6258,3,1,1,24,1,1,0,52916764
Mumbai,4884,6,4,1,25,0,0,0,91378146
Delhi,3130,3,2,0,21,0,0,1,42187421
Bangalore,1667,5,1,0,21,1,1,0,18071462
Pune,4463,2,2,1,10,1,1,0,45529133
Chennai,6026,5,1,1,0,1,0,1,49385439
Bangalore,6430,3,2,1,4,0,0,1,60713538
Mumbai,3941,3,4,1,16,1,0,1,74732522
Pune,4012,3,4,1,10,1,1,0,42410718
Pune,6566,5,2,1,13,1,1,1,67503779
Pune,1395,2,3,1,8,0,0,1,15346774
Hyderabad,5515,6,2,0,9,0,0,1,48408686
Chennai,4222,6,1,0,3,0,0,1,35865309
Mumbai,6630,1,2,1,1,1,0,1,122515168
Mumbai,6148,1,2,0,24,1,0,0,111527721
Pune,6296,3,1,1,5,0,0,0,62327714
Mumbai,2560,2,4,1,29,0,0,0,47911007
Chennai,6321,2,1,1,26,0,0,0,47407940
Chennai,3534,4,2,1,28,0,1,0,28681235
Delhi,2887,4,1,0,25,1,0,1,39822420
Delhi,2397,5,2,1,2,0,0,0,34777337
Bangalore,2299,4,4,1,12,0,1,1,25204771
Chennai,4907,6,2,1,11,1,1,0,42031812
Chennai,3280,6,2,1,17,1,1,0,28997521
Chennai,1627,5,4,0,5,0,0,0,16242458
Delhi,838,1,1,1,9,0,0,1,11626501
Pune,6943,3,3,0,5,0,0,0,67917652
Pune,4954,2,3,0,29,0,1,1,48796185
Mumbai,6812,1,2,1,27,1,0,0,123246053
Pune,1672,6,2,1,27,0,0,1,18968619
Hyderabad,3308,1,4,1,24,0,0,0,27926405
Delhi,5363,5,1,0,4,0,0,1,72633140
Chennai,3529,3,3,0,26,0,1,1,28380084
Pune,2589,6,3,1,14,1,0,0,28611157
Delhi,4797,5,4,1,14,0,0,0,65552055
Pune,3517,1,4,0,11,1,0,0,35276389
Bangalore,6288,2,3,1,8,0,0,0,57869594
Chennai,5059,4,1,0,12,0,1,0,39378097
Bangalore,948,5,1,0,15,0,0,1,10517256
Chennai,5508,6,1,0,20,1,1,0,45020632
Delhi,5393,1,2,0,1,1,0,0,72381552
Mumbai,1293,4,1,1,16,0,0,0,25294799
Pune,936,4,2,1,8,1,1,0,13377832
Pune,6512,1,2,0,25,1,1,1,63895321
Hyderabad,6369,3,4,1,22,0,0,1,54729792
Bangalore,5126,1,2,0,18,1,1,1,47869129
Pune,5160,6,2,1,27,1,0,1,52370973
Delhi,2120,2,4,0,5,1,0,1,30713388
Mumbai,5892,6,1,1,25,1,1,1,109784275
Delhi,4001,4,1,1,3,1,0,1,55698363
Bangalore,3419,2,3,0,29,0,0,1,31833015
Hyderabad,4808,5,3,1,24,0,1,0,41703253
Pune,1448,4,2,0,14,0,1,0,15452262
Delhi,4444,3,3,1,17,1,0,0,61192311
Chennai,1627,1,4,0,29,0,0,1,13377881
Mumbai,691,5,3,1,26,1,0,1,17003656
Delhi,4512,6,3,1,11,0,1,0,63394755
Mumbai,4260,2,2,0,11,1,0,0,79288235
Pune,4230,5,4,0,19,1,0,0,44292156
Chennai,1903,3,3,1,16,1,1,1,17876476
Hyderabad,2490,1,1,1,6,0,0,1,22146920
Hyderabad,1604,5,4,0,29,1,1,1,16894929
Chennai,5300,6,4,0,19,0,1,1,44650385
Mumbai,1048,2,2,0,4,1,0,1,21697944
Pune,3948,5,4,0,11,1,1,0,41950277
Delhi,2361,1,4,1,16,0,0,1,33015791
Chennai,4749,6,4,1,1,0,0,1,41007827
Bangalore,6261,5,4,1,27,1,1,1,61428495
Mumbai,1070,2,4,1,3,1,1,1,23583092
Hyderabad,2284,1,4,1,1,1,1,0,21626506
Chennai,2787,3,4,1,13,0,0,1,23724829
Hyderabad,2921,3,1,0,13,1,0,0,26157738
Mumbai,4472,4,4,1,12,1,1,0,84810227
Hyderabad,1304,5,2,0,16,1,0,0,13423463
Chennai,1298,2,1,0,25,1,1,1,11001494
Mumbai,3775,5,4,0,16,0,0,0,71095421
Bangalore,1110,1,3,0,21,0,0,0,10652407
Chennai,2306,4,2,1,17,0,0,1,19449743
Delhi,4738,2,1,0,2,0,0,0,62823869
Pune,3760,5,2,0,20,1,1,1,40017776
Chennai,4867,2,1,1,15,1,0,0,37587907
Mumbai,6151,1,3,0,18,0,1,0,111305706
Pune,3871,4,2,0,5,1,0,1,39970799
Chennai,2973,2,2,1,22,1,0,1,24473975
Bangalore,2593,1,1,0,25,1,1,1,25285061
Bangalore,2642,3,1,1,5,0,0,1,25845864
Delhi,4501,2,3,1,17,0,1,0,60093109
Hyderabad,6707,4,4,1,8,0,0,0,58942804
Pune,3580,6,1,1,17,1,0,0,37586581
Mumbai,5054,6,1,1,5,1,0,1,96377485
Mumbai,6334,2,1,0,8,1,1,1,116435583
Hyderabad,1932,2,3,1,24,0,0,1,17529423
Bangalore,3017,1,4,1,17,0,1,0,29327818
Bangalore,3357,5,4,1,24,0,0,0,33534280
Chennai,1005,6,3,1,15,0,1,1,11701650
Delhi,6305,5,4,1,23,1,1,0,86311964
Pune,1596,6,2,0,29,1,1,1,18762251
Delhi,4679,2,3,0,22,0,1,1,62345818
Delhi,4654,4,1,1,12,0,0,1,62535275
Chennai,1544,4,4,0,10,1,1,0,15058986
Delhi,6077,6,2,1,7,1,1,0,83422766
Hyderabad,2704,6,3,1,25,0,0,0,25676517
Chennai,4402,1,3,1,23,0,1,1,35009534
Hyderabad,1852,2,1,0,16,0,0,0,15322248
Chennai,2096,2,1,1,8,1,0,0,18330430
Delhi,1075,5,3,1,5,1,0,1,18730530
Hyderabad,1179,1,2,0,0,1,0,0,12118404
Hyderabad,4798,3,1,1,0,1,1,0,42410043
Hyderabad,4212,4,3,0,12,1,0,1,38917964
Chennai,4328,4,3,0,6,0,1,0,35083721
Mumbai,1629,2,1,1,9,0,0,0,30926017
Delhi,4404,1,4,0,17,0,1,1,58969029
Hyderabad,3693,3,2,1,5,0,0,0,32794894
Pune,817,4,4,0,12,0,1,0,10895366
Mumbai,5801,1,4,0,4,1,0,1,107687452
Pune,6234,3,2,0,20,0,1,0,60547966
Delhi,6392,6,2,1,25,0,1,0,86426743
Delhi,4196,2,1,0,14,0,1,0,55818708
Hyderabad,5001,5,1,1,11,1,0,0,44815748
Hyderabad,3496,4,1,1,21,0,1,0,30179289
Chennai,4094,4,2,1,29,1,1,0,33306817
Mumbai,3709,3,4,0,10,0,1,1,70499930
Mumbai,3042,5,2,0,7,0,0,1,58481587
Hyderabad,1178,6,1,1,4,1,0,0,13918318
Delhi,5866,1,4,1,7,0,1,0,77974000
Hyderabad,2389,2,1,1,4,0,1,0,21358527
Delhi,6143,1,4,1,9,1,1,1,82832012
Delhi,2143,3,1,1,14,0,1,0,29284699
Hyderabad,5955,4,2,1,5,1,1,1,53187254
Bangalore,6041,6,3,0,23,1,0,0,57602426
Mumbai,1334,4,3,1,17,1,0,1,27542971
Pune,2741,1,4,1,22,1,0,0,27517181
Delhi,2855,6,2,1,2,1,0,1,42561230
Delhi,2168,2,1,1,8,0,0,0,29386218
Bangalore,6526,3,4,0,9,0,0,1,61630126
Pune,3053,2,4,0,6,0,1,0,32110311
Chennai,780,3,1,1,18,1,0,0,7612037
Bangalore,6409,2,1,1,23,0,1,0,57870633
Pune,5528,1,1,1,25,1,0,0,53947111
Bangalore,3262,5,2,0,1,0,1,1,33282117
Delhi,5203,6,3,0,25,1,1,0,71822159
Mumbai,5078,3,4,0,27,1,1,1,94491653
Bangalore,1746,1,4,1,7,0,1,1,18266467
Chennai,2272,4,3,0,6,0,0,1,20464919
Hyderabad,2664,4,4,1,27,0,0,0,23678771
Pune,691,2,2,1,4,1,1,0,9155335
Bangalore,3335,4,1,1,3,0,1,1,33520430
Bangalore,3165,5,3,1,10,1,1,0,32442239
Chennai,6613,3,2,1,25,0,1,1,52203417
Mumbai,3063,2,1,0,27,1,0,1,56851973
Bangalore,806,3,3,0,29,1,0,1,10409187
Bangalore,1031,3,2,0,9,0,1,1,11659705
Mumbai,4717,1,3,1,0,0,1,1,87320530
Chennai,3196,4,3,0,28,0,1,0,26535379
Pune,5187,6,2,1,3,1,1,1,55522609
Pune,6071,3,4,1,21,1,1,0,61715020
Bangalore,558,5,2,1,5,0,1,1,9490543
Mumbai,6944,5,3,0,17,0,0,0,127400426
Bangalore,2073,6,3,0,24,0,1,1,21939329
Hyderabad,1640,4,2,0,12,1,1,0,17209172
Pune,2310,4,1,0,12,1,1,0,24980435
Delhi,6401,2,1,1,0,0,1,0,84611439
Hyderabad,3698,2,1,1,3,0,1,1,31996807
Bangalore,3976,2,1,1,3,1,1,1,38367479
Chennai,4994,4,2,1,17,1,1,1,40956585
Pune,3062,3,4,1,23,0,0,0,31311001
Delhi,3352,1,1,0,26,0,1,0,43437162
Hyderabad,1441,6,3,0,17,0,0,0,14701613
Pune,5123,6,1,1,17,1,1,1,53761580
Mumbai,2274,6,4,1,14,0,0,1,45861894
Chennai,1921,2,2,1,17,1,0,1,17492136
Hyderabad,6265,1,4,1,14,0,0,1,53718999
Mumbai,6146,5,4,1,16,0,0,1,114408144
Bangalore,935,4,4,0,28,0,1,1,11641859
Mumbai,1339,5,1,1,4,0,0,1,27421180
Hyderabad,4501,2,1,0,10,0,1,1,38119377
Hyderabad,4955,3,4,0,15,0,1,1,43581604
Bangalore,5748,2,2,1,19,1,1,0,54527139
Mumbai,5459,1,1,1,1,1,1,0,100104225
Mumbai,3181,2,2,0,16,0,0,1,59058442
Bangalore,2150,6,1,0,0,1,1,1,24985555
Mumbai,6328,3,2,0,17,1,0,0,116118994
Pune,1745,3,1,1,16,1,0,1,19792555
Bangalore,2761,4,4,0,24,1,1,0,28801716
Chennai,1415,4,3,1,17,0,1,0,13732465
Hyderabad,3139,6,3,0,18,0,0,0,29502438
Chennai,6394,3,2,1,24,0,0,0,49849431
Pune,6778,6,2,1,4,0,0,1,68463884
Pune,4389,3,4,0,29,0,1,1,43778944
Delhi,4981,1,4,1,12,1,0,1,68398197
Delhi,1826,2,2,1,23,1,1,1,26072551
Delhi,6401,4,3,0,22,0,0,1,85608674
Bangalore,3858,1,4,1,29,0,0,1,35386828
Mumbai,2085,2,2,0,5,0,1,1,39553603
Pune,5808,4,4,0,12,0,0,0,58323369
Chennai,3868,6,4,0,17,1,1,0,34395888
Chennai,6145,1,1,1,29,1,0,0,46566785
Chennai,888,5,4,1,28,1,1,1,10618470
Chennai,3291,5,2,0,3,1,1,0,29499195
Delhi,3832,4,4,1,8,0,1,1,53924079
Chennai,1203,1,2,0,22,0,0,1,9771825
Mumbai,6334,2,1,0,2,0,1,1,115819831
Delhi,3320,2,1,0,21,1,1,0,44462546
Chennai,5459,1,3,1,23,0,0,0,42016127
Bangalore,1559,5,1,1,23,0,1,1,17466811
Hyderabad,4674,1,1,1,7,0,1,0,39983611
Hyderabad,1798,5,2,0,12,1,0,0,18737573
Hyderabad,1801,5,3,0,23,0,0,0,16635188
Delhi,1173,6,1,1,25,1,1,0,19448223
Chennai,2859,6,4,1,21,1,0,1,26662890
Pune,4799,2,3,0,10,1,0,1,47995246
Pune,5580,4,1,0,9,0,1,0,54611162
Pune,6571,3,3,0,10,0,0,1,65291733
Delhi,4612,1,1,0,2,0,0,1,61644013
Mumbai,5071,5,2,1,24,1,1,1,95463403
Bangalore,4082,1,3,1,13,1,0,1,38610856
Bangalore,1516,4,3,0,13,0,1,1,16477988
Hyderabad,709,4,1,0,29,1,1,1,8515294
Hyderabad,998,3,3,1,18,1,0,0,10567292
Pune,928,3,1,0,27,0,1,1,9660969
Pune,4139,5,4,0,27,0,0,1,42784087
Hyderabad,3651,6,3,1,3,1,1,0,36011965
Chennai,5925,3,3,1,25,0,1,0,46522284
Mumbai,2605,6,2,1,0,0,0,0,50210483
Mumbai,2053,6,2,0,1,1,0,1,42378577
Mumbai,5827,5,3,0,5,1,1,0,110038995
Mumbai,6130,2,2,1,29,1,1,1,113282423
Hyderabad,3706,6,3,1,12,0,1,1,34269425
Bangalore,6463,5,1,0,13,0,0,1,60617606
Hyderabad,3069,3,3,0,27,1,0,0,27102536
Mumbai,3128,1,3,0,0,1,0,1,58944438
Hyderabad,2376,3,4,1,27,0,1,0,21444931
Mumbai,5494,4,2,1,24,1,0,1,101392445
Delhi,5702,3,2,0,7,0,0,1,76249563
Pune,1567,2,4,1,17,1,0,0,18269664
Bangalore,2006,5,1,1,13,0,1,1,21163220
Delhi,3513,6,1,1,1,0,0,1,50081475
Chennai,2167,4,1,0,23,0,1,1,17963446
Hyderabad,5088,5,4,0,11,0,0,1,46170410
Chennai,5200,5,3,1,26,1,0,0,43036070
Hyderabad,4566,6,1,0,23,1,0,1,40342088
Pune,1447,3,1,1,0,0,0,0,15505411
Delhi,4889,1,4,1,29,0,1,1,64763029
Pune,1671,4,2,0,20,0,1,1,18735622
Mumbai,6614,6,4,1,14,1,1,0,123877430
Pune,671,2,2,1,10,1,0,0,9031095
Pune,6182,2,1,1,17,1,1,1,60588605
Mumbai,5126,1,1,1,16,1,1,0,93505120
Hyderabad,1643,1,3,1,2,0,1,0,15610136
Mumbai,2359,3,3,1,14,1,1,1,46494210
Delhi,6356,2,2,0,12,0,0,1,84077741
Pune,6709,4,1,1,2,1,0,0,67172960
Mumbai,2688,6,1,0,12,1,1,0,52252696
Pune,2993,1,4,0,25,1,1,0,30386618
Delhi,4077,1,1,0,8,1,0,0,54642448
Chennai,688,1,1,0,9,1,1,1,6730073
Delhi,4576,6,4,0,0,0,1,1,64347249
Bangalore,657,4,4,1,26,0,1,1,9082246
Bangalore,3217,2,1,1,1,0,0,1,30646514
Bangalore,2470,4,3,0,24,1,0,1,25185963
Pune,745,6,3,1,13,1,0,1,11510051
Hyderabad,3403,4,1,0,4,0,1,0,30373004
Hyderabad,3295,3,3,1,24,1,1,0,30405367
Hyderabad,4324,6,4,0,21,1,1,1,39970223
Pune,2877,1,3,0,9,0,1,1,29477716
Delhi,1349,2,1,0,25,1,0,1,18411257
Hyderabad,2310,3,3,1,18,1,0,0,21121078
Chennai,5690,3,1,1,7,0,0,0,44357617
Bangalore,5932,6,3,0,12,1,0,0,58181015
Delhi,4486,5,1,0,8,1,0,0,61351391
Bangalore,2626,1,1,1,17,0,1,0,23567915
Hyderabad,4764,2,3,1,24,0,0,1,40812848
Delhi,3530,2,3,0,3,1,1,1,49646402
Mumbai,6823,2,4,0,7,0,1,1,125324643
Chennai,6247,6,2,0,4,1,1,0,51568482
Hyderabad,2807,1,1,1,28,1,0,0,22997456
Hyderabad,6105,6,1,0,5,1,0,0,54344123
Chennai,6391,2,1,1,19,1,0,0,49385276
Chennai,3576,4,1,1,4,0,0,0,29681925
Mumbai,2844,4,3,0,27,0,1,1,54294059
Hyderabad,1119,1,3,1,0,0,0,1,12173582
Pune,3402,2,2,0,27,0,1,0,32782831
Hyderabad,2907,6,1,0,18,1,1,1,28681793
Bangalore,6760,5,2,1,29,0,1,0,62955545
Delhi,4952,5,4,0,3,1,0,0,68869904
Delhi,3504,5,2,1,0,1,1,0,50063048
Bangalore,4414,4,2,1,28,1,0,0,41998129
Delhi,2986,6,4,0,18,1,0,0,43515058
Chennai,3902,5,4,1,3,1,1,1,34668376
Delhi,4096,2,2,1,13,0,1,1,54920793
Delhi,2177,2,4,0,13,1,0,1,31846842
Bangalore,5807,5,2,1,8,0,0,1,56350393
Mumbai,4539,3,3,0,18,1,1,0,84307766
Delhi,1804,5,3,0,10,1,0,1,28436133
Pune,6130,3,2,1,15,1,0,0,61108577
Delhi,4593,1,4,1,18,1,0,0,62293618
Mumbai,6085,1,4,0,3,1,0,0,111763628
Bangalore,2463,2,3,1,8,0,1,1,25195499
Mumbai,3807,6,3,0,24,1,0,0,71679618
Bangalore,1861,4,4,1,16,0,1,1,19751370
Chennai,4794,6,4,0,14,0,0,0,40081744
Bangalore,2287,2,4,0,7,0,0,0,23300961
Chennai,1573,2,4,1,25,0,0,0,13820419
Chennai,1665,6,2,1,12,0,0,1,16815938
Bangalore,6402,4,4,1,0,1,0,0,61510593
Pune,4099,2,3,0,1,1,1,1,42192429
Hyderabad,6133,4,3,0,9,1,0,1,54443939
Bangalore,3217,2,1,1,26,1,0,0,29912591
Delhi,3653,1,4,1,20,0,0,0,49097788
Pune,4626,3,2,0,26,1,1,1,46109904
Pune,3555,2,1,1,12,1,0,1,35749694
Delhi,6976,3,1,1,10,1,1,0,93255401
Hyderabad,1159,5,2,0,13,0,0,1,12602441
Pune,6820,2,1,1,15,0,1,0,66187259
Chennai,5142,1,1,0,27,0,1,0,38260678
Hyderabad,3082,4,3,0,28,0,1,0,26588624
Delhi,1629,1,1,1,5,0,1,0,22562627
Hyderabad,6740,3,2,1,1,1,0,0,58314378
Bangalore,6873,4,4,1,25,0,1,1,65104080
Hyderabad,2774,1,4,0,4,1,0,0,24944008
Chennai,4966,1,4,0,18,1,1,1,40495941
Bangalore,5719,1,3,0,6,1,1,0,53457740
Mumbai,1968,6,3,1,27,0,1,0,39261167
Delhi,6087,4,3,0,27,1,1,1,82916368
Delhi,2602,1,2,0,16,1,1,1,36270548
Hyderabad,3766,1,4,0,4,0,0,1,33639920
Pune,2971,3,2,1,11,1,1,0,30675364
Bangalore,6958,1,2,0,18,0,0,1,62787443
Mumbai,1651,1,1,1,26,0,1,1,30728348
Bangalore,6675,5,4,1,17,0,1,1,64110084
Delhi,592,4,1,0,27,1,1,1,10747792
Bangalore,3066,5,3,0,11,1,1,1,31655058
Mumbai,1781,6,3,0,2,1,0,0,36552991
Pune,3400,3,2,1,25,0,1,1,34263099
Hyderabad,6521,5,2,1,3,1,0,0,56991527
Chennai,5839,6,1,1,14,1,0,0,47404903
Bangalore,3299,2,1,1,14,0,0,1,31702066
Chennai,3677,4,2,0,10,1,0,1,30484319
Delhi,6167,1,4,0,1,1,0,0,82469166
Hyderabad,5011,5,2,1,17,0,0,0,43097776
Hyderabad,3104,5,4,1,2,0,1,1,30381404
Bangalore,4381,1,1,1,17,1,0,0,40273326
Pune,2913,1,3,1,13,1,0,0,29615749
Hyderabad,2044,3,3,1,5,0,0,0,19586578
Bangalore,4030,5,1,1,1,0,0,0,38806446
Bangalore,3146,5,1,1,0,0,0,0,30854650
Chennai,6974,2,3,1,7,1,0,1,55876907
Hyderabad,5284,6,4,0,9,0,1,0,46931960
Bangalore,6261,2,1,0,19,1,1,0,58516202
Chennai,2558,5,4,1,17,0,0,1,23111654
Mumbai,6126,2,4,0,19,1,0,1,112925850
Chennai,5014,5,3,0,10,0,1,0,40508407
Chennai,1645,4,4,0,17,0,0,0,15367311
Bangalore,1410,3,3,1,26,1,1,0,15007558
Delhi,3806,2,1,1,15,0,1,1,51032969
Delhi,5950,5,2,1,4,0,1,0,80948679
Pune,2066,2,2,0,6,1,0,0,21710058
Delhi,2895,6,2,1,21,1,1,0,41312497
Chennai,3505,3,2,0,1,0,1,1,29490714
Pune,5007,4,2,1,10,0,0,1,50066361
Bangalore,5843,1,2,1,12,1,0,1,54722580
Hyderabad,4748,1,4,0,19,1,1,1,41713410
Chennai,5831,2,4,1,23,1,0,1,46255130
Chennai,591,5,2,0,27,1,0,0,6592360
Pune,4492,6,1,1,15,0,1,1,45736641
Bangalore,830,3,1,1,29,0,0,1,8203535
Mumbai,6260,4,4,1,13,0,1,0,116547354
Chennai,1454,4,4,0,6,1,0,0,15485326
Mumbai,4280,4,2,1,6,1,1,0,80962827
Mumbai,3101,1,1,0,11,0,0,0,55515855
Delhi,3477,3,3,0,11,1,1,0,48888383
Bangalore,5847,1,2,0,19,1,0,0,54006396
Mumbai,4789,2,4,1,0,0,1,1,90074409
Bangalore,1029,4,4,1,22,0,0,1,12579245
Delhi,3392,3,4,1,5,1,0,1,48927743
Bangalore,1766,4,3,1,7,0,1,0,19770034
Chennai,1973,1,1,1,26,0,0,0,14396838
Mumbai,5234,1,4,0,12,1,1,1,96597864
Bangalore,6206,1,2,0,4,1,0,1,57669595
Hyderabad,2097,4,3,0,23,1,0,0,20479720
Bangalore,3025,3,1,0,9,1,1,1,30469883
Mumbai,6931,3,2,0,26,0,0,0,125562542
Delhi,5293,2,2,0,13,1,1,0,70580968
Delhi,4261,4,3,1,23,1,0,0,58495325
Mumbai,6641,2,3,0,8,0,1,0,121761098
Chennai,6297,6,3,0,16,0,0,1,50945675
Chennai,3242,2,4,0,2,0,0,1,26457637
Delhi,5135,2,1,0,11,1,1,1,69770295
Delhi,4925,2,4,1,11,1,0,1,68200856
Mumbai,969,1,3,0,10,0,0,0,17816508
Chennai,4330,6,3,1,21,1,1,1,36883084
Delhi,1033,2,3,1,28,0,0,1,15297501
Chennai,6558,3,4,0,3,1,1,0,53640646
Delhi,5062,2,2,0,7,0,0,0,67094177
Bangalore,4555,1,3,1,9,0,0,1,43036104
Hyderabad,4179,5,4,0,13,0,1,0,37567320
Pune,4587,6,3,0,29,0,1,0,46065153
Bangalore,1261,5,4,0,0,0,0,0,14760878
Pune,5601,5,1,1,11,0,1,0,55640740
Delhi,1390,6,1,0,4,1,0,0,21532012
Hyderabad,2855,4,4,1,13,1,0,0,26895900
Hyderabad,2455,3,3,1,3,0,1,0,23340749
Delhi,3471,1,4,1,27,1,1,0,47238287
Delhi,6977,6,1,0,16,1,1,1,95151757
Chennai,5549,5,4,1,25,1,1,1,46076055
Delhi,6039,1,1,0,21,1,0,0,79672441
Mumbai,2172,1,1,1,25,0,0,1,40035120
Delhi,3336,4,2,0,12,1,1,0,46714974
Mumbai,5427,5,3,0,2,1,0,0,102279266
Delhi,5439,2,4,1,10,1,1,1,74414230
Chennai,4144,1,3,1,10,0,0,1,33237245
Mumbai,2797,5,3,1,4,0,1,0,53954010
Bangalore,4561,1,1,0,5,1,0,0,42931405
Mumbai,3666,4,1,0,3,1,0,0,69666927
Chennai,1819,4,4,0,9,1,1,0,18091979
Pune,683,2,4,1,9,1,0,1,9956644
Mumbai,1783,4,4,0,11,1,1,1,36786315
Delhi,3346,5,1,0,21,0,1,1,46284102
Delhi,6286,6,2,0,22,0,0,1,84743540
Pune,2733,4,4,1,17,1,0,0,29648723
Chennai,4588,6,1,1,29,1,0,1,38496796
Hyderabad,1932,2,2,0,14,1,1,1,18436874
Delhi,3640,3,3,1,22,0,0,1,49925984
Bangalore,2296,1,1,1,22,0,0,0,20929059
Chennai,5222,1,4,1,17,1,1,0,41903768
Mumbai,2555,5,4,1,2,0,0,0,49794236
Mumbai,3836,2,2,1,2,1,0,0,72155620
Bangalore,1282,2,2,1,0,0,0,0,14098626
Delhi,2007,2,1,1,16,0,0,1,27457689
Chennai,6380,1,2,1,9,0,0,1,49806033
Bangalore,5370,4,1,1,26,0,0,1,50306549
Delhi,6355,1,2,0,5,0,1,1,84604095
Chennai,6459,1,3,0,24,0,0,0,48613622
Mumbai,5602,1,4,1,24,1,0,0,102039300
Chennai,4354,4,4,1,10,1,0,0,37265704
Pune,1176,3,3,1,13,1,1,0,14202533
Hyderabad,2330,5,4,1,16,1,1,1,24610918
Chennai,4590,3,4,0,27,1,0,0,37464558
Hyderabad,4806,3,4,1,6,1,1,1,44327440
Chennai,5932,1,4,0,21,1,1,0,46452026
Hyderabad,6223,3,3,0,3,1,1,1,55505527
Pune,1860,1,1,0,10,1,0,0,19364961
Mumbai,5085,1,4,0,18,0,1,1,92888638
Delhi,6022,5,3,0,8,1,0,1,83292351
Hyderabad,3186,2,4,0,25,1,1,1,29632073
Pune,690,1,3,1,20,0,1,0,7923121
Hyderabad,1342,3,3,1,7,1,1,0,15116819
Mumbai,834,5,1,0,19,1,0,0,17147127
Hyderabad,6238,6,2,1,3,0,0,1,55886027
Pune,1610,6,1,0,15,0,1,1,19328554
Pune,1078,6,1,1,5,0,1,1,14513127
Bangalore,561,3,4,0,5,1,0,1,9066212
Mumbai,886,2,3,0,18,1,1,0,17667269
Bangalore,1669,4,2,1,1,1,0,1,19763281
Mumbai,2700,2,3,0,10,1,0,0,51243818
Hyderabad,5214,5,4,1,24,1,1,1,48026519
Pune,2183,2,3,0,17,1,1,0,22615293
Bangalore,6473,6,4,1,8,1,0,1,63260281
Hyderabad,6821,2,1,1,27,1,1,1,58427830
Pune,986,5,1,1,15,1,1,0,13171480
Mumbai,4232,5,4,1,10,1,1,0,80387210
Pune,5873,6,1,1,13,0,0,1,58670983
Hyderabad,1040,3,3,0,7,1,0,1,11829045
Bangalore,6131,1,2,0,26,0,0,1,55809735
Bangalore,2560,4,2,1,12,1,0,0,26824123
Pune,4746,4,3,0,9,0,0,0,47654679
Hyderabad,5669,6,2,0,22,1,0,0,49978746
Chennai,1738,4,3,1,11,1,0,0,16369506
Mumbai,1490,2,4,1,20,0,0,0,28152134
Mumbai,4967,5,2,0,28,0,0,1,92176490
Hyderabad,5732,5,4,1,2,0,0,1,51959632
Chennai,2799,6,4,1,1,0,1,0,26477539
Bangalore,6696,5,3,1,10,0,0,1,64557721
Delhi,5749,1,2,0,23,0,0,0,74606784
Delhi,4407,5,1,1,17,1,1,0,60885834
Hyderabad,4788,5,1,0,23,1,0,0,42306371
Chennai,1580,2,1,1,20,0,0,0,12959801
Chennai,6740,3,1,0,24,1,1,0,52429482
Mumbai,697,4,3,1,3,1,0,1,17723068
Bangalore,2694,2,4,1,7,0,1,1,27555338
Pune,2098,2,2,1,28,1,0,1,22551087
Chennai,2100,2,3,0,10,1,0,1,18021626
Pune,4192,4,1,0,14,0,1,0,41901785
Delhi,4365,6,2,0,22,0,0,1,59793028
Pune,1183,2,3,0,27,1,1,1,13406546
Bangalore,3583,3,4,1,23,1,0,0,35652588
Bangalore,4489,6,1,1,20,0,1,1,43956790
Pune,832,5,2,0,1,0,1,1,11721684
Hyderabad,5839,3,2,0,22,1,0,1,50298637
Chennai,6017,6,1,0,18,1,0,1,48900349
Hyderabad,5961,5,4,0,14,0,0,0,52366371
Pune,6417,5,1,0,28,0,1,0,62792864
Chennai,6815,2,4,0,25,1,1,1,53424455
Mumbai,6087,2,2,1,25,0,0,0,109574623
Hyderabad,2271,4,1,0,25,0,1,1,20205956
Hyderabad,6606,1,4,0,27,1,1,1,55935987
Pune,5808,3,4,0,26,0,1,1,57875909
Delhi,5739,4,3,1,25,0,1,0,76357428
Pune,4700,4,4,0,12,0,1,0,47747699
Hyderabad,3221,3,1,1,1,0,0,1,28717204
Chennai,1306,6,1,1,2,0,0,0,13958247
Delhi,1564,3,4,0,29,0,1,0,21766200
Pune,1388,5,1,1,13,1,0,0,16718411
Pune,3423,1,2,0,19,0,1,0,33467904
Hyderabad,820,6,2,1,25,0,1,1,10522453
Hyderabad,4457,2,1,0,12,1,0,1,38480406
Mumbai,2882,1,4,0,26,1,1,1,54746882
Pune,3731,1,2,1,22,1,0,1,37454191
Hyderabad,2811,2,4,0,25,0,0,1,25140139
Bangalore,4101,1,1,0,15,1,0,0,38432858
Delhi,2000,6,3,1,11,1,0,0,30039930
Bangalore,6995,6,2,1,0,1,1,1,69037024
Delhi,2068,6,1,0,5,0,1,1,30404217
Pune,6392,4,2,1,12,1,1,1,64991842
Mumbai,3781,4,4,0,21,0,1,1,70941311
Hyderabad,2019,6,3,1,23,0,1,0,20138043
Hyderabad,2418,2,3,1,1,1,0,0,22287434
Hyderabad,4589,2,1,1,17,0,1,1,38942382
Pune,2365,3,2,0,16,0,0,1,23977634
Delhi,1905,3,3,0,18,0,1,0,26751244
Hyderabad,3223,6,2,0,22,0,1,1,30101318
Bangalore,6100,1,4,0,14,0,0,1,57144290
Hyderabad,6555,1,4,0,7,1,1,1,57568446
Pune,504,2,1,1,22,0,1,1,6265600
Mumbai,6677,1,3,0,8,0,0,0,121038953
Bangalore,1668,5,3,1,7,0,0,1,19597252
Hyderabad,2898,4,2,1,7,0,1,0,26533308
Hyderabad,3130,1,4,1,10,1,1,0,28979934
Chennai,847,1,3,0,17,1,0,1,8775999
Delhi,6361,3,1,1,16,0,1,1,84980132
Bangalore,4720,5,1,0,21,0,0,1,45416299
Chennai,2313,1,3,0,22,1,0,1,19671426
Mumbai,3842,4,1,0,5,0,1,0,71792694
Delhi,3074,1,3,0,22,0,0,1,40246405
Bangalore,4325,2,3,1,23,1,1,1,41603892
Hyderabad,5093,5,3,0,1,1,1,0,45814617
Bangalore,5772,1,3,1,0,0,0,1,54659898
Hyderabad,552,5,2,1,9,1,1,1,8852429
Delhi,648,1,3,0,7,0,1,0,9913496
Hyderabad,1002,4,1,1,15,0,1,1,11548539
Mumbai,1369,4,4,1,23,0,0,0,26490764
Pune,4021,5,2,1,13,0,0,1,41501613
Hyderabad,4814,6,4,0,23,1,1,0,43577922
Mumbai,4371,3,4,1,15,1,1,0,82473285
Pune,1800,3,4,0,13,1,0,1,20342697
Delhi,2999,2,4,0,25,0,0,0,40664862
Delhi,6726,6,4,0,6,1,1,1,92822001
Bangalore,4533,3,1,0,17,0,1,1,42899556
Mumbai,3789,5,3,1,19,1,1,1,72461597
Mumbai,5333,3,1,1,8,0,0,1,98348119
Chennai,4353,2,2,1,23,0,0,1,33264820
Chennai,2951,1,1,0,3,1,0,1,24630464
Pune,4885,3,2,1,23,0,1,1,48740748
Pune,838,5,3,0,25,0,0,1,10374267
Chennai,3324,5,4,1,28,1,1,0,28915226
Pune,2193,2,3,0,15,1,0,1,23799269
Hyderabad,6464,2,1,0,21,0,0,0,53780948
Chennai,1486,4,1,0,10,0,1,0,13459757
Mumbai,5554,4,3,0,8,0,0,0,103296245
Hyderabad,3990,4,3,1,16,0,1,0,35401422
Pune,5826,1,1,0,21,1,0,1,56046416
Delhi,3233,5,3,1,10,1,0,1,47333371
Bangalore,4267,4,2,1,19,0,0,0,39846976
Chennai,5884,5,2,1,2,0,1,0,48226096
Delhi,4576,2,1,0,20,0,0,0,60339112
Pune,2506,1,1,0,25,0,0,1,24464307
Mumbai,3607,2,3,0,10,1,1,1,68561695
Bangalore,4968,5,3,1,7,1,0,1,50198574
Delhi,6107,6,4,0,26,1,0,1,84040430
Bangalore,3830,6,2,0,9,1,1,1,40153921
Chennai,3541,4,1,1,5,0,0,0,29172691
Pune,1030,6,1,0,16,0,0,1,12692685
Mumbai,1423,2,1,1,5,0,1,0,26962558
Pune,4618,6,1,1,6,1,0,0,48693533
Bangalore,6747,3,4,1,12,1,0,0,64710147
Delhi,740,1,2,0,5,1,1,0,11617498
Chennai,5600,5,4,0,2,1,0,1,46812446
Chennai,2396,4,2,1,26,0,0,1,19936372
Pune,3824,2,1,1,24,0,0,1,36989803
Delhi,5761,1,2,0,12,1,1,1,76764166
Delhi,1313,4,1,0,9,1,1,1,21338548
Bangalore,5250,2,4,1,25,0,1,0,48644937
Pune,1282,6,2,1,3,0,1,1,17157072
Pune,6950,5,3,1,4,0,0,1,69843701
Hyderabad,4555,3,2,0,20,0,0,1,38405797
Pune,507,3,1,1,18,0,1,0,5671860
Chennai,4273,6,3,0,27,1,1,0,36532550
Bangalore,6310,5,1,1,17,0,1,1,59899323
Delhi,5170,1,3,0,23,0,0,0,67656011
Pune,3639,5,3,1,6,1,0,0,39048596
Bangalore,4289,6,2,0,20,0,0,0,41597572
Pune,5507,2,2,0,28,0,0,0,52127510
Delhi,4551,1,3,0,0,1,1,1,62690520
Mumbai,1017,3,3,0,25,1,0,1,21177405
Delhi,3690,6,3,0,16,1,0,0,51540010
Delhi,3602,2,1,0,23,1,1,0,47787634
Delhi,6137,6,2,1,19,1,1,0,83564890
Pune,5078,4,1,1,28,1,0,0,49889166
Hyderabad,6850,4,2,1,19,0,0,0,58265124
Delhi,3216,4,4,0,29,0,0,0,43847974
Chennai,1078,3,1,0,24,0,1,1,9586458
Chennai,4982,5,2,1,17,0,1,0,40957778
Bangalore,5007,1,3,0,4,1,1,1,47475148
Hyderabad,2365,3,3,0,21,1,1,1,22984170
Bangalore,5989,2,2,1,5,1,1,1,57745307
Chennai,1876,2,3,1,9,0,0,0,15975925
Chennai,6563,4,3,1,27,1,0,0,51735487
Mumbai,5955,1,4,1,29,0,0,1,108222701
Delhi,3438,4,4,1,18,1,0,1,48620243
Chennai,1405,2,4,1,9,0,0,0,12304482
Pune,5908,2,1,1,5,1,0,0,58255461
Pune,5558,5,4,0,9,1,0,0,57010147
Bangalore,1464,5,4,0,9,0,1,0,16769131
Bangalore,6783,5,4,0,20,1,0,0,65101220
Delhi,2476,4,2,0,11,1,1,1,35813863
Delhi,6943,6,3,1,23,0,0,0,93184296
Mumbai,5632,1,2,0,3,0,0,1,102681403
Hyderabad,5259,5,4,0,12,1,1,1,48551164
Bangalore,5420,3,1,0,25,1,1,1,50659323
Delhi,2387,5,2,0,9,1,0,1,35674561
Bangalore,2947,4,4,1,15,1,0,0,30493738
Delhi,1491,1,1,0,18,1,0,1,21271796
Chennai,5728,5,1,1,5,1,0,1,46936871
Bangalore,4056,1,1,1,25,0,0,0,35817581
Chennai,4459,3,3,0,29,1,1,0,36310685
Bangalore,6792,2,1,1,8,0,1,1,62688526
Hyderabad,6335,1,4,0,13,0,1,0,53515601
Mumbai,6950,6,2,1,23,1,0,0,128445003
Pune,4104,5,2,1,9,0,0,0,42661188
Pune,1583,4,4,1,7,1,1,0,19498200
Pune,934,6,3,0,2,0,1,0,13622031
Chennai,520,6,3,0,16,1,0,1,8202311
Delhi,3422,4,1,0,18,0,0,0,45359898
Pune,6888,4,4,0,29,1,0,0,68447490
Hyderabad,2425,4,1,1,2,0,0,0,21945919
Pune,1972,6,1,0,13,0,0,0,21578271
Bangalore,1599,1,4,1,27,0,1,1,15532657
Chennai,3137,4,3,1,5,0,1,0,26461005
Bangalore,889,2,3,1,28,0,0,1,10017195
Bangalore,3913,6,2,1,18,0,0,0,38514617
Bangalore,3115,6,4,1,17,1,0,1,32838156
Mumbai,1854,6,1,1,11,1,0,0,37083826
Mumbai,6902,3,4,1,14,0,0,0,126314009
Delhi,5021,1,1,1,24,0,0,1,65865522
Chennai,6321,1,2,1,5,0,0,0,48316686
Hyderabad,5625,4,2,1,20,1,0,1,49016331
Hyderabad,505,6,2,1,11,0,1,0,8503389
Hyderabad,690,6,2,0,18,0,0,1,8954468
Bangalore,647,4,1,1,6,0,1,1,8456801
Mumbai,5000,1,3,0,22,1,1,0,91898348
Chennai,4853,4,1,0,19,0,0,1,37917120
Bangalore,4050,4,2,1,9,1,0,0,39545522
Mumbai,6733,4,3,1,17,0,1,1,124804653
Mumbai,5419,4,4,1,1,0,0,0,101472859
Pune,4605,4,1,1,12,1,0,1,46971418
Pune,1610,5,4,0,14,0,0,1,19381281
Chennai,4333,5,2,0,27,0,1,0,34096628
Chennai,5433,6,4,1,23,0,0,1,45282257
Chennai,5583,6,3,0,3,1,1,0,46736691
Bangalore,1124,5,3,1,6,1,0,0,13839150
Delhi,4625,1,3,1,2,0,0,0,62112737
Chennai,2675,3,1,1,24,0,1,0,21521685
Pune,3649,1,4,0,15,1,1,0,36422380
Delhi,1578,6,4,0,25,1,1,0,25521567
Bangalore,4051,5,4,0,8,0,0,0,39485002
Delhi,2852,1,2,1,22,0,0,0,37951955
Hyderabad,1045,3,1,0,22,0,1,0,9284283
Delhi,5724,4,1,1,16,1,1,0,77934220
Chennai,1695,2,4,1,25,1,0,0,15431825
Bangalore,6118,5,1,0,7,1,0,1,58821780
Chennai,2569,5,4,1,17,1,0,0,22808056
Pune,3858,3,4,1,23,0,0,0,38340217
Hyderabad,2938,4,4,1,26,1,0,0,27541882
Pune,1116,4,3,1,12,1,1,1,14417259
Chennai,4744,2,2,0,1,1,0,0,37860633
Chennai,3843,4,1,1,0,0,0,0,31772762
Chennai,2311,3,2,1,15,0,0,0,18914556
Mumbai,6942,6,3,1,15,0,1,1,129068232
Hyderabad,671,4,1,0,10,0,1,0,7660146
Chennai,4642,6,4,1,23,1,0,1,40409861
Chennai,1125,6,2,1,3,1,0,0,12488300
Pune,6406,3,3,0,10,0,1,0,63325761
Pune,4563,5,1,1,25,0,0,1,46047838
Chennai,2754,5,1,0,5,0,1,1,24680406
Bangalore,952,5,2,1,25,1,1,1,12257224
Mumbai,1918,1,2,0,28,1,1,0,35888244
Pune,1253,5,1,1,10,1,0,1,15647060
Bangalore,3872,3,1,0,25,1,1,1,37006685
Mumbai,5604,2,3,0,0,0,0,0,102300599
Chennai,3223,4,4,1,8,0,1,0,28166010
Hyderabad,5729,5,4,1,26,1,1,0,51691146
Delhi,3510,1,3,0,6,1,1,1,49031721
Delhi,3411,6,1,1,20,0,1,0,46754923
Chennai,1725,1,2,1,21,0,1,0,13070372
Pune,667,3,2,0,2,0,0,1,8411727
Bangalore,4185,2,1,0,28,1,1,0,38975719
Hyderabad,585,5,3,1,8,0,1,0,8149861
Mumbai,2177,5,1,1,1,1,0,1,42950722
Chennai,2482,1,2,1,27,0,0,1,19137309
Hyderabad,5444,3,1,1,9,1,1,1,47705217
Hyderabad,1986,1,1,0,16,0,0,1,16639621
Pune,941,1,3,0,29,0,1,1,10275311
Mumbai,770,2,4,0,0,0,1,0,16893326
Hyderabad,6196,3,2,0,25,0,1,1,52836966
Pune,843,2,2,1,17,0,0,1,9861934
Bangalore,1706,3,1,0,5,0,1,0,16639362
Pune,3581,5,2,0,5,1,0,1,37875241
Bangalore,1757,4,2,1,8,0,1,1,19322111
Bangalore,2791,6,4,1,9,1,1,0,31059108
Hyderabad,2032,4,2,0,14,0,0,0,18561273
Pune,3922,3,2,1,3,0,1,0,39861642
Bangalore,4862,4,3,0,7,0,1,0,46314386
Mumbai,2153,1,3,1,3,0,0,0,40382507
Hyderabad,5488,5,3,1,2,1,0,0,49464576
Pune,6844,6,3,0,3,0,1,1,69831071
Pune,738,6,3,1,0,0,1,0,12022630
Delhi,1414,6,4,0,8,0,0,0,22818697
Pune,1938,5,2,0,10,1,1,0,22000826
Hyderabad,3516,4,1,0,20,1,1,0,31833509
Mumbai,1960,6,4,1,22,0,0,1,39335652
Pune,6889,6,1,0,18,0,0,0,67349341
Delhi,6477,3,3,0,20,0,1,1,86023085
Hyderabad,3579,1,2,0,28,0,0,1,30144674
Bangalore,6795,3,3,0,25,1,0,0,63609108
Chennai,6011,4,4,0,29,1,0,1,47844208
Chennai,2758,5,1,0,19,1,1,0,24507380
Bangalore,866,5,2,1,6,1,1,1,12707416
Pune,3491,3,4,0,4,1,0,1,37768950
Chennai,4241,2,4,1,1,1,0,1,36207844
Chennai,6189,3,2,1,18,0,1,1,49364289
Bangalore,585,2,2,0,23,0,1,0,6550175
Pune,6332,3,4,1,2,0,1,1,64159448
Pune,6253,2,1,1,14,1,1,0,61403130
Bangalore,6637,2,1,0,6,0,0,1,60653407
Pune,2993,6,4,1,4,1,0,0,34220742
Pune,5215,6,4,0,22,0,1,1,53530225
Hyderabad,6947,2,3,1,9,1,1,0,60275463
Hyderabad,631,2,3,0,8,0,0,1,7277211
Bangalore,1403,1,1,1,22,0,1,0,13603101
Mumbai,3956,2,3,0,13,1,1,0,74129659
Chennai,5583,6,1,0,21,0,0,1,45135743
Hyderabad,1721,2,2,1,27,1,0,1,16205956
Chennai,6690,5,3,0,12,0,1,1,54349846
Delhi,2263,1,1,0,0,0,1,1,30728357
Bangalore,3304,2,1,1,15,0,1,1,31565190
Mumbai,1726,6,4,0,19,0,0,0,34776964
Delhi,1784,6,1,0,7,0,1,0,26407088
Delhi,1189,4,3,1,16,1,0,1,19180629
Pune,5643,6,4,1,5,1,1,1,59954450
Delhi,5282,1,4,1,1,1,1,1,72170316
Bangalore,5381,6,3,1,12,0,0,1,52706239
Hyderabad,4935,5,2,1,24,1,0,1,44788997
Bangalore,5007,3,3,1,7,1,1,0,48371576
Hyderabad,2496,5,3,0,24,0,0,0,23028899
Delhi,4881,5,4,1,8,0,1,0,67882138
Delhi,1609,1,3,1,29,0,0,1,21910602
Mumbai,5445,1,2,1,12,1,0,1,99687717
Hyderabad,929,4,2,0,17,1,1,1,11892095
Delhi,6200,6,2,0,17,0,0,0,83636587
Pune,4626,4,4,0,8,1,1,1,48081059
Chennai,4281,1,3,1,1,1,0,1,35919564
Mumbai,1102,6,1,0,3,1,0,1,25069086
Bangalore,939,1,3,0,17,1,1,0,10211126
Mumbai,1484,1,2,0,16,0,1,0,27568032
Chennai,5968,3,3,0,11,0,0,0,46578603
Hyderabad,2418,5,4,1,15,0,1,0,23887197
Bangalore,5007,4,3,1,12,1,1,0,48581422
Bangalore,1027,4,4,1,10,0,1,0,13206804
Hyderabad,4905,2,1,1,13,0,1,1,41407252
Mumbai,3496,3,1,1,9,1,0,1,65935095
Delhi,3967,1,4,1,22,0,1,1,53371835
Mumbai,6407,1,3,0,27,1,0,0,116041239
Chennai,1861,3,2,1,26,0,1,0,15017201
Pune,6634,6,4,1,20,1,1,0,67949602
Delhi,1203,4,3,1,18,0,1,0,18497634
Mumbai,1162,1,3,1,23,0,1,1,22369557
Pune,864,2,3,1,20,0,0,1,9530011
Pune,1422,4,2,0,16,1,1,0,17178018
Hyderabad,6756,5,2,0,8,1,1,0,59970772
Chennai,4356,3,2,0,13,0,0,0,34017641
Chennai,675,4,4,0,29,1,1,1,8299785
Chennai,5768,5,4,0,4,1,1,0,47590075
Delhi,5797,2,2,1,2,1,1,1,79079727
Bangalore,1435,6,4,0,21,0,1,1,17121617
Delhi,881,3,2,0,7,0,0,0,13461796
Mumbai,5878,6,4,1,17,0,0,0,109458073
Pune,5808,1,3,0,26,1,0,0,55865114
Pune,805,6,2,0,29,0,0,1,10805011
Bangalore,5997,1,4,1,2,0,1,1,57029012
Mumbai,5197,5,3,1,22,0,1,1,96777107
Bangalore,2890,4,3,1,1,0,0,1,30351379
Pune,2703,2,4,0,26,0,1,1,28091791
Delhi,5307,5,3,0,10,0,1,1,72298634
Chennai,1965,2,1,0,27,1,0,0,15867511
Pune,3771,6,2,1,4,0,0,0,39324773
Hyderabad,902,2,2,0,24,0,0,0,7300578
Chennai,5209,6,3,0,29,0,1,1,42521166
Pune,3170,2,4,0,6,1,1,0,33103313
Delhi,2301,3,1,0,29,0,1,0,31322856
Bangalore,3150,5,4,1,13,1,1,0,32595271
Chennai,676,3,2,1,28,1,1,1,8011480
Delhi,5044,4,3,1,18,1,1,0,68540087
Mumbai,1242,4,1,1,1,0,0,0,25314033
Hyderabad,6160,1,3,0,25,1,0,1,52555791
Chennai,6574,1,1,1,8,0,0,0,50164236
Bangalore,2848,1,3,0,24,0,0,0,26559279
Mumbai,4902,4,4,1,24,1,1,1,92620553
Delhi,1250,2,2,1,9,1,0,0,18212049
Hyderabad,1368,6,3,0,18,0,0,1,15448799
Bangalore,4562,2,3,0,16,0,0,1,42965136
Delhi,4467,5,1,1,24,1,0,0,61540441
Delhi,713,4,4,0,6,0,1,1,13788348
Chennai,2117,6,4,1,17,0,0,0,19252867
Chennai,6259,6,1,0,5,1,1,0,50765909
Bangalore,3030,6,4,1,26,0,0,0,30201420
Pune,3833,1,2,1,8,0,1,0,37246539
Pune,2097,6,3,1,7,0,0,0,23332304
Delhi,6776,6,1,1,26,0,1,1,91202459
Chennai,6268,4,4,0,27,1,1,1,50638093
Hyderabad,1011,2,2,0,21,0,1,0,9960022
Hyderabad,6854,2,2,1,21,1,0,1,58523020
Delhi,5582,3,4,1,23,1,0,0,75652303
Chennai,752,3,4,1,8,0,0,0,7780475
Bangalore,4633,5,1,0,23,0,1,0,43429614
Bangalore,1128,4,4,1,0,0,1,0,13781611
Bangalore,3976,3,1,0,1,0,1,1,37761132
Hyderabad,1486,3,3,0,21,1,0,0,14254454
Chennai,2225,4,2,1,23,0,0,0,18021146
Chennai,2593,2,1,0,3,1,1,0,22284216
Hyderabad,6073,5,2,1,27,0,0,0,52195305
Bangalore,2201,5,3,1,19,0,1,1,22837453
Bangalore,804,5,4,0,28,1,0,0,10283501
Delhi,6334,3,1,0,17,1,1,1,85474521
Pune,4578,2,4,1,9,1,1,1,46979887
Mumbai,2780,5,2,0,0,1,1,1,54592735
Pune,4840,4,1,0,9,1,0,1,48776114
Chennai,6340,5,3,0,8,0,0,0,51140252
Chennai,3307,1,3,1,22,1,1,1,27931168
Chennai,3386,2,4,1,24,1,0,1,27963725
Pune,3954,1,3,0,12,0,0,1,38761163
Mumbai,6801,2,3,1,14,0,1,1,125519945
Delhi,1524,6,4,1,17,1,0,1,25088366
Pune,4812,4,4,0,25,0,0,0,47191606
Mumbai,3475,6,1,0,12,0,0,0,64657003
Bangalore,1006,3,1,0,4,0,0,1,10914107
Bangalore,5356,3,4,1,1,0,1,1,52434595
Chennai,3451,6,2,1,25,0,0,0,28214209
Hyderabad,1553,2,2,0,6,0,0,1,15122925
Chennai,3174,5,1,1,8,1,0,0,27458860
Hyderabad,3067,1,1,1,18,1,1,1,27695034
Mumbai,2404,4,4,1,13,0,1,1,46951773
Bangalore,4870,5,2,0,16,1,1,0,47398016
Pune,5087,3,4,1,19,1,0,1,51946369
Hyderabad,5422,5,1,1,19,0,1,1,47165414
Mumbai,5546,6,3,0,10,0,0,0,103347950
Bangalore,3394,6,3,1,21,0,1,1,34907379
Pune,5774,1,3,1,4,0,1,0,56131525
Hyderabad,1600,3,4,0,11,1,0,1,17217642
Chennai,4161,2,2,1,28,0,1,0,31643568
Chennai,2136,4,1,0,20,1,1,1,18675024
Chennai,1955,6,2,1,8,0,1,0,18863868
Mumbai,4113,4,2,1,28,1,1,0,77116557
Chennai,538,3,1,0,26,0,1,0,4509986
Delhi,6882,2,2,0,16,0,0,1,91084733
Bangalore,3584,6,3,0,7,0,0,1,36967389
Mumbai,6765,1,1,1,23,0,1,0,122394225
Pune,4739,4,3,1,26,1,0,1,48866993
Chennai,3231,3,4,0,7,0,0,0,26739316
Bangalore,2915,4,3,0,28,1,1,1,29624662
Hyderabad,1258,2,4,0,11,1,1,0,12982326
Chennai,4842,1,4,1,29,0,0,1,37833466
Bangalore,3616,2,1,1,28,0,1,1,33574325
Delhi,1264,6,3,0,18,1,0,1,21484905
Hyderabad,2922,5,3,1,9,0,0,1,27762984
Delhi,1814,2,3,1,23,1,1,1,26804761
Pune,4802,2,1,1,1,0,1,1,47951820
Bangalore,4495,4,4,0,23,0,0,1,42734300
Delhi,6614,2,4,1,27,0,0,1,87470774
Pune,4529,3,4,0,7,1,1,0,47275563
Bangalore,6885,6,1,0,13,0,1,0,65347931
Bangalore,4193,4,1,0,18,1,1,0,41088400
Delhi,3685,4,2,0,3,0,1,1,51047870
Bangalore,3366,5,3,0,8,1,1,1,35122273
Chennai,6945,6,4,0,12,0,1,0,56109222
Bangalore,1817,3,2,1,8,1,0,0,19376867
Mumbai,1200,6,2,0,25,0,0,0,24575095
Pune,4883,2,3,1,12,1,1,0,49382632
Bangalore,2701,5,1,1,24,1,0,0,27711016
Mumbai,2093,3,2,1,15,1,0,0,40235954
Bangalore,4487,5,1,1,25,1,0,0,43653890
Bangalore,5445,6,1,0,21,1,0,0,52191444
Delhi,4645,1,3,1,0,1,0,0,62634980
Chennai,1730,6,2,0,7,0,0,0,16038359
Pune,3112,2,4,0,28,0,0,1,31594614
Chennai,6856,5,2,1,8,0,0,1,54352859
Hyderabad,3637,1,4,0,23,1,1,1,32406222
Delhi,2408,2,4,1,12,0,1,0,33811847
Delhi,6282,5,1,0,16,1,1,0,85043098
Chennai,6336,5,4,0,27,1,1,1,51536394
Delhi,5939,6,3,0,21,0,0,1,80125070
Chennai,2290,5,2,1,24,0,1,0,19641589
Delhi,3428,5,1,1,8,0,1,1,48702692
Bangalore,6556,4,1,0,6,1,0,1,61943223
Chennai,1588,5,4,0,22,0,1,1,15163376
Chennai,5751,6,1,1,19,1,1,1,47618853
Mumbai,2881,4,3,0,22,1,0,1,54838594
Delhi,4627,4,3,1,9,1,1,1,64412483
Delhi,5463,1,1,1,20,0,1,1,71847702
Chennai,3445,2,1,1,26,0,0,1,27151106
Bangalore,4069,4,3,1,25,0,0,1,38766180
Bangalore,5862,3,4,0,4,0,1,0,55665055
Pune,5811,4,1,1,16,1,1,1,58400705
Bangalore,1665,3,4,1,1,1,1,0,19341665
Delhi,6279,1,1,1,8,1,0,0,83298784
Mumbai,1100,3,3,1,1,1,1,0,24211643
Chennai,2525,1,1,0,9,0,1,1,20876279
Hyderabad,2084,1,1,1,26,0,1,1,18197690
Mumbai,1487,1,1,0,11,1,1,1,28657367
Hyderabad,5810,3,3,1,1,0,0,1,51422232
Mumbai,2465,3,3,1,14,1,0,1,47302455
Bangalore,1939,1,3,0,24,1,1,1,20198459
Delhi,5115,1,2,1,2,0,1,1,68834294
Hyderabad,6354,2,2,0,1,1,0,1,54509220
Mumbai,1368,1,2,1,6,0,0,1,26457432
Delhi,2563,5,2,0,27,0,0,0,34903923
Hyderabad,6427,2,3,0,8,1,0,1,56288308
Chennai,1629,2,1,0,10,0,1,1,14596452
Mumbai,4878,2,3,0,28,0,0,1,89352104
Chennai,4956,5,2,0,21,1,0,0,40355336
Bangalore,4229,2,4,1,27,0,1,1,40735660
Chennai,5654,2,4,0,15,0,1,1,44541258
Chennai,6756,3,3,0,6,0,1,0,52944604
Pune,6951,6,1,1,28,0,1,1,69502937
Mumbai,2434,3,2,0,12,0,1,0,46391526
Bangalore,5554,1,1,1,2,0,1,0,51850701
Chennai,1576,1,1,1,10,1,1,1,14227726
Delhi,5700,4,1,0,2,0,0,1,77525068
Hyderabad,2139,6,2,0,14,1,0,0,20910030
Chennai,1892,5,3,0,7,1,1,1,19063653
Bangalore,6885,3,2,0,6,1,0,0,65039067
Chennai,530,1,2,0,4,1,0,1,6387073
Hyderabad,1203,5,3,0,5,1,1,0,14264930
Bangalore,1368,2,3,1,24,1,0,1,14580736
Mumbai,5980,5,3,1,18,0,0,0,110974628
Bangalore,732,3,4,1,27,0,0,0,8621213
Mumbai,5653,6,4,1,2,1,0,0,107011491
Bangalore,5862,4,3,0,29,1,1,1,56616279
Hyderabad,1450,3,1,0,10,1,0,0,14587723
Hyderabad,558,6,4,1,5,0,0,1,9688244
Bangalore,3318,1,2,0,26,0,1,1,31278839
Chennai,4100,1,2,0,23,1,0,0,32381838
Hyderabad,3649,5,4,1,20,1,1,0,34911009
Mumbai,801,3,2,1,13,1,0,1,17268256
Mumbai,3350,1,3,1,16,1,0,0,61936013
Delhi,3444,2,2,1,2,1,1,0,48551398
Pune,6641,2,4,0,28,1,1,1,65418273
Pune,6755,4,1,1,23,0,1,0,65867434
Pune,2423,5,2,0,3,0,0,1,26637334
Mumbai,816,1,2,1,8,0,1,0,16262371
Delhi,2388,4,1,1,12,1,1,0,34132685
Pune,5764,2,4,1,5,0,0,1,58036127
Pune,3215,4,1,0,9,0,1,0,33041604
Bangalore,5285,4,2,0,19,1,0,1,50782353
Bangalore,2381,1,4,0,19,1,0,0,23463368
Bangalore,6549,1,3,0,25,1,1,0,60995949
Chennai,4398,1,4,1,20,1,1,1,36433070
Pune,4613,5,4,1,12,1,0,1,48782164
Chennai,1678,4,3,1,22,0,1,1,15640821
Delhi,4355,4,4,1,13,0,0,1,59719583
Mumbai,6125,5,2,0,11,1,1,1,114615298
Pune,5373,2,2,1,22,1,1,0,52877106
Mumbai,4955,3,2,1,12,0,0,1,91139200
Bangalore,831,2,2,1,9,0,0,1,9874567
Pune,6537,5,3,0,6,0,1,1,66704301
Hyderabad,1027,4,2,0,4,1,0,1,12031666
Chennai,2559,4,4,0,11,1,1,1,23535453
Chennai,1598,1,1,1,28,1,1,1,13620089
Pune,711,1,3,0,24,1,0,1,7966305
Bangalore,2214,4,3,0,1,0,0,0,22353873
Chennai,3188,4,1,1,7,0,0,1,27298022
Bangalore,2830,6,2,0,25,1,1,0,28985541
Delhi,3766,1,2,1,7,0,1,0,50169849
Mumbai,5649,1,4,1,18,1,0,0,103746443
Hyderabad,1532,2,2,0,4,0,0,0,13699876
Mumbai,1832,4,2,1,29,1,1,1,36736405
Mumbai,5929,4,4,1,7,1,1,1,111976015
Delhi,2340,5,2,1,9,0,0,0,33220235
Chennai,6391,2,1,1,12,0,0,1,48954812
Hyderabad,6323,3,2,0,8,0,1,0,53363867
Chennai,5186,3,1,1,6,0,1,0,40620819
Pune,6310,3,1,0,19,0,0,0,61454161
Mumbai,2638,6,1,1,19,1,1,0,51383664
Pune,5051,1,2,1,18,1,1,0,49996652
Bangalore,4591,3,2,1,10,1,1,1,44990423
Mumbai,943,5,3,1,7,0,0,1,20313175
Chennai,4674,1,4,1,21,1,1,1,38489746
Mumbai,1998,1,4,1,15,0,0,1,37767906
Bangalore,1426,3,3,1,9,0,1,1,16225478
Delhi,6746,1,1,0,5,0,1,0,88404679
Pune,1122,2,4,0,9,1,0,1,13550006
Pune,1979,2,3,0,9,1,0,0,20935199
Chennai,3537,3,1,1,24,0,1,1,28883850
Mumbai,3885,5,3,0,26,1,0,0,72561000
Chennai,3818,1,2,1,18,1,0,0,30779303
Delhi,733,4,2,0,3,0,0,0,11498342
Mumbai,2117,3,1,0,18,0,1,0,39257857
Mumbai,3191,6,1,1,2,1,0,0,62297487
Chennai,2530,1,2,1,16,1,1,0,20945350
Chennai,886,3,4,1,13,0,0,1,10214186
Bangalore,2134,3,4,1,9,1,0,1,23131692
Delhi,4633,5,2,1,5,1,1,0,64684833
Bangalore,1684,4,4,0,15,1,1,0,18716752
Pune,6081,1,2,1,8,0,0,1,59231248
Mumbai,2467,3,3,1,20,0,1,0,45884500
Chennai,6068,3,3,1,11,0,1,1,48362334
Mumbai,740,1,3,0,11,1,0,0,15537022
Mumbai,5645,3,4,1,27,0,0,1,103372943
Hyderabad,6267,3,3,0,13,0,1,0,53857601
Pune,1061,3,1,0,25,1,0,1,12049828
Hyderabad,2499,2,1,0,1,1,1,1,22862185
Mumbai,5401,2,3,0,9,1,1,1,101119983
Chennai,2429,4,1,1,3,1,1,0,21836834
Mumbai,6941,5,3,1,27,0,0,1,128402339
Pune,5400,1,3,1,5,0,1,1,53347487
Hyderabad,6797,5,2,1,29,1,0,0,58797196
Chennai,3279,5,3,0,22,0,1,0,26774849
Mumbai,2175,2,1,0,27,0,1,0,39796373
Delhi,3015,4,4,1,28,1,1,1,43340510
Pune,6692,5,3,1,12,1,0,0,67026305
Pune,2177,5,2,1,22,1,0,1,24822741
Delhi,4641,3,1,0,13,0,1,1,62956761
Mumbai,4246,1,2,0,3,0,1,1,78019678
Pune,3856,4,3,0,9,0,0,1,39955660
Chennai,2151,1,3,1,9,0,1,1,18311312
Mumbai,4677,2,3,0,4,0,0,0,85757757
Mumbai,4341,5,3,0,28,0,1,0,80539006
Hyderabad,6916,5,1,0,3,1,1,0,60603237
Pune,2941,6,4,1,11,1,0,0,32933578
Pune,6405,1,3,0,25,1,0,0,61433361
Delhi,5385,2,2,1,21,1,0,0,72003235
Hyderabad,1094,6,1,1,26,0,1,0,11314318
Hyderabad,6701,6,1,1,13,1,1,1,59433579
Pune,3112,3,1,0,6,1,0,1,33132230
Mumbai,4596,6,2,1,1,1,1,1,88613966
Hyderabad,6859,6,4,0,13,1,1,1,62270248
Delhi,1996,3,2,0,9,0,1,1,28829193
Hyderabad,4055,5,2,1,27,0,0,0,35462549
Delhi,5361,5,2,1,15,0,0,0,72034712
Hyderabad,5266,4,3,1,2,1,1,0,47468842
Delhi,3858,6,3,0,26,1,1,1,54669860
Hyderabad,2101,1,2,1,7,0,1,0,18509037
Hyderabad,1414,5,2,0,22,1,0,1,14482199
Chennai,2344,2,3,1,27,1,0,1,20084447
Delhi,2495,1,3,0,16,0,0,0,33510903
Delhi,594,4,4,1,3,1,0,1,12432904
Delhi,992,6,2,1,20,1,0,1,16901226
Bangalore,3569,3,1,0,29,1,1,0,33160347
Hyderabad,649,4,4,1,18,1,1,0,9222721
Delhi,1546,1,1,1,14,1,0,0,21644041
Pune,3303,3,4,1,19,1,0,0,34164500
Bangalore,5834,2,2,1,25,1,0,1,54620754
Chennai,898,3,1,0,9,1,0,0,8385512
Delhi,6774,3,3,0,29,1,1,0,90207338
Delhi,5450,2,4,0,9,1,1,0,73450690
Bangalore,6791,5,1,0,22,0,1,0,62989609
Hyderabad,4976,5,4,0,23,0,1,1,44383899
Pune,1051,3,2,1,11,0,0,1,13042184
Chennai,794,3,1,0,8,0,0,1,7422998
Delhi,1643,4,1,1,14,1,0,0,23649770
Hyderabad,955,5,1,0,28,0,1,0,10255697
Pune,2053,2,4,1,17,0,1,1,21612510
Pune,668,6,3,0,19,0,1,1,10709469
Chennai,5305,6,3,1,0,0,1,0,44388587
Mumbai,2446,3,3,0,2,0,1,1,47091748
Pune,6615,3,2,1,7,1,0,0,66002683
Mumbai,6680,6,1,1,6,0,1,0,123830001
Pune,6317,4,3,1,14,1,1,1,64668790
Chennai,5880,4,3,1,7,1,1,1,48609091
Bangalore,6874,4,1,1,14,1,0,0,65030435
Chennai,753,1,2,0,26,1,1,0,7143560
Chennai,2876,2,4,1,21,0,1,1,23468463
Bangalore,1820,1,4,1,4,1,0,1,19526990
Bangalore,6653,3,4,1,11,1,0,1,63374725
Hyderabad,3383,4,1,0,11,1,0,0,29879900
Pune,4107,4,2,1,25,0,1,1,41381177
Hyderabad,2625,6,1,1,8,1,1,1,27160300
Bangalore,3996,6,4,0,20,0,1,1,40258587
Mumbai,2740,4,3,0,8,0,1,0,51915545
Mumbai,900,5,3,1,14,1,0,0,20215495
Chennai,2656,6,3,1,14,1,0,0,23893284
Delhi,6542,2,4,0,28,1,0,0,87069714
Chennai,6906,1,2,1,19,1,0,0,53635204
Chennai,2876,2,4,1,11,0,1,1,24234580
Delhi,862,6,1,1,4,1,0,0,14838474
Pune,4438,4,2,0,0,0,1,1,46089426
Bangalore,4351,3,3,1,21,0,1,0,41107195
Mumbai,3912,5,2,1,18,0,0,0,72627478
Chennai,2806,6,2,0,10,0,1,0,24536538
Delhi,5954,2,4,0,25,1,1,1,80693587
Hyderabad,584,3,2,0,17,0,1,0,6895447
Chennai,6141,6,4,1,5,0,0,1,51594888
Mumbai,2324,4,1,1,16,1,1,1,45954012
Bangalore,4385,4,2,0,13,1,1,0,42598704
Chennai,807,4,2,1,11,1,1,1,10277879
Chennai,4857,4,2,0,24,1,0,1,39490864
Pune,2421,6,3,1,4,0,1,0,27536617
Delhi,1130,5,4,1,6,0,1,1,20069396
Hyderabad,5275,5,4,1,26,0,1,0,45867930
Hyderabad,5460,2,3,1,25,0,0,0,46156217
Bangalore,2871,6,4,1,15,0,0,1,30172486
Mumbai,3800,4,1,1,24,0,0,1,70523152
Bangalore,6321,5,3,0,8,1,1,1,61089429
Chennai,6447,6,4,1,28,1,1,1,53097675
Chennai,4167,3,1,0,22,0,1,0,31806839
Hyderabad,1226,5,4,1,14,0,1,0,13334618
Mumbai,5856,5,3,0,3,0,1,1,109494953
Delhi,2148,2,4,0,19,0,0,0,29603393
Mumbai,4812,5,1,1,22,0,0,1,88967957
Chennai,1769,3,1,1,23,1,1,0,15931924
Delhi,5043,4,1,1,6,1,0,1,68865478
Mumbai,818,1,4,0,26,1,0,1,16613235
Mumbai,3975,2,3,1,13,0,1,1,73795214
Delhi,6505,3,4,1,29,0,1,1,87368356
Chennai,6680,2,2,1,25,1,0,0,51337262
Mumbai,3278,6,3,1,3,0,0,0,63231165
Delhi,3558,4,2,0,3,0,1,1,50025788
Pune,5653,5,4,1,23,0,1,1,57497978
Pune,4634,6,3,0,27,0,1,0,47158307
Chennai,2102,5,2,0,13,1,0,1,19459389
Delhi,2756,3,4,1,24,0,0,0,38467097
Pune,1329,4,3,1,6,1,1,1,17461052
Delhi,1355,1,1,0,14,0,1,1,18657792
Mumbai,3148,1,1,1,11,1,1,0,58573404
Chennai,2358,5,1,0,13,1,1,0,20788107
Pune,1602,6,2,0,12,0,1,0,18275500
Mumbai,6096,4,2,1,29,1,0,0,111737241
Bangalore,2981,4,4,1,18,1,0,1,30857344
Bangalore,2320,3,1,1,11,1,1,1,23942748
Chennai,5437,6,2,0,15,1,1,0,44331207
Pune,2579,1,1,0,25,1,1,0,25564579
Pune,3658,3,4,1,15,0,0,1,37953718
Pune,2940,2,3,1,0,1,1,1,32548446
Delhi,4184,4,2,0,14,0,0,1,56219584
Mumbai,1755,1,2,0,4,1,0,0,33446938
Pune,3457,3,3,1,5,1,1,0,37011136
Mumbai,4151,5,2,0,26,0,1,1,77157835
Chennai,2739,2,4,1,24,1,1,0,23452019
Pune,2439,3,2,0,20,1,1,1,25651171
Chennai,769,5,2,1,16,1,1,1,10608128
Pune,6720,1,3,1,10,0,0,0,65630048
Bangalore,5330,1,4,0,26,0,0,1,48542697
Hyderabad,4564,2,1,0,3,1,1,0,39204370
Chennai,5479,5,1,1,17,0,1,1,44229868
Pune,6927,4,3,1,19,1,1,1,69370009
Hyderabad,4275,1,4,1,13,0,1,0,36741915
Chennai,1612,6,3,1,22,0,1,1,16696494
Delhi,1148,4,3,0,8,0,0,1,17994275
Pune,1679,4,1,1,27,1,0,1,18381516
Delhi,6893,3,4,0,2,0,0,1,93572696
Bangalore,2642,3,4,0,2,1,0,1,27382099
Pune,516,1,3,1,10,0,1,1,6978466
Bangalore,616,4,1,0,19,1,1,1,8682544
Hyderabad,5578,3,4,0,22,1,1,0,48772100
Chennai,6976,5,3,1,21,0,0,1,54958835
Mumbai,6442,5,2,1,29,0,0,0,117635449
Bangalore,2045,5,1,1,4,1,1,1,23586047
Mumbai,3651,5,4,1,3,1,0,0,71027450
Mumbai,3193,4,4,1,11,0,1,1,60971658
Chennai,4589,5,4,0,23,0,1,0,38073357
Hyderabad,6759,4,1,1,11,1,1,1,59106261
Chennai,5558,1,3,1,3,1,1,0,45276481
Pune,1776,1,2,0,2,1,0,1,20045932
Bangalore,3740,5,4,1,22,1,1,1,37896991
Mumbai,5442,5,1,1,1,0,1,1,101210063
Chennai,6959,5,4,1,3,0,1,1,57719998
Chennai,4288,1,3,0,23,0,1,1,33256257
Chennai,871,3,2,1,3,0,1,1,10044157
Bangalore,3307,1,4,1,25,0,0,1,30791569
Hyderabad,6202,5,1,1,27,0,1,0,52511659
Chennai,655,3,3,1,6,1,1,0,9250500
Bangalore,3161,3,2,1,1,0,0,1,31697033
Mumbai,964,2,1,0,10,1,1,0,19780982
Pune,5378,4,4,1,4,0,1,0,54250801
Delhi,5399,5,1,1,27,0,1,1,73027729
Bangalore,4815,4,2,1,12,1,1,0,46474621
Delhi,6658,2,3,1,3,0,1,1,89795105
Chennai,2273,4,3,1,8,1,1,1,21377196
Chennai,616,5,4,0,6,1,1,1,10163144
Bangalore,6974,2,4,0,29,1,0,0,65023152
Delhi,2603,4,4,1,24,0,1,1,37168433
Chennai,1874,1,4,1,26,1,1,0,16472236
Mumbai,3703,3,2,0,28,1,1,1,69522463
Hyderabad,6614,2,4,0,12,1,0,1,57256140
Hyderabad,4903,1,1,0,9,1,1,0,42506128
Chennai,4046,5,2,1,6,1,1,1,34582950
Delhi,4477,3,2,0,17,0,1,1,61028442
Pune,4817,2,4,1,27,0,0,1,46927357
Chennai,1696,3,2,1,17,0,1,0,13990642
Pune,3911,6,1,0,1,1,0,1,42398948
Pune,1296,6,2,1,20,0,0,0,15796162
Delhi,6125,2,2,1,0,0,1,1,82967417
Pune,4392,2,1,0,12,1,1,0,43622422
Mumbai,650,4,1,1,22,1,0,0,14573840
Delhi,6316,3,2,0,1,0,1,1,85145376
Chennai,3749,6,3,0,3,0,0,0,31566112
Mumbai,6152,6,2,0,8,0,1,1,114729075
Bangalore,611,3,1,1,7,1,0,1,8869638
Hyderabad,1182,6,1,0,25,0,0,1,12480967
Chennai,1661,1,1,0,17,0,1,0,12314787
Chennai,2879,6,3,1,29,0,0,0,24584546
Chennai,6161,6,1,0,15,0,1,0,49545774
Mumbai,5488,5,4,1,3,1,0,1,104795636
Bangalore,5926,1,4,1,3,0,0,1,55876809
Delhi,660,4,3,0,17,1,1,1,12315480
Bangalore,1925,2,1,0,1,0,0,1,19596634
Mumbai,4161,6,1,1,20,1,0,0,78883339
Chennai,777,4,4,0,10,0,1,0,9195419
Hyderabad,3891,4,4,1,19,0,0,0,35253989
Chennai,2056,1,2,0,23,1,0,0,16731723
Delhi,5092,2,3,1,3,0,0,0,68004011
Pune,5991,5,2,0,23,0,0,0,59612436
Hyderabad,2415,4,3,0,13,1,0,0,22818109
Chennai,5250,5,1,1,20,1,1,0,42300078
Hyderabad,3607,2,1,0,16,1,1,1,31179123
Pune,802,2,3,0,29,0,1,1,9149890
Bangalore,5033,1,2,1,29,0,0,0,45548397
Mumbai,3273,3,4,1,24,1,1,0,62179880
Chennai,4781,6,3,1,7,1,0,0,40792791
Delhi,3745,1,3,0,0,1,1,1,52300420
Bangalore,6185,5,3,0,27,0,1,0,58594076
Chennai,5268,1,1,1,18,0,0,0,39316960
Bangalore,5869,2,3,1,18,1,1,0,55188316
Delhi,1500,4,1,0,20,1,0,0,21534764
Chennai,4334,6,4,1,6,1,0,0,37277466
Pune,4506,6,4,1,0,1,0,0,47708865
Pune,6922,3,2,1,0,0,0,1,68108943
Delhi,5278,2,1,0,9,1,1,1,71683020
Hyderabad,2218,6,4,0,12,1,0,1,24080455
Delhi,4330,6,4,1,21,0,0,1,60363522
Hyderabad,5520,4,2,0,29,1,0,1,47324310
Chennai,3681,5,2,0,4,1,0,1,31863245
Hyderabad,3382,5,2,1,11,0,1,0,31079543
Chennai,1498,5,1,0,27,1,0,1,13953546
Chennai,784,1,3,1,28,1,1,0,8177818
Mumbai,920,5,1,0,2,1,1,1,21070472
Chennai,2660,5,2,1,28,0,0,0,21995378
Hyderabad,3565,1,3,1,18,1,1,1,31250295
Mumbai,2775,4,4,1,3,0,0,0,52944900
Mumbai,1994,2,1,0,14,0,0,1,36783099
Chennai,4384,6,2,1,12,0,0,1,37176268
Delhi,5123,3,2,0,10,1,1,0,69652936
Delhi,3043,6,3,1,25,0,0,1,42492760
Pune,4626,5,1,0,1,0,1,1,47515622
Mumbai,4757,5,4,1,28,1,0,1,89605283
Chennai,2341,6,4,1,8,0,0,0,21204728
Delhi,5300,6,3,0,28,0,0,0,71450278
Chennai,1221,5,3,1,11,0,1,0,12174775
Chennai,1901,1,4,1,3,1,0,0,17001734
Mumbai,945,1,3,0,25,0,1,1,18313041
Pune,3291,1,3,0,18,0,0,0,31761583
Mumbai,5022,3,1,1,9,1,1,1,93288017
Bangalore,4267,2,3,1,10,1,0,1,40938805
Delhi,3051,5,2,0,6,0,0,1,43296226
Delhi,6146,4,2,1,12,1,1,1,84492094
Delhi,2467,6,2,1,8,0,0,0,35859373
Hyderabad,4388,6,3,0,11,1,0,1,41226102
Chennai,5316,5,4,1,28,0,0,1,43583419
Mumbai,3231,5,2,1,1,1,1,1,62984929
Delhi,6397,5,1,0,29,0,1,0,85214823
Bangalore,3129,6,3,1,21,0,1,1,32763337
Delhi,2464,5,4,1,20,1,1,1,36903444
Pune,1557,6,4,1,0,1,0,1,20942239
Chennai,6640,2,3,1,26,1,0,1,52151937
Chennai,5331,4,3,1,6,1,1,1,44471852
Mumbai,1257,1,1,0,0,1,0,0,24809288
Hyderabad,2295,4,3,1,25,0,1,0,21850740
Mumbai,2143,5,3,1,24,0,0,1,41790844
Delhi,5349,4,4,0,15,1,1,1,74513539
Pune,523,5,2,1,3,0,1,1,9145893
Bangalore,1739,4,2,1,29,0,1,0,17855162
Mumbai,4650,3,4,1,7,1,0,1,87979783
Hyderabad,3597,4,3,0,16,0,1,1,32131780
Mumbai,1804,1,1,1,20,1,1,1,34276442
Chennai,6970,1,2,0,18,0,0,1,52440383
Delhi,5565,4,3,0,3,0,0,1,75665123
Delhi,6829,6,2,1,27,1,0,1,93015832
Delhi,3042,6,4,0,3,0,1,0,43989129
Delhi,4212,6,2,0,7,1,0,1,59416286
Delhi,4455,4,4,0,9,0,1,1,61019092
Delhi,5029,6,4,0,25,0,0,1,69289334
Bangalore,4803,2,4,1,28,0,1,0,45472231
Hyderabad,4728,4,1,1,15,1,1,1,42280692
Delhi,5958,1,3,1,18,1,1,0,79655586
Hyderabad,5815,6,4,1,0,0,0,0,52193305
Pune,5881,3,4,0,4,1,1,0,59255051
Delhi,1805,6,2,1,1,1,1,1,29062122
Mumbai,4964,1,3,1,28,1,1,1,91629067
Delhi,3674,2,1,0,26,0,0,0,47546390
Chennai,5802,4,1,1,15,1,0,1,46701104
Bangalore,4128,6,2,0,12,1,0,1,41386022
Mumbai,6887,3,1,1,29,1,1,1,126884128
Mumbai,1281,1,2,1,5,1,1,0,25859052
Chennai,1066,3,3,1,3,1,0,0,11752190
Delhi,5122,5,2,0,24,1,1,1,70616956
Bangalore,4632,1,2,1,6,1,0,1,44717312
Mumbai,4773,5,4,1,1,1,0,1,91842252
Bangalore,1138,3,1,0,22,1,0,0,12154641
Mumbai,4200,4,3,1,9,1,0,1,80091217
Delhi,4667,4,3,1,13,0,0,0,62776760
Pune,2899,4,4,0,7,0,0,0,30149148
Mumbai,3170,5,2,0,2,0,0,0,59967278
Pune,1672,4,3,1,2,0,1,1,19268813
Mumbai,2220,2,3,0,26,0,1,1,41363658
Hyderabad,604,1,2,0,1,1,0,0,6814040
Delhi,2182,1,2,0,27,1,1,1,29900599
Chennai,4816,3,3,1,16,1,0,1,39316728
Pune,2349,6,2,1,18,1,1,1,27682554
Chennai,1362,5,1,0,9,0,0,0,13160399
Delhi,3945,1,3,0,11,0,1,1,53808744
Chennai,3065,5,2,1,26,1,0,1,26214293
Delhi,798,3,3,0,22,1,1,0,13218045
Chennai,3408,4,3,0,10,0,0,0,28453332
Pune,4637,6,4,1,8,1,0,0,49320569
Hyderabad,1270,3,1,1,29,1,1,1,12747647
Chennai,3039,2,1,1,24,0,0,1,23460268
Pune,1962,4,4,0,12,1,0,1,23364275
Mumbai,4354,4,4,0,5,1,0,0,83043553
Delhi,3618,4,3,0,13,1,1,1,50948959
Bangalore,2632,3,1,1,21,0,1,0,24437921
Bangalore,2209,2,4,0,10,0,1,1,22625901
Delhi,1490,6,2,1,4,0,1,1,23408047
Hyderabad,1210,5,3,1,1,0,1,1,14290456
Chennai,4804,3,1,0,6,0,0,1,38371559
Hyderabad,5867,1,3,1,16,0,0,1,49743788
Bangalore,5830,1,3,0,5,0,1,0,53688823
Pune,538,3,2,0,13,1,1,1,8793753
Delhi,1775,5,2,1,3,0,1,1,27573299
Delhi,6422,1,4,0,2,1,0,0,86390506
Hyderabad,5357,5,2,1,10,0,0,1,46911485
Pune,1936,4,1,1,28,1,1,0,21475211
Hyderabad,3493,3,4,1,0,1,1,1,33586335
Chennai,1969,4,1,0,13,0,1,0,16651463
Mumbai,2599,1,1,0,5,1,0,0,47598753
Pune,873,5,4,0,28,0,1,0,11182832
Mumbai,5526,4,2,1,22,1,1,1,103465836
Chennai,4751,1,3,1,26,1,0,0,37415759
Mumbai,4525,2,2,0,16,1,1,1,84724662
Bangalore,6161,4,1,1,26,0,1,1,57753855
Mumbai,1613,2,1,0,16,1,1,0,30355021
Chennai,3226,2,4,0,22,1,0,0,27060686
Mumbai,2898,6,1,0,10,0,0,1,55871331
Delhi,6712,1,4,0,27,0,0,0,88381837
Hyderabad,3734,3,4,1,21,1,0,0,33565681
Bangalore,1765,5,2,0,6,0,1,1,19897273
Delhi,3623,1,1,1,12,0,0,0,46919663
Delhi,1153,6,2,1,7,0,0,0,19120317
Chennai,4658,6,3,0,7,0,0,0,39216128
Hyderabad,1008,4,2,0,8,1,0,0,11871196
Hyderabad,2839,5,1,1,28,0,1,1,25844190
Pune,3662,6,3,0,24,1,0,0,38927893
Bangalore,2187,3,1,1,6,0,0,1,22334760
Chennai,6043,1,3,1,24,0,0,1,46140577
Bangalore,6288,3,1,1,21,0,0,1,58064714
Pune,1888,4,2,1,8,1,0,0,21070984
Mumbai,2697,1,1,0,10,1,1,1,50591116
Delhi,4411,4,4,0,1,1,0,1,62294207
Bangalore,5890,5,4,0,26,1,0,0,56805864
Delhi,3428,5,2,1,17,0,1,1,47412845
Chennai,6200,3,2,0,29,1,0,0,48593462
Mumbai,5735,3,3,1,21,0,1,0,104666815
Chennai,5299,5,2,1,2,1,1,1,44219885
Mumbai,1015,2,4,1,17,0,1,0,20417211
Mumbai,4158,5,2,0,15,1,1,1,79566216
Delhi,6533,1,4,0,7,0,1,0,86735899
Chennai,2333,4,2,1,22,0,1,1,20026400
Chennai,5860,5,4,0,7,1,0,1,49457291
Bangalore,529,5,3,1,5,1,1,0,9943623
Chennai,3714,6,1,0,24,0,0,1,30732659
Bangalore,825,4,1,0,24,0,1,1,8919550
Hyderabad,4266,6,4,0,1,1,0,0,39748387
Hyderabad,4611,4,2,1,15,0,1,0,39708693
Hyderabad,610,1,2,0,25,1,0,0,5851774
Pune,606,4,1,0,20,0,1,1,8023276
Chennai,2926,3,4,1,8,1,0,0,25305856
Pune,6805,5,2,0,18,1,0,1,68125453
Chennai,4878,4,1,1,20,1,0,0,39393523
Bangalore,4864,1,4,0,14,0,1,1,46354827
Pune,3031,4,3,1,23,1,0,0,32154816
Pune,3644,5,2,1,1,1,1,1,40409012
Pune,5816,2,2,0,14,1,0,0,57562826
Mumbai,5862,4,4,1,21,1,1,0,109341719
Bangalore,5193,3,1,1,10,1,1,0,49384531
Hyderabad,1298,5,4,0,19,0,0,0,14107412
Bangalore,5878,1,1,0,11,0,0,0,52579579
Mumbai,5768,5,4,0,14,0,1,0,106770552
Chennai,6486,6,3,0,15,1,1,1,53553123
Bangalore,2937,2,2,1,29,0,1,0,26759914
Pune,2511,1,1,1,27,1,0,0,25184539
Hyderabad,925,2,3,0,5,0,0,0,9759074
Hyderabad,3544,2,4,0,2,0,0,0,31173304
Chennai,6321,3,1,0,5,0,0,1,49901330
Bangalore,3788,4,1,0,22,0,0,0,35122724
Mumbai,3414,3,3,1,25,1,0,1,65019901
Chennai,6729,3,4,1,2,0,0,1,54316891
Bangalore,1739,6,3,1,20,0,1,0,19361284
Delhi,3891,3,4,1,12,1,1,1,54696431
Hyderabad,4713,1,3,1,11,0,0,1,40669975
Mumbai,4497,4,3,0,7,0,0,0,83803845
Pune,3506,4,3,0,1,1,0,0,37655801
Mumbai,3539,1,3,1,6,0,1,1,66345374
Pune,1098,3,4,1,28,0,1,1,13584643
Mumbai,2587,3,2,0,16,1,0,1,49250123
Hyderabad,1684,2,3,1,6,1,1,1,17576681
Pune,3250,2,4,1,0,0,0,1,34164636
Bangalore,3084,6,2,1,3,0,1,0,32259660
Pune,5259,5,1,1,14,0,0,0,52274281
Chennai,6738,2,1,0,3,1,1,0,52466132
Bangalore,4013,4,3,1,11,1,0,1,40928897
Chennai,6177,1,1,1,15,0,1,1,47824044
Mumbai,5245,3,3,1,20,1,1,1,98656959
Bangalore,4554,5,3,1,17,1,0,1,45789061
Mumbai,6085,2,2,1,13,0,0,0,110437647
Delhi,4883,5,1,0,13,1,0,0,67092235
Mumbai,4436,1,3,0,27,1,1,1,82143486
Mumbai,2199,1,1,0,10,1,0,0,40938380
Chennai,5007,5,2,1,27,1,0,0,40172098
Pune,3075,5,1,1,15,0,0,1,31868607
Delhi,5637,6,2,0,14,1,0,1,77476063
Mumbai,635,5,2,0,21,0,1,1,14097083
Mumbai,2525,3,2,1,5,0,0,0,48322523
Delhi,4035,4,3,1,29,0,0,0,54619943
Delhi,5354,2,4,0,23,0,1,1,71881103
Bangalore,5867,2,3,1,12,1,0,0,54854101
Chennai,3390,2,1,1,25,0,0,1,25575258
Delhi,3257,5,3,0,27,0,0,0,45030968
Delhi,5620,5,3,1,16,1,0,0,76304925
Hyderabad,4273,6,4,1,3,1,0,0,40430261
Pune,880,5,1,1,11,1,0,1,12966634
Delhi,2028,6,2,0,17,0,0,1,30338126
Chennai,5401,6,2,1,26,0,1,1,43355914
Pune,5071,3,1,1,7,1,1,0,50963680
Pune,4128,3,3,0,11,1,0,1,42371359
Mumbai,5549,3,4,1,3,0,0,0,102243097
Mumbai,1348,3,4,1,29,1,1,0,26519689
Mumbai,5492,1,1,1,7,1,0,1,100828282
Mumbai,4627,3,1,0,28,0,1,0,83975471
Hyderabad,2427,3,3,0,1,1,1,0,24248018
Delhi,2665,3,4,1,28,1,0,0,36757266
Mumbai,4786,6,1,0,29,1,1,0,88664492
Bangalore,6366,2,3,0,3,1,1,0,60372123
Mumbai,6369,2,3,0,11,1,0,1,117841212
Delhi,2621,2,1,0,24,1,0,1,35222401
Mumbai,5218,4,4,0,20,0,0,1,97489135
Hyderabad,5722,1,2,0,21,0,0,0,47683177
Chennai,3418,6,3,0,9,1,0,1,31327126
Chennai,5181,5,2,0,14,0,0,0,41724837
Delhi,972,6,3,0,27,1,0,0,15646427
Chennai,2287,3,4,1,8,0,0,0,20197071
Chennai,613,2,2,0,8,1,0,0,6319863
Bangalore,5998,6,1,0,6,0,0,1,57963025
Delhi,1836,1,3,1,26,1,0,0,25730139
Delhi,6973,3,1,1,1,1,1,1,94399523
Chennai,838,4,1,1,6,1,1,1,10539682
Chennai,2785,5,4,1,8,0,1,1,26174738
Chennai,1696,3,1,0,17,0,0,1,13840447
Pune,578,5,3,0,22,0,0,0,8549941
Hyderabad,5059,6,1,0,11,1,1,0,45374735
Mumbai,6517,3,1,1,6,0,1,0,119477373
Hyderabad,3152,4,3,0,18,0,1,0,28080931
Delhi,6583,6,1,0,21,1,1,1,89923562
Bangalore,5157,1,4,1,23,1,1,0,48190529
Mumbai,4880,5,3,1,15,0,1,0,91189352
Bangalore,4818,5,4,1,25,1,0,0,46884958
Pune,3140,1,1,1,7,0,1,0,31308183
Delhi,5885,5,2,1,29,1,1,1,79591940
Pune,6286,6,4,0,18,1,0,0,64314877
Delhi,1756,2,4,1,5,0,0,0,25900792
Bangalore,1327,1,1,1,1,1,1,1,14782223
Bangalore,6879,4,2,0,29,1,0,0,64662958
Bangalore,3218,3,3,0,1,1,1,0,33341164
Delhi,5423,3,2,0,28,1,1,0,73059757
Chennai,3310,1,3,1,7,1,0,0,27523009
Bangalore,3885,2,1,1,26,1,0,1,36114170
Pune,6556,6,2,0,9,1,0,1,66508283
Mumbai,2465,4,1,0,20,1,1,0,47404095
Delhi,2927,3,4,1,20,1,1,0,41404045
Pune,3341,3,2,0,10,1,0,1,34852671
Hyderabad,1113,6,3,0,19,1,1,0,13387244
Hyderabad,1062,2,4,0,26,1,1,0,11098806
Mumbai,6695,5,3,0,25,0,0,0,122662348
Chennai,6340,1,4,1,19,1,0,1,49988811
Bangalore,6401,2,3,1,23,1,1,1,60829584
Delhi,6564,2,3,1,2,1,1,1,89959999
Pune,6848,2,1,0,26,0,0,1,65001752
Bangalore,5326,2,4,1,15,0,0,1,50841301
Pune,4852,5,1,1,2,0,0,1,49867413
Delhi,684,6,1,0,7,0,0,0,11361372
Hyderabad,2692,4,1,0,18,1,0,0,25014273
Bangalore,6627,2,1,1,11,1,1,1,63141834
Mumbai,6309,2,3,0,17,1,0,1,116359808
Chennai,4565,1,1,0,12,0,1,0,34685616
Mumbai,745,3,1,1,10,1,1,1,17304477
Chennai,4586,5,1,1,28,0,1,1,36461022
Pune,2734,2,3,1,12,0,1,1,28372210
Bangalore,1365,4,4,0,20,0,0,0,14325084
Bangalore,2587,4,3,0,26,1,1,1,27143149
Chennai,1100,4,3,0,2,1,1,0,12024602
Hyderabad,5557,1,3,0,5,1,0,0,47528925
Delhi,6037,4,4,0,26,1,1,0,81382768
Mumbai,3533,6,1,0,22,0,0,0,66162578
Pune,2556,1,1,1,2,1,0,0,25504407
Mumbai,6993,5,4,1,24,1,0,0,129027734
Mumbai,2631,4,4,0,25,1,1,1,51092767
Pune,1032,3,2,1,0,0,1,1,13595544
Pune,5584,2,1,1,13,0,1,0,54007220
Bangalore,2542,5,3,1,22,1,1,1,27233910
Mumbai,857,6,3,0,19,1,1,1,20117479
Delhi,877,3,1,1,6,0,0,1,14002224
Delhi,2719,5,4,1,24,0,0,1,39063475
Chennai,5644,6,2,0,8,1,1,1,46983179
Pune,4988,4,3,0,0,0,1,1,51422319
Bangalore,5722,5,2,0,9,0,1,1,55009578
Delhi,5297,5,3,1,12,0,1,0,72991259
Hyderabad,3807,5,3,1,11,0,0,1,35338820
Bangalore,6029,1,1,1,3,0,1,1,56393739
Bangalore,3096,3,3,0,6,0,1,0,30311153
Delhi,1283,6,2,0,9,0,1,0,20150022
Hyderabad,6424,4,2,0,21,1,1,0,55789536
Chennai,2879,2,1,1,24,0,1,1,23358733
Delhi,4103,4,3,1,28,1,0,0,56307765
Hyderabad,1482,4,2,1,6,1,0,0,15887838
Bangalore,4442,1,4,0,14,1,0,0,41792744
Hyderabad,3090,1,1,0,18,1,1,0,26329436
Bangalore,1542,5,4,1,6,1,1,1,19593735
Delhi,5767,4,2,1,25,1,0,1,77718488
Pune,3038,3,4,1,13,0,0,1,32499963
Delhi,6926,1,1,0,20,0,1,0,89765817
Mumbai,1361,6,4,1,13,1,1,1,30890164
Mumbai,2376,1,2,0,17,1,0,1,43930097
Mumbai,2335,3,4,1,9,0,0,1,45345432
Delhi,6294,1,4,1,2,0,0,1,83854848
Chennai,4708,3,4,1,5,1,0,1,39920030
Delhi,4026,2,3,1,28,1,1,1,54443342
Pune,2185,3,2,1,21,1,0,1,23204567
Hyderabad,3901,2,4,1,22,0,0,0,33570290
Delhi,2122,6,2,1,21,0,1,0,30987873
Delhi,6018,5,4,1,8,0,0,1,83049713
Bangalore,5457,5,1,1,13,1,1,1,53047358
Bangalore,3157,1,1,1,20,0,0,0,28321297
Bangalore,2432,3,1,0,20,1,0,1,23584397
Delhi,1007,1,4,0,23,1,1,1,15516516
Chennai,6263,3,2,1,7,0,0,1,49827053
Hyderabad,5061,1,1,1,0,0,1,0,42441678
Hyderabad,3978,5,3,0,2,0,1,0,36653573
Pune,3156,6,1,0,28,1,0,0,32135687
Chennai,1621,5,1,0,21,0,1,1,14254553
Chennai,789,1,3,1,5,1,1,0,8050387
Hyderabad,6358,3,1,1,0,0,1,1,54459415
Mumbai,3329,4,4,1,17,1,0,0,63375687
Bangalore,2709,6,4,1,9,0,1,0,29387250
Bangalore,6462,3,1,0,22,1,0,0,60155641
Hyderabad,5312,1,2,0,16,0,1,0,44707039
Chennai,1900,3,2,0,25,1,1,0,16605333
Pune,1066,2,1,0,20,0,1,1,10869024
Mumbai,1973,3,3,1,0,0,1,1,39859222
Hyderabad,5589,5,4,0,21,0,1,1,48932895
Bangalore,5736,5,4,0,22,0,1,1,55444094
Delhi,2487,2,4,1,7,1,0,1,36445846
Chennai,4287,6,1,1,28,0,0,0,34024299
Delhi,4365,3,4,1,11,1,0,0,59872732
Pune,3760,6,1,0,18,0,1,1,39165511
Hyderabad,4047,4,1,0,13,0,0,1,35566442
Bangalore,6589,3,2,1,29,0,1,1,61228731
Mumbai,3751,5,3,1,18,0,0,1,71303340
Delhi,6405,5,3,1,26,1,1,0,86562724
Mumbai,5800,6,3,1,16,1,0,0,108662024
Pune,5554,1,4,0,27,0,0,1,53800636
Bangalore,2216,5,2,1,15,1,0,1,24010421
Delhi,1512,1,2,0,18,1,0,0,20169555
Pune,6414,5,1,1,4,0,1,0,63676388
Mumbai,1810,5,2,1,21,0,1,1,35764931
Mumbai,5070,4,1,0,18,1,1,0,94404050
Delhi,1117,1,2,1,3,1,0,1,17444631
Bangalore,5236,1,1,1,4,0,1,0,47778146
Mumbai,6905,5,4,1,4,0,1,1,128487936
Hyderabad,4757,1,2,0,24,0,0,0,38925427
Pune,6599,5,3,0,23,0,0,1,65898734
Delhi,2482,5,1,1,0,0,0,0,35121557
Chennai,2728,6,2,1,17,0,0,1,24390366
Chennai,5320,3,2,0,27,0,1,0,41378350
Bangalore,968,1,1,0,14,0,0,0,8552490
Hyderabad,6405,2,2,0,20,0,1,1,54090194
Mumbai,4616,6,3,1,27,0,0,1,86761832
Chennai,4855,1,1,1,18,1,0,1,38168959
Bangalore,1639,1,1,1,22,1,0,0,15015796
Pune,1936,4,1,1,13,1,0,0,20814696
Hyderabad,1036,2,1,0,26,0,1,1,8876645
Hyderabad,1451,2,1,0,5,1,0,1,14744270
Bangalore,3313,4,3,0,17,0,0,1,32742604
Bangalore,3506,4,1,1,7,0,1,0,34452470
Mumbai,4494,1,3,0,4,0,0,1,83352162
Bangalore,6575,3,3,1,21,1,1,1,62330853
Mumbai,2340,4,3,0,7,0,1,0,45253857
Mumbai,6452,2,1,1,28,0,1,1,116597455
Delhi,1350,2,3,1,5,1,0,0,20164249
Hyderabad,2471,1,1,0,9,0,1,0,21563910
Pune,5876,3,3,0,2,1,0,0,58665730
Hyderabad,1691,5,1,0,12,1,1,1,18199622
Hyderabad,4420,4,2,0,6,0,1,0,39197005
Delhi,5128,4,2,0,29,1,0,0,68805631
Mumbai,2562,1,3,0,3,1,1,1,49458408
Mumbai,6693,6,4,1,12,0,0,0,123850606
Bangalore,3546,6,4,0,5,0,1,0,36235677
Delhi,4899,3,2,1,15,0,0,1,65381670
Bangalore,4058,2,3,1,21,0,0,0,38016806
Delhi,5011,2,3,1,26,1,1,1,68395788
Bangalore,804,5,3,0,20,0,1,0,10473480
Chennai,6839,2,4,0,28,1,0,0,53445251
Hyderabad,5408,6,2,0,0,0,1,1,49413803
Hyderabad,3347,6,3,0,29,1,0,0,30911789
Pune,2935,4,2,0,23,0,1,1,30706842
Mumbai,3304,5,2,0,12,1,0,1,63705318
Pune,2484,3,1,1,29,0,0,0,24278859
Chennai,4436,5,4,1,25,1,1,1,37907743
Pune,1212,3,2,1,1,0,0,0,14269567
Hyderabad,3395,6,1,1,19,1,0,0,31126539
Mumbai,2181,2,4,1,28,0,1,1,40929297
Chennai,1833,1,3,0,27,0,1,0,14666892
Hyderabad,3698,5,3,0,18,0,0,0,33080304
Bangalore,674,5,1,1,5,0,1,0,8982022
Delhi,3705,4,3,1,10,0,0,0,51080972
Chennai,5685,4,1,1,16,1,0,0,45742626
Mumbai,1916,6,1,0,8,1,1,0,38559035
Pune,2487,3,3,0,4,1,1,0,26561164
Pune,6922,1,4,0,4,0,1,1,67980527
Chennai,5353,4,1,0,15,0,0,0,41534444
Mumbai,2272,4,4,0,3,1,1,1,45918045
Chennai,4766,2,4,0,19,0,0,1,37981868
Mumbai,1574,2,1,0,28,1,1,1,30681958
Pune,5947,6,4,1,12,0,0,0,60261486
Hyderabad,5260,6,1,1,16,1,0,1,47442471
Bangalore,1091,4,3,0,8,1,1,0,14074367
Hyderabad,3478,3,3,1,24,1,0,1,31019555
Bangalore,5764,1,3,0,12,0,0,1,52671117
Pune,6917,4,3,1,15,1,0,0,69764198
Hyderabad,4482,3,3,0,19,1,1,1,40151558
Hyderabad,2910,3,4,0,9,0,0,1,26467419
Chennai,5944,4,4,1,9,0,1,0,47826362
Delhi,1347,3,4,0,19,0,0,0,18978208
Pune,6941,5,2,1,27,1,0,0,68692591
Mumbai,993,3,2,0,15,0,1,0,20178222
Pune,1045,4,1,1,22,0,0,1,12085749
Mumbai,6947,3,2,0,19,0,0,0,126551559
Mumbai,6086,4,3,1,0,0,0,0,113297128
Bangalore,5499,2,3,0,10,0,1,1,51258685
Mumbai,2786,4,3,1,12,1,1,1,54048512
Mumbai,3197,3,1,1,24,1,1,1,59593813
Chennai,4337,4,1,1,17,0,0,0,34641794
Hyderabad,2040,1,1,1,4,0,1,0,18271920
Pune,1383,4,1,0,3,0,0,1,15970868
Pune,4456,4,4,1,23,1,0,1,45609190
Mumbai,3594,1,1,0,5,1,0,0,65509133
Delhi,2865,1,1,0,14,1,1,0,39048829
Pune,5500,1,2,0,22,0,1,0,53177932
Mumbai,3847,6,4,0,1,1,1,1,75204102
Bangalore,3571,5,3,0,3,1,0,1,37125715
Bangalore,4175,6,2,0,13,1,1,1,42669261
Bangalore,5215,4,1,0,3,0,1,0,49331905
Mumbai,1452,6,3,0,27,1,0,0,29694961
Chennai,3800,6,3,1,28,1,1,1,33553732
Delhi,4235,1,3,1,17,1,1,1,57151838
Mumbai,3679,1,2,0,25,0,1,0,66094436
Chennai,3463,2,4,1,19,1,1,1,29062870
Chennai,4527,6,4,1,15,0,1,0,37507299
Pune,3747,5,3,0,8,0,1,0,39662305
Mumbai,4915,4,1,1,7,1,0,0,91330648
Mumbai,3857,3,4,1,10,0,0,0,72081273
Chennai,5471,5,4,1,13,1,0,1,45883796
Chennai,6972,5,1,0,16,1,1,0,55646399
Chennai,6496,2,2,0,12,0,1,1,51071350
Pune,5348,4,2,1,7,1,0,1,55450889
Mumbai,3204,4,1,0,13,1,0,0,60585103
Chennai,5975,1,2,0,10,1,1,1,46766487
Bangalore,1537,1,3,1,8,0,1,1,15529283
Mumbai,570,5,4,1,7,0,1,1,15102528
Pune,3374,2,2,1,13,0,1,1,34627500
Bangalore,6431,4,3,1,14,1,1,1,62394082
Hyderabad,6142,2,3,0,25,1,1,0,52680407
Mumbai,605,3,3,0,0,0,0,1,13374220
Hyderabad,1269,4,3,0,23,0,0,0,12200245
Chennai,2509,1,3,0,11,1,1,1,21722474
Pune,3440,5,1,0,4,0,0,0,35359653
Chennai,6839,2,4,0,24,1,0,1,53947952
Pune,2692,1,4,0,13,0,1,1,27016959
Delhi,5969,5,1,0,24,1,0,1,79980713
Chennai,3995,1,1,0,21,1,1,0,30353116
Hyderabad,6305,4,3,1,15,1,1,0,55029443
Pune,4811,2,2,0,18,0,0,1,47315570
Chennai,5712,3,4,0,27,1,0,0,45405744
Mumbai,4855,6,2,0,15,0,0,0,89714235
Pune,1433,1,4,1,6,1,1,1,17648221
Pune,1074,6,3,1,2,1,1,0,15105647
Chennai,6160,2,2,0,22,1,1,1,48936092
Delhi,6406,4,4,0,7,0,1,0,86153077
Chennai,4430,1,4,1,20,1,0,0,35647638
Hyderabad,4880,4,3,0,20,0,0,0,42283298
Hyderabad,4587,3,2,1,13,1,0,0,40044629
Pune,3031,3,3,0,19,1,1,1,31548686
Pune,6550,5,2,1,2,0,1,0,66578208
Chennai,2919,5,2,1,27,0,0,0,24673365
Hyderabad,569,5,4,0,23,1,1,1,9384337
Hyderabad,4974,4,1,1,10,0,1,1,43624004
Delhi,1802,5,2,1,21,1,0,1,26566309
Mumbai,4314,2,2,1,13,0,0,1,78891999
Delhi,2849,6,3,0,21,1,1,0,40725304
Bangalore,754,6,2,0,1,0,1,0,10186460
Delhi,2207,4,2,1,3,0,0,0,31149699
Chennai,5287,4,2,1,20,0,1,1,41929693
Mumbai,5883,5,2,0,26,0,0,1,108092286
Chennai,1333,6,2,0,25,1,0,0,12974064
Bangalore,3264,6,1,0,4,0,0,1,32493548
Mumbai,2971,5,4,1,18,0,1,1,57429692
Pune,6856,4,2,0,9,0,0,0,67795639
Hyderabad,4242,3,3,0,20,1,0,0,37628185
Delhi,2535,3,3,0,20,1,0,1,36141807
Chennai,2467,5,2,0,1,0,0,1,21976945
Bangalore,599,3,2,1,20,1,1,0,8089661
Hyderabad,2352,2,2,1,2,1,0,0,21601981
Delhi,3683,2,1,0,14,0,0,1,48874389
Hyderabad,2855,2,4,1,18,1,0,0,26452817
Delhi,6167,4,3,0,20,0,1,0,82602312
Pune,611,4,1,1,24,0,1,1,8108802
Mumbai,3658,4,1,0,29,1,0,1,68282223
Hyderabad,682,4,2,0,1,1,0,1,9335667
Hyderabad,4352,4,4,1,24,0,0,0,37763861
Hyderabad,664,5,2,0,2,0,0,1,9336816
Mumbai,2637,3,3,0,28,0,1,1,48945752
Bangalore,2523,5,4,1,11,1,0,1,27687231
Delhi,954,3,2,0,22,1,1,1,14765337
Pune,2785,5,3,1,27,1,0,1,30224279
Hyderabad,6618,2,1,0,13,1,1,0,55721521
Mumbai,5322,1,3,0,16,0,1,1,97762465
Bangalore,6701,4,3,1,15,1,1,1,64109482
Delhi,1041,1,3,1,16,1,1,0,15898482
Mumbai,6533,1,4,0,23,1,1,1,120125082
Pune,5617,2,1,0,8,0,1,0,54281555
Pune,3165,1,4,1,2,1,0,0,33341529
Delhi,2949,1,1,1,21,0,1,1,39100697
Hyderabad,5437,2,2,0,13,1,1,1,47227730
Pune,6298,3,2,0,2,0,0,0,62036357
Bangalore,4433,5,3,0,5,0,1,1,44194670
Mumbai,6285,6,3,1,22,0,0,1,116595635
Bangalore,3386,1,4,0,20,0,1,1,32198953
Hyderabad,5114,4,1,1,18,1,1,1,45557025
Bangalore,4792,2,1,0,23,1,1,1,44399694
Bangalore,4404,1,1,1,12,1,0,0,40520990
Chennai,6689,6,3,0,4,0,1,0,54317419
Bangalore,6016,3,3,1,0,0,1,0,57447471
Delhi,2188,3,1,1,11,0,0,0,30193483
Mumbai,5595,6,3,0,14,0,1,0,103835663
Chennai,6717,4,1,1,24,1,1,0,53098541
Mumbai,2137,1,4,1,18,1,1,1,42048850
Mumbai,6978,4,2,1,1,0,0,1,129675384
Hyderabad,6466,3,1,0,2,1,1,0,56367400
Hyderabad,5228,3,3,0,6,0,1,0,45257823
Chennai,5170,5,4,0,27,1,1,1,43216441
Pune,6939,3,3,0,10,1,1,1,69721947
Hyderabad,4582,2,3,1,27,0,0,1,38611119
Hyderabad,5703,5,3,1,9,1,1,0,50932794
Hyderabad,5634,4,1,0,7,0,1,0,48201590
Mumbai,2390,3,4,1,1,1,0,1,48117365
Chennai,3705,6,1,1,13,0,1,0,31764490
Mumbai,977,2,2,0,12,0,0,0,18243189
Delhi,2866,5,1,0,6,0,0,1,40641141
Mumbai,3026,2,2,1,26,1,0,1,56782396
Delhi,866,5,4,0,20,1,0,1,16079155
Bangalore,2336,5,4,1,8,0,1,0,24734971
Bangalore,2215,5,1,1,6,0,1,1,23311295
Delhi,6213,6,1,0,0,1,1,0,85772679
Delhi,512,4,3,0,0,0,1,1,11035453
Mumbai,1035,5,2,1,5,0,0,1,22859882
Delhi,3739,5,3,0,24,1,1,1,52453712
Chennai,2817,2,3,1,0,0,0,1,24261118
Bangalore,4542,5,4,1,15,0,1,0,44505593
Bangalore,875,4,1,0,2,0,1,1,10581232
Pune,2224,6,4,0,12,1,0,1,25939368
Delhi,756,6,1,0,20,1,1,1,14455604
Hyderabad,2764,2,4,0,3,0,1,0,24749104
Hyderabad,949,5,4,1,16,0,0,1,11905133
Delhi,1393,2,4,0,9,1,1,0,21850140
Chennai,3712,6,2,0,3,0,1,1,31714648
Hyderabad,1684,4,4,0,19,0,1,0,16855869
Pune,6675,2,2,1,26,0,0,0,64125491
Delhi,6443,4,4,0,11,1,1,0,87340754
Chennai,3723,3,1,0,25,1,0,0,29202101
Chennai,5879,5,2,0,12,1,0,0,47128851
Mumbai,1808,4,1,0,3,0,1,0,35105864
Chennai,5205,5,1,0,15,0,1,1,41452267
Hyderabad,1416,4,1,1,18,1,0,0,14198567
Hyderabad,6221,1,2,1,6,0,1,0,52675952
Delhi,647,1,3,1,0,1,1,1,11899171
Delhi,5251,1,2,0,15,0,0,0,68270811
Chennai,2614,4,3,0,1,1,1,0,23837435
Pune,4516,6,2,1,0,1,1,1,49144283
Bangalore,4440,6,4,0,13,1,0,1,44620089
Mumbai,4571,5,3,1,19,0,0,1,85154698
Bangalore,6412,1,4,0,4,0,1,1,59729996
Chennai,5898,5,3,1,26,1,1,0,48155279
Chennai,3295,4,2,1,14,0,0,0,26738321
Bangalore,942,5,2,0,9,1,1,0,12620017
Mumbai,3444,5,3,0,20,1,0,1,66493907
Bangalore,4436,1,4,0,1,1,1,1,43702225
Delhi,898,6,1,0,10,1,1,1,15639674
Hyderabad,1651,2,3,0,15,0,0,1,15855954
Pune,4292,3,3,1,18,1,1,0,43920817
Delhi,3495,4,4,0,3,0,0,1,49632928
Hyderabad,6829,4,1,1,9,1,1,1,60091133
Pune,2716,4,3,0,21,1,1,0,29549782
Pune,2207,3,1,1,21,1,0,1,23218705
Pune,3831,2,1,1,11,1,0,1,38466712
Chennai,2487,6,2,1,1,1,0,0,23480445
Pune,6266,5,4,0,1,1,0,1,64520984
Mumbai,6177,6,3,1,8,1,1,1,116505740
Bangalore,5102,4,3,0,11,0,0,0,48303027
Mumbai,3068,5,1,1,1,0,0,1,59204975
Bangalore,660,1,3,0,17,0,0,1,6665563
Delhi,4935,6,1,1,15,0,0,0,66693263
Delhi,4404,1,3,0,18,0,1,0,58820884
Bangalore,4073,1,4,0,14,1,0,1,39479766
Mumbai,3677,6,3,1,24,1,0,0,69655296
Bangalore,2325,4,1,1,29,0,1,0,22429964
Pune,6094,3,1,0,15,1,1,1,61369343
Chennai,4424,4,3,1,5,1,0,1,37677385
Delhi,2123,1,3,0,26,1,1,1,29359121
Chennai,6082,1,1,0,14,0,1,1,47072505
Pune,6102,4,2,1,11,0,0,0,59773612
Pune,1676,3,2,0,21,0,0,0,17549085
Delhi,5418,3,3,1,11,1,0,1,73711139
Delhi,4220,5,4,0,9,0,0,0,58495266
Pune,5380,2,3,0,20,1,0,1,52964961
Hyderabad,3720,1,4,0,14,1,1,1,33327844
Chennai,3759,3,3,0,22,1,0,0,31211085
Chennai,630,6,1,1,26,1,1,1,8894817
Hyderabad,6071,1,3,0,3,1,1,1,52512792
Mumbai,4062,2,4,1,9,0,1,0,75371707
Chennai,1999,6,4,0,25,0,0,1,17957866
Bangalore,3288,1,3,0,18,0,1,1,31647112
Pune,5376,3,3,1,22,1,0,0,53395469
Pune,4208,5,2,0,13,0,0,1,43558561
Hyderabad,2207,4,3,0,9,0,0,1,20556278
Chennai,2269,6,3,1,16,1,1,1,22650636
Mumbai,1818,4,1,0,21,0,1,1,35250872
Chennai,6534,3,4,0,28,1,1,1,52855492
Pune,6054,3,2,0,26,1,0,1,60360420
Delhi,3879,6,1,1,26,1,1,0,54521897
Bangalore,3273,2,3,1,10,1,1,1,32317525
Hyderabad,3490,6,4,1,17,0,0,1,32989788
Delhi,3544,1,3,1,1,0,0,1,47909047
Mumbai,875,2,3,1,10,1,0,0,18504358
Delhi,6847,4,3,1,7,0,1,0,92740994
Delhi,3536,1,3,1,18,0,0,1,47490128
Mumbai,1160,2,4,1,24,1,1,1,24704522
Delhi,6718,4,1,0,15,1,0,1,89740826
Hyderabad,1903,1,3,1,3,1,1,0,18162062
Pune,1240,5,3,0,13,0,1,0,14527663
Chennai,803,6,2,0,21,0,1,0,8350290
Delhi,1585,6,2,0,16,1,1,0,24260915
Hyderabad,5381,6,4,0,10,1,0,1,48990628
Chennai,3679,5,3,0,25,1,1,1,31963505
Chennai,1710,2,3,1,25,0,1,1,15098996
Delhi,3534,3,3,1,2,1,0,0,49536711
Hyderabad,728,1,4,0,3,0,0,0,8389745
Pune,3619,2,4,1,20,1,0,0,36295671
Delhi,2354,3,3,1,12,0,1,1,34210250
Mumbai,767,6,3,1,16,0,1,0,18313554
Chennai,3274,6,4,1,29,1,0,1,29252659
Delhi,3349,6,3,1,19,0,0,0,46561485
Chennai,4849,3,1,0,20,0,0,0,37557409
Hyderabad,5465,1,1,0,19,0,1,1,45184535
Bangalore,2634,1,4,0,9,1,1,0,26834144
Delhi,5800,3,1,0,25,0,0,1,75924117
Pune,5644,4,2,0,22,0,1,0,55451808
Delhi,3959,6,3,1,23,0,1,0,54569712
Chennai,2769,2,2,1,11,1,0,1,23236351
Hyderabad,1489,1,2,0,7,1,1,0,13804812
Mumbai,4992,3,2,0,2,1,1,0,93666619
Pune,1437,4,1,1,28,0,0,1,15465643
Hyderabad,939,5,3,1,20,1,0,0,11559991
Delhi,6523,3,3,0,9,1,0,1,88112845
Mumbai,2858,4,4,0,23,1,0,1,54899113
Hyderabad,2507,5,2,1,6,1,0,1,25745937
Bangalore,3845,4,1,1,29,0,1,0,36290637
Pune,4630,1,2,0,24,1,1,1,46187885
Chennai,6860,3,2,1,28,1,1,0,53142415
Hyderabad,5316,5,3,1,9,1,0,1,48210317
Hyderabad,4243,4,4,0,6,1,0,1,38843199
Bangalore,1018,5,1,1,17,0,1,0,11088726
Delhi,768,2,3,0,19,0,1,1,12424872
Pune,5233,3,2,1,27,1,0,1,52624052
Pune,5944,1,3,0,13,0,0,1,57184024
Chennai,5975,5,2,1,11,0,1,0,47726292
Hyderabad,4685,6,1,1,7,1,1,1,43284915
Mumbai,5661,4,3,0,24,0,1,0,104139402
Hyderabad,1888,6,3,0,6,1,0,0,20689205
Chennai,2194,5,3,1,4,0,1,0,19780342
Hyderabad,3773,6,3,0,0,1,1,0,36766743
Bangalore,1889,4,3,0,14,0,0,0,18680399
Hyderabad,4365,5,1,1,8,0,1,1,39761922
Hyderabad,3529,1,4,1,11,1,0,1,31551249
Mumbai,2835,1,1,1,21,0,1,1,52221708
Bangalore,4174,3,3,0,17,1,0,0,39894999
Bangalore,5076,1,2,1,10,0,0,1,46985799
Hyderabad,1000,5,2,1,9,1,0,1,12513577
Pune,2161,5,3,0,9,0,0,1,23637686
Mumbai,2599,1,4,0,17,0,0,0,47135081
Hyderabad,602,2,3,0,25,0,1,1,7080108
Hyderabad,6043,5,1,1,0,0,0,1,53070635
Chennai,3246,3,4,0,27,0,1,0,26342398
Chennai,3776,2,4,1,19,1,0,1,32118929
Pune,3585,1,1,1,25,1,1,1,35530770
Mumbai,6559,4,4,1,10,1,1,0,122134607
Delhi,6235,5,3,1,28,1,1,0,84619383
Chennai,4037,4,3,0,1,0,0,0,32793921
Delhi,1827,6,2,0,25,1,1,0,27788022
Bangalore,2974,3,1,0,10,1,1,1,30407577
Chennai,2179,2,4,0,24,0,0,0,17645152
Chennai,6753,4,4,1,1,1,1,1,56532220
Mumbai,4246,3,4,0,26,0,1,0,78514792
Pune,6184,4,3,1,8,1,0,0,62480934
Delhi,3062,4,1,0,0,0,0,0,42341983
Chennai,4663,3,3,0,29,0,0,1,36240927
Chennai,3817,5,4,1,22,0,0,1,32324950
Mumbai,2936,4,3,1,5,1,1,1,58047128
Mumbai,6269,3,4,1,21,0,1,1,115227278
Pune,807,4,4,0,1,1,0,0,11519925
Delhi,4496,5,3,1,14,0,1,0,61635887
Bangalore,5971,3,4,0,0,0,1,0,56293858
Pune,6418,4,3,1,25,0,0,1,64204409
Bangalore,1589,1,2,0,23,0,1,1,15782176
Hyderabad,5055,5,3,1,23,0,1,0,44892676
Chennai,2894,4,2,1,17,0,0,0,23901438
Delhi,6968,2,2,1,3,1,1,1,94308472
Pune,4504,3,3,1,28,0,0,1,44767619
Chennai,1166,4,1,0,12,0,1,0,11431008
Delhi,6218,5,1,0,3,1,1,0,84565563
Delhi,5652,5,3,0,14,1,0,0,76870943
Delhi,4663,2,3,0,1,0,1,1,63988255
Chennai,2734,2,4,1,26,0,0,1,21836646
Pune,6835,6,4,1,8,0,0,0,69462994
Mumbai,1736,6,3,0,11,0,0,0,35181348
Chennai,2123,4,1,0,13,1,1,0,18404838
Delhi,1874,1,4,0,19,1,1,1,27160711
Pune,3811,5,4,0,3,1,0,1,41247830
Hyderabad,6859,1,1,0,14,1,0,0,56781823
Bangalore,676,1,3,1,3,1,0,0,7953362
Delhi,6184,4,1,1,4,0,1,0,82672873
Hyderabad,1853,3,2,0,9,1,0,1,17802413
Mumbai,3428,3,4,0,11,0,1,1,64748859
Delhi,1125,3,4,1,11,1,0,1,19051357
Hyderabad,3154,2,4,0,7,1,1,1,29287844
Delhi,4108,5,1,0,3,0,1,0,56692831
Chennai,4215,2,1,1,2,0,1,0,32923807
Pune,4774,5,3,1,26,0,1,1,49345423
Hyderabad,894,6,4,1,0,0,1,1,12854842
Pune,1668,5,2,0,17,0,1,1,19736670
Chennai,5471,5,3,0,19,0,0,0,43589606
Chennai,5557,4,1,1,24,1,0,1,44005522
Pune,697,3,2,0,13,1,0,0,8747386
Hyderabad,1468,2,3,0,16,1,1,0,14118888
Pune,4408,6,1,0,5,1,1,0,46734524
Pune,3655,2,2,0,5,1,1,1,37491605
Bangalore,5264,4,3,0,9,1,0,1,51958588
Hyderabad,3004,5,2,1,18,1,1,1,28913561
Bangalore,1776,6,1,0,9,1,0,1,19745049
Delhi,6506,3,3,1,24,0,0,0,86253696
Pune,4667,1,1,1,29,1,0,0,45394952
Delhi,4818,1,4,0,25,1,1,1,64817386
Hyderabad,6919,4,4,1,2,0,0,0,59757422
Pune,1769,3,2,1,0,0,0,0,19114185
Delhi,1864,1,4,0,17,1,1,1,26644821
Mumbai,1423,1,1,1,14,0,0,1,25828191
Chennai,970,6,2,0,19,0,0,0,9763237
Pune,3516,6,3,0,3,0,0,1,37711365
Chennai,2554,2,1,1,17,0,1,0,19888497
Bangalore,4783,3,3,0,9,1,1,1,46214004
Delhi,2551,1,3,1,21,0,1,0,34860921
Bangalore,6264,6,3,1,21,1,1,1,60811723
Pune,3454,6,3,0,18,0,0,0,35722467
Chennai,1648,6,1,0,16,0,1,1,15346316
Chennai,3586,2,4,0,9,0,1,1,29165539
Delhi,1459,3,1,0,24,0,0,1,20810368
Pune,1129,5,4,0,3,0,0,0,14952990
Mumbai,1274,6,3,0,24,0,1,1,26796560
Mumbai,859,3,4,0,4,0,0,1,18398314
Delhi,1017,4,3,0,6,0,0,0,15582992
Pune,1843,2,2,0,18,0,1,1,18806793
Delhi,2469,5,3,0,18,1,1,0,36573241
Pune,5516,6,4,1,7,1,0,0,57131162
Bangalore,3727,6,2,1,0,1,0,0,38437445
Delhi,3399,2,2,0,23,0,1,0,45349032
Pune,1434,2,3,0,7,0,1,0,15797385
Mumbai,2486,1,1,0,18,0,1,0,44710796
Pune,5496,6,4,0,16,1,0,1,56892146
Pune,6324,3,2,0,8,0,0,0,62139783
Delhi,5965,2,1,1,19,1,0,1,79536120
Bangalore,5814,2,3,0,22,1,1,0,54845233
Bangalore,6811,4,3,0,15,0,1,1,63903719
Bangalore,876,4,3,1,8,1,1,0,11588904
Bangalore,4060,4,3,0,18,0,1,0,38376196
Hyderabad,2274,2,4,0,15,1,1,1,22593055
Delhi,2005,5,2,1,20,0,0,1,28840475
Chennai,5863,3,4,0,25,0,0,0,45922423
Delhi,3154,2,2,0,26,0,0,0,40941810
Hyderabad,1510,1,1,1,12,0,0,1,13087777
Bangalore,5790,6,1,0,18,0,0,1,54755765
Hyderabad,3977,5,2,1,4,1,0,0,36382384
Mumbai,1730,5,3,0,26,0,1,0,34095723
Mumbai,1677,3,1,1,1,0,1,1,33776912
Delhi,4357,5,4,1,3,1,1,0,61829935
Delhi,2595,3,2,0,11,1,1,0,36619951
Chennai,2172,5,1,1,17,0,0,1,19468628
Chennai,2428,6,2,1,2,1,0,1,23486641
Mumbai,4339,3,3,0,20,0,0,0,80271911
Bangalore,3678,4,2,1,24,0,1,0,35166125
Hyderabad,4768,4,1,1,18,0,1,1,42319693
Chennai,3053,5,2,0,25,1,1,1,26941919
Pune,2945,5,1,1,21,0,0,1,30471721
Chennai,4889,3,1,0,3,0,0,1,38558525
Bangalore,1051,3,1,1,3,0,1,1,11840570
Bangalore,6066,6,4,1,15,0,1,0,59195832
Delhi,3397,2,3,1,10,0,1,1,46561364
Hyderabad,1539,4,3,1,28,0,1,1,14999667
Bangalore,6258,2,2,0,25,0,1,1,57644674
Chennai,1384,2,2,1,25,1,1,0,12514784
Chennai,5968,1,1,0,12,0,0,0,44344262
Mumbai,3551,3,3,0,20,0,1,1,66452032
Bangalore,5822,1,2,1,10,0,0,0,53017813
Pune,4729,1,2,0,6,1,0,1,47075714
Delhi,5366,2,3,1,26,1,1,1,72841110
Hyderabad,4097,1,1,0,13,0,0,1,34578790
Pune,3055,6,2,1,3,0,1,0,32507194
Delhi,1589,3,1,0,7,1,1,0,23855797
Chennai,5075,2,3,0,11,0,1,0,39671098
Pune,5458,3,3,1,12,0,1,1,55172922
Delhi,958,6,2,1,24,0,0,0,14693725
Chennai,5221,5,2,0,8,0,0,1,42818517
Chennai,4754,1,3,0,8,1,1,0,38416288
Chennai,6804,2,1,0,1,0,0,1,53526599
Chennai,5873,4,1,0,2,1,1,1,48401345
Chennai,2507,3,4,0,20,0,1,0,20638268
Mumbai,2420,6,3,0,11,1,1,1,48710365
Pune,5535,1,2,1,16,0,1,0,53231741
Delhi,6168,3,3,1,3,0,1,1,84063836
Mumbai,6798,6,2,1,26,1,0,1,126708193
Mumbai,5027,3,1,0,29,0,0,0,90502062
Bangalore,5646,5,2,0,13,1,0,1,55182216
Bangalore,1503,6,4,1,20,1,1,1,19506453
Bangalore,3583,3,1,1,8,0,1,1,35265932
Hyderabad,2614,5,4,1,7,0,0,1,25065999
Bangalore,3089,5,3,1,0,1,0,0,32896063
Delhi,2643,5,2,1,29,1,1,0,37433355
Mumbai,4810,1,1,1,12,1,1,0,88197568
Delhi,2741,6,2,1,27,0,1,1,38864812
Pune,6266,3,4,1,2,0,1,0,63275574
Bangalore,5909,3,1,0,29,0,0,0,53989527
Hyderabad,5480,6,4,1,13,1,0,1,50800027
Pune,2586,5,1,1,18,0,1,1,28093068
Hyderabad,6483,3,3,1,26,1,0,0,55033109
Pune,1438,3,3,0,5,1,0,0,17090837
Mumbai,5534,5,2,1,3,1,1,1,104991728
Delhi,4801,4,4,0,19,0,0,1,64811479
Chennai,4470,4,4,0,0,0,1,1,38244102
Delhi,5537,5,1,0,27,1,0,1,74911980
Bangalore,4499,1,3,0,9,1,1,0,42366726
Chennai,5150,3,2,0,12,1,1,0,41402330
Hyderabad,3908,3,3,1,11,1,0,1,35919918
Mumbai,6115,4,4,1,10,0,1,1,113618186
Mumbai,1270,5,2,0,3,0,1,0,25992742
Hyderabad,748,6,3,0,16,1,1,0,11240239
Bangalore,5693,6,3,0,14,0,1,0,55254339
Hyderabad,872,1,1,0,20,0,0,0,6518091
Pune,6450,5,1,0,28,0,1,1,63011930
Bangalore,3426,4,4,1,2,0,0,0,34381094
Chennai,4357,4,3,0,28,1,0,1,35632014
Hyderabad,5430,3,1,0,9,0,0,1,46344095
Bangalore,1201,2,3,0,20,1,1,0,13365325
Chennai,2685,1,2,1,13,0,0,1,21594979
Hyderabad,1441,1,3,1,18,1,1,1,14998823
Mumbai,4414,2,3,1,20,1,1,1,82628831
Hyderabad,6996,6,4,0,3,0,1,1,62693505
Delhi,5591,6,2,0,24,0,0,0,74991288
Hyderabad,1293,6,2,1,13,0,1,0,14862954
Delhi,1177,4,1,1,5,0,0,0,17992101
Chennai,6409,5,2,1,11,1,1,1,52594098
Hyderabad,2061,1,4,0,29,1,1,1,18414283
Chennai,4553,2,1,0,25,0,0,0,34530731
Chennai,952,3,3,1,1,1,1,1,11177537
Bangalore,2966,3,2,1,16,1,1,0,29883825
Chennai,4156,4,3,0,0,0,0,0,33564235
Chennai,5734,1,1,1,16,0,0,1,44475134
Hyderabad,4646,5,2,0,24,1,0,0,40922535
Hyderabad,5988,1,1,1,4,0,0,1,50188266
Mumbai,4254,6,1,0,15,0,0,0,79696180
Bangalore,6134,3,2,0,13,1,1,1,57869057
Chennai,709,1,2,1,19,1,1,1,7141854
Bangalore,5483,3,1,0,9,0,0,0,50690920
Delhi,2426,2,4,0,20,1,0,0,33768942
Chennai,5445,2,2,1,24,1,1,1,43049109
Bangalore,4466,3,1,0,2,0,0,1,42430347
Mumbai,2377,5,3,1,2,1,1,1,48453455
Mumbai,1126,5,3,0,27,0,0,1,23667579
Chennai,3226,1,2,1,17,0,1,0,25550125
Delhi,1958,3,2,0,23,1,1,0,28425936
Mumbai,3324,4,3,0,22,1,0,1,63019929
Mumbai,1750,5,1,1,17,0,0,1,34520654
Delhi,5258,5,1,1,3,1,1,1,72363421
Bangalore,4863,6,1,0,6,1,1,0,48452193
Mumbai,2663,2,4,1,0,0,0,0,50157560
Hyderabad,2123,5,2,1,15,1,0,1,21498176
Pune,2353,5,4,0,16,1,1,1,27739484
Pune,1253,6,4,1,7,1,1,1,18162488
Mumbai,5948,5,4,0,5,0,1,0,110577203
Bangalore,2368,6,4,1,1,1,0,0,26462011
Bangalore,5659,3,1,0,25,0,0,1,51424472
Chennai,681,3,2,1,9,1,0,1,8820884
Hyderabad,2013,2,2,0,16,1,0,1,18114969
Bangalore,1402,1,4,0,18,0,0,0,14062708
Delhi,3844,6,2,1,27,1,1,1,53732765
Hyderabad,5738,5,3,1,3,1,1,1,52626060
Pune,3953,1,1,0,12,1,0,0,38376990
Hyderabad,4107,3,2,1,20,0,1,1,36105414
Delhi,6901,5,1,0,26,0,1,0,90986731
Mumbai,6102,1,3,0,25,0,1,1,111347754
Delhi,3056,6,1,1,18,1,1,0,43764449
Delhi,2639,6,3,1,15,0,1,0,37694386
Mumbai,6598,1,4,1,12,1,0,0,121761009
Mumbai,5780,6,2,0,29,1,1,1,108394782
Mumbai,4744,4,4,1,4,0,0,1,89418461
Mumbai,2664,3,2,1,11,0,0,0,49684054
Mumbai,3112,2,4,1,6,1,1,1,59834080
Delhi,6688,2,3,0,26,0,1,0,87622175
Chennai,6396,4,2,1,8,0,1,0,50496255
Chennai,2521,1,4,1,4,1,1,0,22550382
Bangalore,3321,6,1,0,3,1,0,1,34795450
Chennai,6438,4,1,1,9,1,1,0,52087506
Pune,6632,4,4,0,15,0,0,1,66717758
Chennai,2781,6,3,1,10,1,0,1,26725869
Delhi,5994,3,4,0,28,0,1,0,79766643
Mumbai,2070,6,1,0,8,1,0,1,41413538
Mumbai,6469,6,2,0,23,0,0,1,119183749
Delhi,2472,5,2,1,4,0,0,1,35994039
Pune,4486,1,4,1,24,1,1,0,44477448
Chennai,2744,2,2,0,10,0,0,1,22799287
Delhi,6668,2,1,1,29,0,1,0,86947996
Bangalore,2942,4,2,1,8,0,0,0,28815793
Mumbai,1213,4,4,1,16,1,0,1,25915491
Hyderabad,6404,4,4,0,27,0,1,0,55179697
Bangalore,4045,1,4,1,21,1,0,1,38958359
Pune,722,4,1,0,10,1,1,0,10001353
Bangalore,1363,4,3,0,20,0,0,1,14882694
Delhi,5125,5,2,1,5,0,0,1,70160490
Chennai,5807,1,4,1,25,1,1,0,45772337
Mumbai,1925,3,3,0,15,1,0,0,36736780
Pune,2804,3,4,1,18,0,1,0,28990729
Pune,1153,6,4,1,13,1,0,0,15729581
Hyderabad,1659,5,1,0,2,1,1,0,17309301
Bangalore,2342,2,1,1,9,1,0,1,24135268
Hyderabad,943,6,3,0,20,0,1,1,10950819
Chennai,2965,3,4,0,22,0,1,0,24991912
Chennai,5169,1,2,1,3,1,1,0,41278055
Hyderabad,6772,2,2,0,21,0,0,1,56480888
Mumbai,5606,4,2,1,20,0,1,1,103427287
Chennai,4936,1,3,1,1,1,0,1,39781665
Hyderabad,3357,2,1,1,12,1,1,0,29886696
Bangalore,1780,3,3,0,10,0,1,1,19194679
Hyderabad,3539,6,1,0,11,0,1,0,32699180
Hyderabad,4295,4,2,0,0,0,0,0,37671201
Delhi,4137,4,2,1,21,0,1,0,55868664
Chennai,4258,1,1,1,20,0,0,1,32393618
Mumbai,599,6,2,0,8,0,1,0,13876295
Mumbai,2586,4,3,1,11,0,1,1,50484679
Delhi,2810,2,1,1,6,1,1,0,38881556
Pune,4745,5,2,0,16,0,0,1,47351665
Mumbai,6252,3,4,0,28,0,1,1,114303876
Hyderabad,3237,1,2,0,9,0,0,0,27105051
Delhi,5949,6,4,1,5,0,1,0,82684398
Bangalore,5739,5,2,1,26,1,0,0,54063560
Chennai,2107,5,4,1,6,1,0,1,20847987
Chennai,6862,1,2,0,18,1,1,1,54096333
Chennai,3453,2,4,0,13,0,1,1,28491933
Hyderabad,4481,6,1,0,24,0,0,1,38748010
Bangalore,6433,3,1,0,26,1,0,0,60008538
Delhi,3694,1,4,1,29,1,0,1,50552304
Delhi,4839,6,2,0,29,0,1,0,65353557
Chennai,5182,5,3,1,10,0,0,1,42119964
Bangalore,3592,5,3,0,1,0,1,1,36023575
Bangalore,6833,1,3,1,0,1,1,0,63874037
Bangalore,3462,6,3,0,25,0,0,0,33787671
Mumbai,3162,5,4,1,9,1,0,1,62447387
Mumbai,1355,1,1,1,11,1,0,1,26724762
Chennai,2646,1,1,0,8,1,0,0,21602703
Bangalore,6631,3,3,1,22,0,0,1,61718086
Pune,5425,1,1,0,25,0,0,1,51648080
Bangalore,1886,6,4,1,28,1,0,0,21526022
Delhi,2216,6,3,0,10,1,1,0,33616465
Delhi,6283,5,4,0,0,1,0,0,86977499
Chennai,4651,4,4,0,19,0,0,1,38300729
Pune,2225,3,2,1,9,0,0,0,23051238
Bangalore,2453,6,4,1,28,0,1,0,25627845
Pune,5641,5,2,0,18,1,1,0,57630857
Chennai,684,5,3,1,26,0,0,1,8005890
Delhi,1021,3,4,0,22,0,1,0,14974921
Delhi,6197,3,1,1,20,0,0,1,81634739
Mumbai,2811,5,3,0,24,0,0,1,52955216
Chennai,1748,4,4,0,10,1,0,0,16376547
Chennai,2158,2,4,0,2,0,1,1,18831637
Bangalore,5657,5,1,0,26,0,1,0,52335379
Bangalore,1502,3,2,0,15,1,1,1,16062281
Mumbai,6766,1,4,1,21,1,1,0,124762522
Hyderabad,3727,1,4,1,9,0,1,1,33574710
Pune,6944,3,1,1,1,0,1,1,69405290
Hyderabad,6613,3,3,1,18,1,0,1,58114290
Hyderabad,3638,2,4,0,3,1,1,0,32651525
Chennai,2428,6,2,0,15,0,0,0,20524786
Pune,893,3,2,0,5,0,1,1,10800974
Chennai,2117,1,1,1,10,0,0,0,17036511
Pune,4141,4,2,0,16,1,0,1,42336270
Delhi,1160,3,4,1,14,1,1,0,18955374
Chennai,6024,2,2,1,21,0,0,0,45434949
Chennai,5750,4,4,1,3,0,1,1,46785695
Chennai,4664,2,1,0,23,1,0,0,36317266
Mumbai,819,4,2,1,24,1,0,0,16856178
Chennai,2724,3,4,1,7,1,1,1,25454751
Bangalore,1083,1,3,1,23,1,0,1,12353299
Bangalore,4100,4,4,1,28,0,0,0,39566520
Pune,6460,5,4,1,28,0,0,1,64319384
Delhi,5779,6,1,0,17,1,1,0,79506033
Mumbai,1081,2,4,1,13,1,0,0,22856532
Pune,4196,4,1,1,25,1,0,0,42683832
Bangalore,2267,2,4,1,1,1,1,0,23702751
Mumbai,2056,1,4,0,15,0,0,0,37530951
Mumbai,2298,2,4,1,21,1,0,1,44129970
Delhi,4706,2,1,0,14,0,1,1,62968132
Mumbai,1498,5,4,1,20,0,0,0,29718649
Chennai,1257,2,1,0,5,0,0,0,10691079
Mumbai,782,4,3,0,8,0,1,1,18113117
Delhi,6338,2,1,0,11,0,1,1,83951089
Pune,6837,3,3,1,9,1,1,1,68358914
Delhi,5666,2,1,1,6,0,0,0,74786453
Delhi,6985,3,1,1,4,1,0,1,94132033
Bangalore,5989,6,4,1,25,1,0,1,59354103
Chennai,5396,2,2,0,22,0,0,0,40491684
Bangalore,630,6,2,1,7,1,0,1,11172360
Pune,1793,2,4,1,26,1,0,1,19227960
Hyderabad,6559,4,3,0,11,1,0,1,57148734
Pune,560,3,4,0,0,0,0,0,8586099
Chennai,2711,6,2,0,9,0,0,0,22954502
Mumbai,2048,6,1,0,10,0,0,0,39022206
Delhi,4867,3,4,1,26,1,1,1,66860666
Hyderabad,2281,5,3,1,22,1,0,1,22666433
Chennai,6776,2,4,0,19,1,1,1,54702798
Bangalore,5863,2,2,0,4,1,0,0,55766131
Delhi,6053,4,1,1,12,0,1,0,80712506
Pune,537,5,2,0,17,0,1,1,8002295
Bangalore,6490,5,2,0,9,0,1,1,61860574
Chennai,5938,4,2,0,20,1,0,1,47109656
Chennai,4131,6,2,1,24,1,0,0,35220104
Pune,3164,3,1,1,16,1,1,1,33658195
Hyderabad,973,6,2,1,18,1,0,1,12069602
Pune,558,1,3,0,3,0,1,1,7409872
Mumbai,3136,4,3,1,8,1,0,0,60819998
Bangalore,6559,3,2,0,17,0,1,1,61345645
Hyderabad,6514,6,3,1,15,0,1,0,57898955
Delhi,3114,6,2,0,6,1,1,0,44763931
Mumbai,3114,5,1,0,24,0,1,1,59206889
Hyderabad,5499,4,1,1,11,0,1,0,47034482
Bangalore,4978,1,3,1,25,1,0,0,46705492
Chennai,1911,2,3,0,3,0,0,1,16385070
Delhi,584,4,2,0,20,1,1,0,10884092
Pune,2033,1,4,0,27,1,0,1,21666091
Bangalore,4297,1,2,0,11,0,0,1,39768251
Mumbai,3174,4,2,0,11,1,1,1,61171337
Mumbai,3373,3,1,1,25,0,0,1,62644410
Chennai,6936,4,4,0,3,0,0,0,55569559
Chennai,3620,6,4,1,11,0,1,0,31670861
Delhi,1590,5,2,1,22,0,0,0,22855431
Pune,3334,6,1,1,7,0,1,1,35648448
Delhi,4724,1,3,1,23,0,1,1,63508409
Chennai,2576,1,1,0,29,1,0,0,19713088
Chennai,6164,2,3,1,29,0,1,1,48114591
Mumbai,3690,1,1,1,2,0,0,1,67226076
Chennai,5287,2,4,1,15,1,1,0,43219381
Hyderabad,6556,1,1,0,1,1,1,0,55473321
Bangalore,4728,1,2,1,5,0,1,1,44467445
Chennai,1708,4,3,1,27,1,1,1,16218467
Delhi,4077,4,1,1,16,0,0,1,55068941
Pune,5241,5,1,0,11,1,0,0,53063580
Pune,3081,6,3,0,8,1,0,1,34355473
Pune,6208,3,1,0,15,1,0,0,61012783
Hyderabad,4287,5,3,1,6,0,0,0,38590267
Delhi,1015,1,4,0,7,1,0,0,16240682
Hyderabad,6641,5,3,0,6,1,1,1,59819133
Chennai,6459,4,3,0,20,0,0,0,50100796
Bangalore,2712,6,4,1,4,0,0,0,28946151
Pune,3474,1,1,0,22,1,0,0,34030111
Delhi,1432,1,1,1,6,1,0,1,20437461
Pune,2163,5,4,1,17,1,0,0,24304122
Hyderabad,1056,6,2,1,17,0,0,1,11732587
Mumbai,2171,2,3,1,15,0,0,1,41769877
Chennai,1492,3,1,0,6,1,0,1,13526923
Bangalore,2128,6,1,0,20,0,1,0,22366671
Chennai,2191,5,3,1,1,1,0,0,21367566
Mumbai,5352,5,3,1,16,1,1,1,100718019
Bangalore,1604,3,3,1,24,0,0,0,16634066
Mumbai,1770,1,2,1,26,0,0,1,31876834
Chennai,3402,1,4,0,7,0,0,1,28208595
Hyderabad,5244,2,2,0,1,0,0,1,45500729
Chennai,1909,5,2,1,17,1,0,1,18503882
Chennai,4146,3,3,0,18,1,0,0,33814468
Chennai,5587,5,4,0,19,0,0,0,44483200
Delhi,1830,4,1,0,8,1,0,0,26464524
Mumbai,5223,5,3,0,11,0,1,0,97551438
Mumbai,2554,5,4,1,21,0,1,1,49525312
Pune,6545,4,1,0,18,1,1,1,65149882
Mumbai,1453,4,2,1,29,0,0,0,28321062
Pune,2342,3,4,0,7,1,0,1,26276642
Delhi,3302,1,2,0,21,0,0,0,42496739
Hyderabad,6716,2,2,1,7,1,1,1,58496302
Pune,509,4,4,0,9,0,1,1,7987900
Chennai,6192,1,1,1,27,1,0,0,47110735
Hyderabad,3109,3,4,0,17,0,1,1,28846406
Delhi,621,6,1,1,14,0,1,1,12247431
Mumbai,5282,5,3,0,23,0,0,0,97025561
Pune,6605,3,3,1,10,1,1,0,65638156
Chennai,3060,3,3,0,20,0,1,0,25184645
Bangalore,3537,4,2,1,25,0,0,1,34147179
Bangalore,940,2,3,0,13,0,1,1,11019686
Hyderabad,3249,4,2,1,14,0,0,1,29789296
Mumbai,1090,5,1,1,13,0,0,0,22740820
Bangalore,1868,4,4,0,11,1,1,1,21163973
Hyderabad,2489,5,4,1,3,1,0,0,25437438
Delhi,1861,4,2,1,2,1,1,1,28311713
Hyderabad,4273,6,2,0,11,0,1,1,39580452
Hyderabad,5803,2,2,0,24,1,0,1,48831635
Hyderabad,6710,6,1,0,25,0,1,0,56856453
Chennai,2564,1,1,1,6,1,0,1,21033890
Hyderabad,6002,2,3,1,6,1,1,1,53395726
Pune,2915,4,3,0,21,1,0,0,30914034
Hyderabad,3451,3,4,1,24,0,0,1,31191980
Chennai,5935,1,3,0,18,0,0,1,45346074
Chennai,6116,3,1,1,13,0,0,1,48288396
Delhi,3268,6,1,0,0,1,0,0,46820773
Mumbai,3916,2,1,1,6,0,0,1,72217323
Bangalore,2076,1,1,0,24,0,0,1,19245780
Bangalore,5503,6,4,0,21,1,0,0,53274628
Hyderabad,614,4,4,0,9,1,1,0,9171420
Delhi,6743,3,1,1,17,0,1,1,89351677
Hyderabad,1868,4,2,1,12,1,1,0,18790908
Bangalore,6992,5,3,1,7,0,1,1,67407855
Chennai,638,1,4,0,8,1,1,0,7295994
Mumbai,5423,3,2,1,25,0,1,1,99890406
Delhi,6967,2,3,1,14,0,1,0,92241852
Chennai,5441,2,2,0,7,1,1,0,42794762
Mumbai,3873,2,1,0,24,1,0,1,71093835
Delhi,6937,6,3,0,0,0,1,0,95107577
Delhi,6576,2,2,0,2,1,1,0,88585654
Bangalore,6148,3,4,1,18,0,1,0,57720417
Chennai,1815,6,4,0,29,1,1,0,17612938
Delhi,573,5,4,1,8,0,0,1,11552991
Pune,4346,2,3,0,18,1,0,1,44461913
Delhi,983,2,1,1,14,0,1,1,14670943
Mumbai,4611,6,1,0,13,1,1,1,87219323
Bangalore,2049,2,3,0,25,0,0,0,19271604
Hyderabad,1859,5,3,0,0,0,0,0,18958494
Bangalore,2396,6,1,0,2,1,0,1,26150670
Hyderabad,5746,6,4,0,1,1,1,0,52023666
Chennai,4724,1,1,1,24,0,0,0,35242044
Chennai,1010,6,1,1,29,0,0,0,10358158
Delhi,922,2,2,1,0,1,0,0,14389600
Pune,2932,6,4,1,26,1,0,1,31965041
Chennai,2406,2,3,1,17,0,0,0,20036844
Delhi,4827,2,1,0,0,0,0,1,64818327
Bangalore,1458,6,4,0,8,0,1,0,16962680
Chennai,1324,1,3,1,6,1,1,1,13683344
Bangalore,564,2,2,1,29,1,0,1,6586917
Bangalore,5428,1,2,1,12,0,0,1,50869213
Pune,5210,1,4,1,16,1,0,1,51892405
Chennai,3848,6,1,1,12,0,1,1,33021666
Bangalore,6624,4,3,0,12,0,1,0,62671044
Pune,1300,4,4,1,9,1,1,0,16741905
Pune,6563,2,2,0,27,1,1,0,64052958
Chennai,777,3,3,1,5,1,0,1,9998104
Pune,6609,4,3,0,4,0,1,0,66486871
Chennai,2217,6,1,1,9,1,0,1,21568780
Chennai,2913,6,2,1,13,1,0,1,27165436
Hyderabad,1738,4,2,0,10,1,0,1,17956456
Bangalore,5023,3,2,0,4,0,0,1,47900637
Mumbai,6120,5,3,0,3,0,0,1,114517720
Chennai,1986,2,2,1,2,0,0,1,17855418
Bangalore,5181,5,4,1,13,1,0,1,50829069
Pune,3798,5,2,1,12,0,0,0,39480984
Delhi,4970,1,3,1,23,0,1,1,66581501
Chennai,6119,1,2,0,22,0,0,1,46438357
Pune,3495,2,2,0,4,1,1,0,36646056
Pune,592,3,3,0,11,0,0,0,7491792
Pune,4031,1,2,0,24,0,0,0,38381982
Pune,6196,4,1,0,27,0,0,0,60050035
Pune,6964,2,3,0,22,1,0,1,68353635
Chennai,5509,6,2,0,9,0,0,0,45035083
Mumbai,5941,5,1,1,1,0,1,0,110943894
Hyderabad,2340,2,4,1,6,0,0,1,22191049
Pune,4027,6,3,0,6,1,1,0,43581312
Pune,5897,6,2,0,3,1,0,0,60267836
Hyderabad,2121,1,3,1,11,0,1,1,20076949
Chennai,2061,6,1,0,27,0,1,1,17705441
Bangalore,6349,3,3,1,23,0,1,0,59234104
Delhi,1916,6,4,1,3,1,0,1,30456655
Delhi,3464,6,2,0,6,1,1,1,49652735
Bangalore,4690,5,4,1,19,1,1,1,47238073
Chennai,6375,3,1,1,12,1,0,0,49856338
Delhi,5554,2,3,1,7,0,0,0,74421825
Hyderabad,1630,3,2,0,13,0,0,1,15062169
Bangalore,1913,3,2,0,29,1,1,1,20041631
Mumbai,6379,2,1,1,2,1,0,1,117112646
Chennai,4097,5,1,0,1,1,0,0,35112160
Bangalore,4244,6,3,1,9,0,1,0,42288019
Delhi,2618,3,2,1,5,1,0,0,36680879
Chennai,1163,3,1,0,22,1,0,0,10088503
Hyderabad,5564,2,2,1,6,1,0,0,48249016
Chennai,3134,4,3,1,15,1,0,0,26931170
Chennai,3274,3,4,1,5,1,1,1,29590488
Hyderabad,6694,1,1,1,15,0,0,0,55314141
Pune,4469,6,3,1,26,1,1,0,46173940
Hyderabad,5762,6,4,1,23,1,0,0,52229218
Chennai,3990,5,3,1,11,0,1,1,34472559
Hyderabad,2071,3,1,0,21,1,1,1,19641196
Pune,2023,2,3,0,14,1,0,1,22203590
Bangalore,1487,1,2,1,21,1,0,1,14950000
Hyderabad,3738,2,1,0,2,0,0,1,32643400
Hyderabad,6903,3,2,1,27,1,1,1,59598711
Chennai,5821,1,3,1,15,0,1,1,45032075
Bangalore,4345,5,1,1,17,0,0,1,41869946
Mumbai,5804,5,2,1,14,1,1,0,109004898
Mumbai,6801,5,2,0,22,0,0,0,124991705
Delhi,4193,4,2,1,5,1,0,0,58362534
Hyderabad,598,2,4,1,16,0,0,0,6817387
Hyderabad,2788,3,2,0,1,0,0,1,25668798
Bangalore,2014,1,2,0,1,0,1,0,19695370
Pune,4797,6,3,0,16,1,0,0,49602613
Mumbai,1133,6,3,0,18,1,1,0,25210722
Delhi,5341,2,3,0,4,0,0,0,71380421
Bangalore,5085,3,3,0,3,1,0,0,49553746
Hyderabad,1078,4,4,1,27,0,1,1,11653253
Mumbai,4459,3,3,1,17,1,1,0,83878113
Delhi,772,2,3,0,7,0,0,1,12356504
Chennai,5838,3,3,0,8,1,0,1,47101873
Mumbai,5381,6,2,1,23,0,1,1,100203855
Delhi,4454,6,4,0,22,1,1,0,62615523
Bangalore,4427,1,3,0,25,1,1,1,41843147
Chennai,952,4,2,0,17,1,0,0,9515853
Delhi,1675,6,1,1,21,1,0,0,25239288
Delhi,6990,1,4,0,10,1,0,0,92753987
Hyderabad,5411,4,3,1,15,0,0,1,46977597
Pune,913,6,2,1,15,0,1,0,11991197
Mumbai,2050,4,1,1,3,1,1,0,40793373
Hyderabad,5026,3,1,0,20,1,1,1,43226218
Chennai,5490,1,2,0,8,0,1,1,42837210
Pune,2446,4,2,1,12,1,1,0,26894325
Delhi,5703,4,4,1,24,1,1,1,78201531
Hyderabad,691,3,2,0,19,1,0,1,8068759
Pune,540,6,3,1,7,1,0,1,10718197
Mumbai,6483,6,1,0,10,0,1,0,119869967
Chennai,2359,2,3,1,20,1,1,1,21345539
Bangalore,6392,2,3,0,8,0,0,0,58753908
Hyderabad,1832,6,3,0,17,0,1,0,18654404
Chennai,3949,5,1,1,19,0,0,0,32161837
Bangalore,635,5,1,1,2,0,0,0,8669219
Hyderabad,6409,4,1,0,22,1,1,0,55479493
Chennai,4701,6,2,1,29,0,1,1,38386576
Chennai,5114,2,3,1,17,1,0,0,40911422
Pune,2441,4,4,1,18,1,0,0,27128446
Hyderabad,2065,1,2,0,8,0,1,0,17658772
Chennai,4721,2,2,1,23,0,0,1,36141136
Delhi,6722,2,4,1,17,1,1,0,90702297
Hyderabad,888,2,3,1,21,1,0,1,9358027
Chennai,2058,5,4,1,15,0,1,1,19560394
Pune,6320,3,1,0,13,0,0,1,61239698
Bangalore,2621,3,3,1,18,1,1,0,26460842
Bangalore,1528,5,2,0,27,0,1,0,15777802
Delhi,6538,6,1,0,28,0,1,0,87819643
Hyderabad,4034,6,1,1,21,1,1,1,36989730
Pune,581,5,2,1,29,1,1,0,9093918
Chennai,6156,5,4,0,14,1,0,0,50241577
Chennai,1275,6,1,1,20,1,0,1,13447133
Bangalore,3538,3,1,1,25,1,1,0,34263300
Pune,4873,4,3,0,3,1,0,1,51288824
Delhi,3387,5,3,1,11,0,0,0,46784623
Bangalore,2378,4,2,1,6,1,1,0,24649640
Bangalore,2771,4,2,1,10,1,0,1,28929856
Delhi,2107,1,2,0,25,1,0,1,28383764
Hyderabad,3639,3,4,1,6,0,0,0,32434941
Chennai,1105,4,1,0,19,0,1,0,10555688
Hyderabad,6662,3,2,0,2,1,0,0,58043833
Pune,5235,3,3,0,3,1,0,1,54228354
Mumbai,3914,1,1,1,1,0,1,0,71425942
Mumbai,4165,6,2,1,19,0,0,0,77396047
Mumbai,6385,3,1,0,14,1,1,1,118295642
Delhi,6352,4,1,0,19,0,0,0,84624779
Bangalore,5962,6,1,1,11,0,1,0,56433213
Hyderabad,2644,6,2,1,20,0,1,0,25025171
Chennai,4770,2,1,0,16,1,1,1,37498694
Mumbai,4265,4,1,1,17,0,0,0,79167818
Hyderabad,1876,4,1,0,7,0,1,1,18717030
Mumbai,3962,3,3,0,23,1,0,0,73271111
Mumbai,847,4,2,1,7,0,0,1,18405116
Chennai,500,2,4,1,4,0,0,1,7065692
Pune,562,3,3,1,23,0,0,1,6902723
Pune,2283,5,1,0,8,1,1,1,25337780
Pune,4314,4,1,1,29,1,1,1,44156825
Delhi,725,4,4,1,19,1,1,1,14228088
Bangalore,1542,1,4,0,19,0,0,0,14207101
Delhi,6674,5,3,0,22,0,1,1,90463370
Hyderabad,1344,5,1,1,4,0,0,0,13776730
Delhi,3180,2,4,1,26,1,0,0,44227711
Hyderabad,4619,5,3,0,9,1,1,1,42028896
Hyderabad,1734,1,4,0,0,0,1,0,17099218
Bangalore,2484,2,1,1,23,1,0,0,24085357
Chennai,4756,5,1,1,3,1,0,0,38932231
Bangalore,1778,2,1,0,23,0,1,1,17081539
Pune,2094,5,1,1,15,0,1,0,22172629
Pune,6757,5,2,0,17,1,1,0,67519636
Delhi,3051,6,2,0,27,1,0,0,43387106
Hyderabad,2452,5,2,1,11,1,0,1,24803483
Mumbai,2195,4,3,1,19,0,1,1,43283697
Mumbai,1454,5,3,0,14,1,0,0,30289401
Hyderabad,3791,4,4,0,17,0,0,0,33871226
Bangalore,856,3,4,0,4,1,1,1,12692677
Chennai,6812,6,3,1,25,1,1,0,55485221
Bangalore,4095,1,4,0,25,0,0,0,37277603
Hyderabad,1468,2,3,0,13,0,0,1,14192015
Hyderabad,741,2,2,0,23,1,1,0,8057027
Chennai,3946,3,3,1,26,1,1,0,32163657
Delhi,4734,5,3,0,6,0,1,0,65722225
Delhi,2644,1,4,1,10,1,1,1,38303951
Chennai,646,3,4,1,14,0,1,1,8715683
Delhi,5676,3,3,0,20,0,0,1,75704477
Mumbai,5661,2,1,0,10,1,1,1,104216792
Delhi,1042,4,4,0,6,0,1,0,17089998
Delhi,1191,4,3,1,20,0,0,1,18565542
Delhi,1525,5,4,0,22,1,1,1,23690402
Mumbai,4550,5,1,1,19,1,0,1,85339700
Delhi,4505,3,4,1,19,1,1,0,61705101
Pune,3859,5,3,1,25,1,0,0,40487338
Mumbai,5757,4,3,1,3,1,0,1,108605340
Chennai,6236,1,1,1,26,1,1,0,47180990
Bangalore,3451,2,3,1,23,1,1,1,34328054
Chennai,1229,4,1,0,0,1,0,0,11924670
Bangalore,6974,6,3,0,25,1,0,1,66669693
Chennai,4999,5,3,1,20,0,1,0,40016142
Pune,3055,2,4,1,27,1,0,1,32375510
Bangalore,6535,6,4,0,25,0,0,0,62283617
Bangalore,1650,2,1,0,1,1,0,0,16822653
Hyderabad,2235,3,4,0,25,1,1,1,22379331
Bangalore,1538,5,2,0,3,0,0,1,17761707
Bangalore,6869,3,1,1,4,0,1,0,64658196
Hyderabad,3412,2,2,0,23,0,0,0,28296216
Delhi,5340,3,1,1,1,0,0,1,71754412
Delhi,3040,5,2,1,1,1,1,1,45159928
Hyderabad,4914,4,4,0,17,1,1,0,43947229
Mumbai,1742,1,4,0,29,1,1,0,32379187
Bangalore,1272,6,3,1,23,1,0,1,16382150
Bangalore,2416,4,2,1,27,1,0,1,24727996
Hyderabad,3912,2,3,1,13,1,1,0,34632998
Hyderabad,2999,4,1,1,2,0,0,0,27649254
Mumbai,3940,3,2,0,20,1,1,0,73554469
Pune,5539,5,3,0,17,0,0,1,55999349
Delhi,6610,4,1,0,21,1,1,0,88748128
Chennai,4045,4,2,0,9,1,1,1,34542359
Pune,1713,5,3,0,5,0,0,0,19139022
Delhi,3431,3,2,1,1,1,1,0,48240223
Bangalore,918,1,2,1,19,1,1,1,10718235
Pune,4281,4,3,0,10,0,1,1,43985474
Hyderabad,5460,6,4,0,17,0,1,1,49358354
Mumbai,1288,2,4,1,13,1,1,0,26842172
Delhi,2371,3,3,1,25,0,0,0,32992567
Mumbai,5090,3,1,0,19,0,1,1,93827398
Delhi,5658,4,3,0,12,0,0,0,75861527
Pune,6805,6,3,1,28,1,1,1,69807220
Bangalore,2525,5,2,0,26,0,0,0,25245629
Chennai,6764,4,4,0,6,1,1,0,55081385
Mumbai,2946,4,4,1,20,0,0,1,55736034
Mumbai,6581,5,4,1,25,0,1,1,121718244
Chennai,5323,2,4,1,19,0,1,1,42087159
Mumbai,1060,5,3,0,9,0,0,0,22691545
Mumbai,3151,4,2,1,25,1,0,0,59617003
Delhi,5748,1,4,0,18,1,0,0,76997615
Delhi,4404,5,4,1,28,1,1,0,61921025
Chennai,1039,2,2,0,28,0,0,1,8958061
Bangalore,6999,5,3,0,12,0,1,1,66259451
Pune,5255,5,3,1,21,0,0,0,52728944
Pune,6459,3,3,0,1,1,1,1,65523507
Mumbai,3636,3,4,0,19,0,1,0,67694250
Bangalore,3789,4,4,1,11,0,0,1,38242413
Chennai,3110,4,4,0,7,1,1,1,27520114
Chennai,6046,5,3,1,17,0,1,0,48291537
Delhi,5412,1,4,0,24,1,0,0,72574126
Mumbai,2444,6,1,1,1,1,0,1,49451684
Hyderabad,3645,4,2,1,15,1,0,0,32395534
Chennai,3258,5,1,0,7,0,0,1,27938861
Mumbai,5811,5,1,1,15,0,0,0,106337501
Bangalore,3760,6,4,1,7,0,1,1,38882032
Delhi,4607,5,2,0,22,1,1,0,62836527
Pune,6882,6,1,1,29,0,1,1,68201148
Bangalore,2395,6,3,1,12,1,1,0,26356220
Chennai,3000,5,3,1,25,1,0,1,26952073
Chennai,3329,5,3,1,5,0,0,1,29452019
Bangalore,4373,3,3,0,0,0,1,0,42210187
Chennai,547,6,2,1,1,1,1,1,9115298
Mumbai,2864,2,3,1,6,1,1,0,54226546
Chennai,2756,6,2,1,12,0,1,0,24562728
Delhi,6166,2,2,0,26,0,1,1,81199599
Mumbai,5172,5,2,0,3,1,0,0,96915255
Hyderabad,6958,4,2,1,8,1,1,0,61233284
Chennai,1253,1,4,1,18,0,1,0,10908947
Chennai,5655,5,1,0,19,1,1,0,45104568
Delhi,3302,1,4,1,2,0,1,0,45668124
Delhi,5149,3,1,1,22,0,0,1,68781744
Pune,4152,2,4,1,1,1,0,0,42453128
Bangalore,902,3,3,1,15,1,1,0,11470042
Bangalore,5726,4,2,0,9,0,1,1,54930295
Bangalore,2586,4,3,0,27,1,0,0,26232361
Delhi,2727,6,3,0,11,0,0,0,38414868
Bangalore,6655,5,3,0,17,1,0,1,63313808
Bangalore,3910,6,4,0,1,1,1,1,41919077
Hyderabad,3490,4,3,1,13,1,1,1,33066856
Bangalore,5143,4,2,0,11,1,1,0,50183064
Chennai,1649,6,2,1,19,0,1,0,16261644
Pune,562,3,1,0,23,0,1,1,6507917
Delhi,5439,1,4,1,23,0,1,1,72189735
Mumbai,3653,2,2,0,23,1,1,1,68198395
Pune,1508,4,2,0,7,0,1,0,17606899
Hyderabad,6438,6,4,1,22,1,1,1,58121983
Delhi,2531,4,3,1,21,1,1,0,35984076
Delhi,1822,3,2,1,27,0,1,1,25633218
Chennai,2581,2,3,0,6,0,0,0,21198730
Pune,1251,3,2,0,12,1,0,1,14827140
Pune,4644,1,1,1,14,1,1,1,46634901
Bangalore,1157,3,3,0,13,1,1,1,13996439
Chennai,2160,2,2,1,4,1,1,1,20051793
Bangalore,1200,2,4,0,7,1,0,0,14383816
Bangalore,1580,4,4,1,17,1,1,1,18951369
Delhi,2656,1,4,1,4,0,1,1,37852600
Pune,2040,5,2,0,22,0,1,1,22717771
Bangalore,3532,4,3,1,8,1,0,0,36247867
Hyderabad,6667,6,1,0,9,0,1,1,57943311
Hyderabad,6864,3,1,0,16,0,0,1,58401382
Pune,2483,3,2,0,26,0,1,1,25167772
Hyderabad,814,2,2,1,24,0,0,0,6832878
Delhi,6937,6,2,1,2,0,0,0,94665281
Chennai,3581,2,3,1,0,0,1,0,29645838
Mumbai,6296,6,4,0,6,0,1,0,117655534
Bangalore,5613,2,3,0,14,0,0,0,51527777
Mumbai,5233,5,3,1,18,1,1,0,97704848
Chennai,2814,5,2,0,7,0,0,1,24171191
Chennai,2635,4,1,0,10,1,0,0,22197538
Delhi,2149,5,3,0,1,0,1,1,31916943
Hyderabad,3719,6,1,1,19,1,0,1,33904868
Hyderabad,4300,2,2,1,27,1,0,1,37679484
Chennai,2978,6,3,1,1,0,0,0,26051451
Delhi,4567,4,4,0,10,1,1,0,63711285
Delhi,2275,4,4,0,19,0,1,1,32208850
Pune,2466,1,3,1,27,0,0,1,24928503
Bangalore,6559,5,4,1,16,0,1,1,62839597
Hyderabad,2267,3,3,1,28,0,1,0,20569486
Chennai,4315,3,4,0,9,1,1,1,37154401
Pune,741,1,2,1,4,0,0,1,8109773
Mumbai,5297,2,4,1,2,1,1,1,99375403
Hyderabad,3449,1,4,1,8,1,1,0,31697701
Bangalore,5336,2,2,0,19,0,1,0,49414273
Delhi,6709,5,2,1,21,1,0,0,90986320
Chennai,6410,5,4,0,24,1,1,0,51868289
Hyderabad,5376,4,1,1,1,1,1,0,47423050
Mumbai,2756,4,1,0,22,0,0,1,51201152
Bangalore,4611,4,3,1,18,1,1,1,45387658
Bangalore,3868,4,4,1,16,0,1,1,38882111
Pune,5581,3,3,0,24,0,1,0,54047141
Hyderabad,866,4,2,1,24,0,0,1,8935534
Mumbai,3327,4,4,1,11,0,1,0,63555101
Bangalore,1752,4,2,1,26,1,0,0,18079025
Chennai,2987,2,4,1,19,1,1,1,25633923
Bangalore,5285,6,4,0,8,1,0,1,53041209
Mumbai,4103,4,2,0,22,0,1,1,75901691
Delhi,4021,1,4,0,3,0,0,0,53738109
Delhi,5655,4,4,0,27,0,0,1,76119410
Pune,5442,4,3,0,17,1,1,1,55033329
Hyderabad,5017,3,2,0,15,0,0,1,43760828
Mumbai,2143,6,1,0,28,1,1,0,41317784
Pune,1712,4,1,0,20,1,0,0,19212718
Bangalore,5203,6,4,1,23,0,1,1,51268376
Bangalore,5934,2,3,1,9,0,0,0,54873539
Delhi,519,5,4,0,25,1,1,1,11116153
Pune,1175,6,3,0,21,1,0,0,15513731
Delhi,4977,6,4,0,11,0,0,1,69110098
Chennai,1108,4,1,1,29,0,1,0,10446158
Delhi,6786,4,2,0,27,0,1,0,89397044
Chennai,561,4,3,0,10,0,0,1,7562684
Bangalore,1765,3,4,0,4,1,0,0,19765276
Pune,2785,5,4,0,19,0,0,1,30247624
Chennai,1654,3,3,1,10,1,0,1,16653398
Pune,2128,3,3,0,15,0,1,1,23194109
Pune,2126,3,1,1,14,0,1,0,22573955
Chennai,4216,2,3,1,5,1,0,0,34422448
Hyderabad,5742,5,4,1,12,0,1,1,52091250
Delhi,6059,2,1,0,15,1,1,1,81512114
Chennai,5522,2,1,1,26,0,0,0,41805327
Bangalore,6985,5,2,0,2,1,0,1,66810028
Pune,1942,2,2,0,17,1,0,1,20775848
Mumbai,2153,5,2,0,0,1,1,1,44159857
Chennai,3002,6,3,0,24,0,1,1,26739536
Delhi,3769,6,1,0,16,1,0,0,52272110
Pune,781,4,3,0,26,1,0,1,10400414
Hyderabad,5481,3,1,0,19,0,0,0,45694646
Bangalore,1524,6,4,0,5,1,1,0,18673743
Hyderabad,5318,6,3,1,8,1,0,0,48919742
Mumbai,6394,2,1,0,3,0,1,0,117179424
Chennai,3903,5,2,1,6,0,1,1,33320261
Pune,1735,1,2,0,22,0,1,1,17788138
Chennai,4682,2,4,1,28,1,0,1,37937724
Delhi,5260,2,3,1,29,1,1,1,71036397
Chennai,5457,5,1,0,21,1,1,0,43300127
Bangalore,6318,1,2,1,24,0,1,0,57266329
Mumbai,6704,1,1,0,10,0,0,0,121349155
Hyderabad,6738,4,3,1,25,1,0,1,58662132
Mumbai,1285,2,2,0,22,1,1,0,24632902
Pune,6172,3,4,1,2,0,1,0,61835021
Chennai,3817,6,4,1,15,1,1,1,34218360
Pune,2167,2,3,0,5,1,1,0,23538666
Hyderabad,3508,3,3,1,6,0,1,0,31549187
Pune,6940,3,1,0,11,1,0,1,69261776
Delhi,3694,5,4,0,6,0,1,0,51342676
Mumbai,5289,2,3,1,28,1,0,0,96604379
Hyderabad,4275,5,3,1,21,1,0,0,38601326
Hyderabad,2946,4,4,1,18,1,1,0,28399015
Hyderabad,4290,3,1,0,21,1,1,0,37060622
Bangalore,5850,1,1,0,15,0,1,1,54215425
Mumbai,1033,3,4,0,17,0,0,0,20874148
Pune,901,4,4,0,9,1,1,0,12764654
Hyderabad,4163,3,4,1,28,1,0,1,36692759
Mumbai,629,5,4,0,0,1,1,1,17610096
Hyderabad,2839,2,4,0,7,0,1,0,26118914
Delhi,4871,1,3,1,2,1,0,1,66182619
Delhi,3459,5,2,1,29,0,1,0,46733250
Delhi,2358,6,4,1,15,0,0,0,34512307
Chennai,3473,2,2,0,23,1,1,1,27677743
Hyderabad,4650,1,1,1,2,0,0,0,39653506
Chennai,4149,4,3,1,1,0,0,1,34227739
Mumbai,3286,3,2,0,11,0,1,0,61532083
Chennai,3597,1,1,0,7,0,1,1,28156824
Mumbai,4012,6,1,0,18,0,1,1,75264999
Mumbai,5360,4,1,0,23,0,0,0,97099455
Mumbai,1720,2,4,1,17,0,1,1,33990065
Pune,1141,1,3,0,19,0,1,0,12272498
Chennai,3814,4,1,1,24,0,1,0,29964419
Pune,6443,2,4,1,14,0,0,0,63502257
Hyderabad,1223,5,2,0,16,0,0,0,12426339
Chennai,5809,3,3,0,17,1,0,1,47320143
Hyderabad,5397,4,2,0,17,0,1,0,46489934
Hyderabad,1237,5,2,0,8,1,0,1,14895485
Mumbai,5353,6,4,1,25,1,0,1,100708401
Chennai,6187,6,2,0,4,1,1,0,51624738
Hyderabad,1799,2,3,0,10,1,1,0,17541691
Delhi,6437,1,2,1,28,0,1,0,84521797
Hyderabad,3980,3,4,1,3,0,1,0,36196536
Delhi,839,2,1,1,25,0,0,1,11103149
Chennai,652,4,4,0,9,1,0,1,8767004
Pune,6184,3,1,1,3,0,0,1,61762454
Chennai,1921,5,2,1,22,1,0,0,17785099
Pune,6063,3,1,1,2,1,1,0,60416228
Pune,3551,5,4,0,24,1,0,0,37045601
Chennai,926,2,4,1,15,1,1,1,10413599
Hyderabad,4058,1,3,0,20,0,1,0,34144402
Bangalore,6847,6,3,1,10,1,0,1,66774736
Hyderabad,1635,3,1,1,8,0,1,0,15636260
Hyderabad,2872,1,1,1,0,0,1,1,24816036
Mumbai,3829,1,3,1,9,1,1,0,70893733
Mumbai,1449,6,2,1,11,0,1,0,29723603
Hyderabad,1873,3,3,1,29,1,1,1,18636557
Delhi,6626,3,2,0,23,1,0,1,88355832
Pune,1456,1,1,0,1,0,1,1,15378182
Mumbai,2201,4,1,0,14,0,0,1,42159569
Hyderabad,3441,4,4,1,29,0,1,1,30961917
Bangalore,2982,3,4,0,23,0,1,1,29519018
Delhi,1803,1,2,1,19,0,0,1,24218100
Chennai,870,1,2,0,15,1,0,1,8309568
Hyderabad,3480,2,3,1,1,0,1,1,31950343
Hyderabad,2796,1,2,0,12,0,0,1,24412748
Pune,6824,6,1,1,17,1,0,1,68458250
Delhi,5298,4,1,1,28,1,0,0,70652271
Mumbai,6270,2,1,0,21,1,1,1,114437676
Mumbai,2625,6,4,1,18,0,0,1,51694240
Mumbai,3466,4,2,0,10,1,0,1,66367812
Chennai,6979,6,2,0,13,1,0,1,56202553
Delhi,4645,5,4,0,29,1,1,1,64256976
Delhi,6728,3,4,0,25,0,0,0,88660771
Mumbai,3242,5,4,1,2,0,0,0,61830556
Mumbai,6647,3,1,0,8,1,1,1,122615216
Pune,5588,4,2,1,4,0,0,1,57018261
Bangalore,4521,4,3,1,13,0,1,1,43764544
Bangalore,2864,5,3,1,6,0,1,1,30750134
Hyderabad,5730,6,2,0,11,1,1,0,51871699
Hyderabad,5953,3,2,1,20,1,0,1,52082729
Delhi,6470,3,4,1,17,1,0,0,87253338
Delhi,1262,2,4,0,10,1,1,0,19379664
Chennai,4562,1,1,1,26,1,0,0,34849630
Chennai,1504,6,4,1,23,0,0,0,14994792
Bangalore,4255,6,2,1,8,0,1,1,42786608
Hyderabad,3346,2,1,1,10,1,0,0,28776910
Bangalore,6762,4,3,1,17,0,0,1,63152408
Bangalore,849,5,2,0,1,1,0,0,12279670
Hyderabad,3464,6,3,0,19,0,0,1,31807245
Chennai,1186,3,2,0,12,0,1,1,12039510
Pune,5137,2,2,0,14,1,0,0,50433090
Pune,3626,5,1,0,7,1,1,0,38097461
Pune,4956,5,1,1,4,0,1,0,50628190
Hyderabad,3255,6,4,0,4,0,1,0,31258320
Mumbai,4024,1,2,1,6,1,0,1,75025536
Mumbai,4124,3,2,1,11,0,1,0,76007401
Mumbai,3232,5,1,0,19,1,0,0,60839188
Delhi,6973,3,3,0,11,1,1,1,94157347
Chennai,6862,6,4,1,8,1,0,1,56828013
Chennai,6851,2,2,1,3,0,1,1,53919011
Delhi,2193,5,1,0,7,1,1,1,32722297
Bangalore,3392,6,2,0,18,1,1,1,35303134
Pune,4311,5,1,1,21,1,1,0,44164489
Mumbai,4680,2,4,1,0,1,1,0,87490070
Pune,1184,3,3,0,22,0,1,0,12440541
Mumbai,4840,3,2,0,10,1,1,1,90042187
Pune,3419,5,2,0,22,1,1,0,35485955
Bangalore,4256,6,4,1,12,0,1,0,42153054
Pune,5954,2,3,1,17,1,0,0,59501572
Pune,3783,4,2,1,20,1,0,1,39172087
Hyderabad,5191,3,4,1,19,1,0,1,46804842
Pune,4526,4,2,0,9,1,1,0,46299148
Hyderabad,1656,5,2,0,12,0,0,0,16023819
Chennai,3561,4,4,1,24,0,1,0,28861534
Delhi,6419,6,4,1,11,0,0,0,87710615
Pune,6393,6,1,0,12,0,0,1,63626668
Chennai,4945,4,1,1,1,0,1,1,40970630
Hyderabad,2829,6,2,0,2,0,0,1,27361490
Pune,6936,3,4,0,28,1,1,1,69589107
Pune,1792,5,3,1,16,0,0,1,20531664
Bangalore,2384,4,3,1,25,1,0,0,23856091
Chennai,2060,3,2,0,20,1,0,1,18640953
Mumbai,1483,4,1,0,18,0,1,1,28693990
Mumbai,2567,3,4,1,11,1,0,0,49565867
Bangalore,2363,6,4,1,15,1,1,1,27388629
Hyderabad,2479,6,1,1,19,1,0,0,24283054
Mumbai,2236,5,4,0,19,0,0,1,44397862
Mumbai,2952,6,2,1,21,1,1,1,57585351
Delhi,5734,2,4,0,9,0,1,1,76645402
Chennai,2418,3,4,0,22,0,0,0,20025167
Hyderabad,1200,3,1,1,22,1,0,0,11632258
Pune,4546,4,1,0,14,0,1,0,45157375
Chennai,2573,5,3,1,29,1,1,1,23814831
Hyderabad,5161,1,2,1,26,0,0,0,42752412
Mumbai,4253,6,1,1,7,0,1,0,79537067
Delhi,894,1,1,1,18,0,0,1,12740947
Chennai,2456,2,1,1,4,0,1,1,20197660
Mumbai,3548,5,4,0,11,1,1,1,69537315
Hyderabad,3952,3,2,1,9,0,0,1,34855045
Chennai,1022,1,2,0,21,1,0,0,8064857
Pune,2062,2,4,1,13,1,0,0,22324900
Chennai,3409,5,4,1,27,1,0,0,29163546
Mumbai,5702,2,1,1,21,1,1,1,104246247
Chennai,3349,6,3,1,11,0,1,1,29551869
Pune,1049,1,3,0,23,0,1,1,10772896
Delhi,1968,4,2,1,12,1,1,0,29092804
Delhi,6730,4,3,1,20,1,1,0,90978809
Mumbai,1332,5,1,1,20,1,0,0,26279528
Hyderabad,4982,2,4,0,16,0,0,0,42919496
Mumbai,5558,3,2,1,0,0,1,1,103238631
Delhi,1921,1,2,0,21,1,1,1,26607776
Bangalore,785,4,4,1,9,0,0,1,11010474
Bangalore,3245,4,3,1,25,0,1,0,31328918
Chennai,4265,2,2,1,4,0,0,0,33678858
Pune,4964,4,4,1,10,0,1,0,50220619
Chennai,1945,2,4,1,9,1,1,0,17618854
Bangalore,6337,1,3,1,5,0,1,1,59396933
Delhi,1966,2,3,1,14,1,0,1,27947491
Chennai,2276,4,1,0,8,1,0,0,19339172
Mumbai,6139,2,3,1,7,0,1,0,112170800
Pune,4155,4,3,1,22,1,1,0,43185520
Mumbai,1414,6,4,0,22,0,0,1,28679085
Pune,787,5,2,1,5,0,0,0,10808201
Delhi,4690,4,4,1,5,1,1,0,65771695
Chennai,2588,4,1,0,16,1,0,0,21229260
Pune,4926,4,4,1,11,0,1,0,50090182
Mumbai,6432,5,1,1,6,1,1,1,120724242
Chennai,2304,6,3,0,4,1,1,1,22304929
Chennai,1678,3,2,0,15,0,0,1,15129545
Mumbai,3051,4,2,1,22,0,0,1,57407737
Bangalore,4870,3,4,0,5,1,1,1,48853491
Pune,2088,1,2,0,7,1,1,0,22556664
Mumbai,6822,6,1,0,2,0,1,0,127088526
Delhi,2456,2,1,1,7,0,1,0,33569120
Hyderabad,2275,3,3,1,28,0,0,0,19744604
Mumbai,6780,6,4,0,6,0,1,0,126662518
Chennai,5362,1,3,0,16,1,0,0,41731754
Chennai,1487,6,2,0,18,0,1,1,14169104
Mumbai,6355,2,3,0,25,0,1,0,116037797
Hyderabad,1703,4,2,1,19,0,0,0,16418165
Mumbai,3830,4,1,1,13,0,0,1,71011316
Hyderabad,6886,4,4,1,24,0,0,1,59479889
Hyderabad,1619,5,4,1,27,0,0,1,16153275
Delhi,696,5,3,0,5,0,0,0,12689611
Pune,4475,5,2,1,6,1,0,0,46443347
Chennai,1025,5,1,0,29,0,1,1,9364230
Chennai,5227,1,2,0,4,0,0,1,40478207
Hyderabad,1910,6,3,0,18,1,1,1,21104554
Chennai,5003,1,2,0,20,1,0,1,39501018
Bangalore,1792,4,1,1,27,1,0,0,18511882
Hyderabad,1694,2,3,0,6,1,0,1,17507289
Chennai,2448,5,1,0,8,0,1,1,21120335
Bangalore,4155,6,3,0,11,1,1,0,41602221
Delhi,5286,2,4,0,24,1,0,0,70777921
Chennai,2717,1,2,1,14,1,0,1,23136413
Bangalore,4754,5,1,0,14,0,1,0,45528637
Mumbai,4080,1,1,1,27,0,0,0,73422523
Pune,6285,1,2,0,23,0,1,1,60404693
Mumbai,6533,3,1,1,20,1,0,1,119741592
Bangalore,1517,6,1,0,15,0,1,0,16614147
Hyderabad,3653,1,1,0,22,0,1,1,30174540
Hyderabad,5676,4,4,1,19,0,0,1,49697046
Chennai,4090,1,1,1,25,1,0,0,31526266
Mumbai,4707,5,4,1,14,0,1,0,87926201
Hyderabad,4569,4,2,0,4,0,0,0,39954669
Hyderabad,547,1,4,1,11,1,0,0,7475181
Mumbai,4163,4,1,1,3,0,0,0,77544868
Delhi,6506,1,1,0,2,1,0,1,86499232
Hyderabad,4971,6,1,1,28,0,1,0,43112377
Pune,1327,4,4,0,26,1,1,1,16841901
Bangalore,6676,2,3,0,28,0,1,1,61837086
Chennai,5222,3,3,1,0,1,1,1,43816806
Hyderabad,6515,4,2,0,12,1,1,1,57201161
Pune,5622,5,2,0,4,1,0,1,57885270
Pune,6487,3,2,0,11,1,1,0,64461949
Hyderabad,2589,3,1,0,1,0,1,1,24442372
Delhi,2556,1,3,1,5,1,0,1,36553438
Bangalore,1318,4,3,1,4,1,1,0,16139497
Chennai,5252,6,2,0,26,0,0,1,41594944
Hyderabad,4484,3,3,1,17,1,1,0,39512708
Chennai,4180,5,2,0,23,1,0,1,35116306
Mumbai,2311,6,1,1,4,1,1,0,45801196
Pune,5385,6,3,1,17,0,1,0,55318395
Pune,6055,5,1,0,15,0,1,1,59940730
Hyderabad,3614,5,1,0,16,0,0,0,32145581
Hyderabad,5750,1,3,0,1,0,0,0,48422595
Mumbai,2129,2,4,0,16,1,1,1,41972975
Delhi,2043,4,2,1,9,1,1,1,30745061
Hyderabad,4079,3,3,0,25,0,0,1,35839168
Pune,6269,4,1,1,2,1,0,1,63193662
Chennai,2404,6,2,1,13,0,1,1,22365461
Bangalore,1936,3,1,0,18,1,0,1,19581236
Chennai,5531,1,2,1,11,0,0,0,42604685
Delhi,3817,4,3,0,25,0,0,1,51489871
Bangalore,4020,1,1,0,0,0,0,1,36924940
Chennai,3559,1,2,1,6,0,0,1,28302289
Chennai,4616,4,2,0,25,1,0,1,37144474
Mumbai,1498,4,3,0,6,0,0,1,30819501
Delhi,1931,3,2,0,12,0,0,1,27064513
Pune,5052,6,2,1,8,1,1,1,53438705
Mumbai,6063,6,1,1,4,0,0,1,112670944
Bangalore,6623,5,3,0,3,0,0,1,62909889
Pune,3561,1,3,0,4,1,0,0,36464656
Mumbai,764,6,1,1,23,1,0,0,16905940
Delhi,4231,2,4,1,23,0,1,0,56973072
Hyderabad,6827,3,1,0,27,1,1,1,58801458
Hyderabad,2774,3,1,1,19,0,1,1,25147134
Bangalore,4375,5,4,0,11,0,0,0,42211042
Hyderabad,3817,5,2,0,7,1,1,1,36456614
Mumbai,2546,1,3,0,12,0,1,0,46694128
Bangalore,3644,3,3,1,3,1,1,1,37665325
Pune,3721,3,4,1,19,1,0,1,38797712
Delhi,3640,2,3,1,10,1,0,1,50276503
Bangalore,5564,1,4,0,14,0,1,1,52816989
Pune,5400,1,2,1,23,0,1,0,52161795
Bangalore,1753,6,4,1,13,1,0,1,20790947
Chennai,1222,5,3,0,17,1,0,0,13066859
Chennai,5691,6,3,1,19,1,1,1,47588998
Bangalore,5597,1,4,0,0,1,0,0,53106166
Hyderabad,583,2,3,0,0,0,1,1,7559565
Chennai,5335,1,4,1,10,0,0,1,42691667
Delhi,3870,6,3,1,28,1,1,1,55602953
Pune,4319,4,1,0,28,0,1,1,43460213
Mumbai,3864,4,2,1,28,1,1,0,72839263
Chennai,2257,2,3,1,23,1,1,0,19170061
Bangalore,6589,5,3,1,19,0,1,0,62964044
Hyderabad,4818,3,3,0,29,1,1,0,41733187
Mumbai,3280,1,4,0,5,1,0,0,62196092
Pune,3787,6,3,1,4,0,0,1,40687785
Pune,2952,5,4,0,12,1,1,0,33201935
Chennai,5788,6,3,1,9,1,0,0,47571019
Pune,828,5,1,1,5,0,0,0,10229320
Pune,925,1,1,1,3,0,0,1,10496727
Hyderabad,6173,3,2,1,3,0,1,0,53218507
Hyderabad,1269,1,4,0,6,0,1,0,12805848
Hyderabad,5815,3,2,1,15,0,0,0,49334277
Bangalore,4475,6,3,0,0,1,0,0,45350956
Pune,1107,2,3,0,8,1,1,1,13301808
Pune,2352,3,1,1,25,0,1,1,23437934
Pune,3172,5,2,1,18,0,0,0,32576413
Delhi,2624,2,3,0,19,0,0,1,35793594
Hyderabad,6642,6,3,1,14,0,0,1,58381583
Mumbai,1800,4,4,1,8,0,0,0,35533456
Chennai,5515,2,3,0,20,1,0,1,44189544
Mumbai,965,3,2,0,27,0,0,1,19404527
Bangalore,2464,2,1,0,19,0,0,1,23195866
Bangalore,6067,6,1,1,27,1,0,1,58564364
Pune,2445,2,3,1,21,0,0,1,24586621
Mumbai,5779,6,3,0,0,1,1,1,110353725
Pune,3039,4,3,0,25,0,1,1,31942590
Delhi,2860,3,4,1,0,1,1,1,41636402
Bangalore,6250,5,3,0,15,0,0,0,58996514
Bangalore,2539,2,3,0,4,0,0,1,25804603
Mumbai,1684,1,4,1,20,1,1,1,33477245
Bangalore,6951,5,2,0,26,1,0,1,66132945
Delhi,4434,2,4,1,8,0,0,0,59355871
Delhi,3717,5,1,0,0,1,1,0,51935012
Delhi,6294,1,4,1,18,0,1,1,84525887
Chennai,6732,5,4,1,15,1,1,0,55732060
Delhi,3282,5,2,0,2,1,0,0,46167171
Delhi,1277,1,2,0,3,0,1,1,17834059
Chennai,3879,1,3,0,11,0,1,0,30241618
Pune,2918,1,4,1,28,1,0,0,29498991
Hyderabad,4577,4,2,0,6,0,1,0,40302466
Bangalore,4762,6,1,1,14,1,0,0,45964511
Delhi,2939,6,3,0,22,0,0,0,41237595
Bangalore,5331,1,4,1,14,0,0,0,49437404
Mumbai,5520,6,1,0,25,1,0,0,102395299
Bangalore,5769,5,2,1,4,0,0,1,55322364
Pune,6087,1,3,1,29,1,1,0,59182075
Chennai,2489,2,1,1,24,1,1,0,20865623
Bangalore,1566,1,4,1,22,0,0,0,14722639
Bangalore,1444,1,1,1,1,0,0,1,14482672
Bangalore,528,6,3,1,11,1,1,1,10650082
Hyderabad,2397,3,4,0,18,1,1,1,23481337
Hyderabad,6251,5,4,1,26,1,0,0,55643377
Mumbai,6468,6,1,0,22,1,1,1,120874522
Chennai,5650,5,3,0,4,1,0,0,47004911
Bangalore,2197,2,4,0,22,0,0,1,20987405
Bangalore,6771,4,3,0,24,1,1,0,64413899
Bangalore,3314,3,2,0,24,1,0,0,32302591
Bangalore,3865,2,1,0,2,1,0,0,37233819
Hyderabad,2988,2,3,0,23,1,1,1,27727623
Pune,6007,5,2,1,28,1,1,1,60406499
Pune,6385,3,2,0,5,1,1,1,64972644
Mumbai,2165,5,3,0,12,1,0,1,43762303
Delhi,5119,4,3,1,19,1,1,1,69982687
Chennai,2070,5,1,1,14,1,0,0,18203588
Pune,2233,1,1,0,3,1,0,0,22570288
Bangalore,1259,5,4,1,19,0,0,1,15598223
Pune,2657,1,1,0,6,0,0,0,25579307
Mumbai,1851,2,3,1,21,0,1,1,35152010
Delhi,3976,4,4,0,17,1,0,0,55377631
Pune,1768,6,2,1,20,1,1,0,20973381
Mumbai,2285,1,2,0,20,1,1,1,42661371
Hyderabad,4449,4,3,1,21,1,1,0,39550193
Delhi,6448,5,4,0,6,1,1,1,89297076
Mumbai,6806,6,4,1,11,0,1,0,126939660
Pune,3107,5,1,1,10,1,1,0,33071664
Hyderabad,898,2,2,1,23,1,1,0,9279582
Mumbai,3130,5,2,1,11,1,1,0,60007125
Mumbai,2946,1,1,1,25,1,1,1,54861377
Pune,2169,2,2,0,29,1,0,1,22036706
Delhi,738,4,1,0,14,1,1,0,12702511
Hyderabad,4036,2,2,0,7,0,0,1,34253278
Bangalore,6199,4,2,1,10,1,0,1,59572354
Chennai,4361,3,2,1,20,0,0,1,34607872
Delhi,3603,1,1,1,17,1,1,0,48301889
Hyderabad,1646,1,2,0,9,1,1,1,15570828
Mumbai,2057,4,2,0,7,1,0,1,40839603
Hyderabad,4238,5,4,0,5,0,1,1,38971521
Chennai,2657,6,2,1,2,1,0,1,24954055
Pune,5890,5,3,1,19,0,1,0,59420816
Chennai,3951,3,2,1,11,1,1,0,32665012
Bangalore,799,4,2,0,16,1,0,1,10092842
Bangalore,4198,3,4,1,2,1,1,1,43155430
Chennai,4553,4,4,1,19,1,1,1,38038797
Delhi,6361,3,1,1,17,0,0,0,84307563
Delhi,5359,4,1,0,29,1,0,1,71635052
Mumbai,748,1,3,0,11,0,1,1,14765803
Bangalore,3068,3,4,0,21,0,1,0,29272749
Mumbai,4629,3,1,1,23,1,0,0,85857843
Bangalore,4823,4,1,1,15,0,0,1,46455060
Chennai,5180,2,1,0,27,0,0,0,38945331
Delhi,3360,2,4,1,21,1,0,0,46033879
Delhi,1223,1,4,1,9,0,1,0,17520190
Chennai,1069,5,3,1,18,0,0,0,11382847
Mumbai,719,5,4,0,8,1,0,0,17067952
Mumbai,1894,1,4,0,13,1,0,0,35961460
Hyderabad,3334,5,4,0,19,0,1,0,31177354
Bangalore,2622,6,3,1,13,0,0,0,27737470
Mumbai,6237,6,2,0,21,0,1,1,116269531
Chennai,4731,6,2,0,3,0,0,1,38843938
Mumbai,4500,6,1,0,14,0,1,0,84486751
Delhi,6717,4,2,0,19,1,0,1,89938351
Bangalore,4849,2,2,0,26,0,1,1,44634519
Pune,3589,1,3,1,1,0,1,1,36843883
Hyderabad,6550,4,3,1,25,1,0,0,56594253
Bangalore,549,6,2,1,17,1,0,1,8921501
Delhi,1014,1,2,1,1,0,1,1,14871594
Delhi,3291,2,2,1,17,1,0,1,45081023
Delhi,3278,5,1,1,7,0,0,1,45335571
Delhi,3118,4,3,0,9,1,1,0,44143622
Chennai,2337,2,2,1,19,1,0,1,19781923
Hyderabad,5171,1,4,1,3,1,0,1,45403357
Pune,1665,3,2,1,9,1,0,1,19050356
Delhi,5498,4,4,1,9,1,0,0,75592079
Delhi,2749,1,1,1,26,0,1,1,36951204
Mumbai,6850,1,4,1,29,0,1,0,124283605
Hyderabad,914,2,3,1,2,1,1,0,11231933
Bangalore,2768,1,1,1,20,1,1,0,26226373
Hyderabad,1604,4,1,0,3,1,0,1,17392193
Hyderabad,5358,6,2,1,22,1,1,0,48383866
Pune,5158,4,1,1,9,0,0,0,51824638
Hyderabad,3856,1,1,1,6,1,0,0,33103470
Pune,2916,2,4,1,21,1,1,1,30358495
Delhi,6111,4,2,1,22,0,0,1,81665818
Delhi,2434,3,3,0,11,1,1,0,35234473
Chennai,5965,6,2,0,6,0,0,1,48115006
Pune,703,5,3,0,12,1,0,1,11369142
Pune,6172,2,4,0,7,1,1,1,62923073
Bangalore,568,2,1,0,26,0,0,0,4654548
Mumbai,1015,5,1,1,12,1,0,1,22245909
Hyderabad,4063,5,2,0,0,0,1,1,36682313
Bangalore,6883,4,2,0,15,0,1,0,63712718
Pune,4956,1,2,0,18,0,0,0,47883436
Bangalore,1964,1,1,0,27,0,1,1,17938161
Chennai,5650,3,1,1,18,1,0,1,44420276
Mumbai,6518,6,4,1,20,1,1,0,122005585
Pune,2152,1,3,0,25,0,1,1,21037373
Pune,1206,3,2,1,29,0,0,0,12337907
Hyderabad,2125,3,1,1,12,0,1,0,19160600
Mumbai,5252,2,3,1,28,0,0,1,96410939
Chennai,4285,2,2,1,6,0,1,0,34678334
Delhi,1845,6,2,0,14,1,0,1,29064831
Bangalore,843,4,3,1,25,1,0,1,10870601
Hyderabad,4286,5,3,1,5,0,1,0,38993183
Pune,1035,5,3,0,3,1,1,1,14312321
Delhi,854,6,1,0,21,1,0,1,14533368
Chennai,4042,3,4,1,22,0,1,0,33077134
Mumbai,5523,6,2,0,19,1,0,1,103156409
Bangalore,1482,5,2,0,10,0,0,0,16691399
Hyderabad,6613,3,3,0,23,0,0,0,55851030
Pune,6748,5,1,0,20,1,1,1,68331686
Pune,1845,4,3,1,18,1,1,1,21477946
Delhi,6191,2,1,0,1,0,0,1,82239622
Delhi,6502,2,4,1,16,1,1,1,87488692
Bangalore,3509,3,2,0,14,0,1,0,32835774
Mumbai,1026,6,2,1,19,0,1,1,21761425
Chennai,1430,5,1,0,17,0,0,1,12605184
Mumbai,3256,1,4,0,11,0,0,1,60355871
Mumbai,2782,4,4,0,2,0,1,0,53734382
Mumbai,2446,5,2,1,16,0,0,0,47210395
Bangalore,4427,1,2,1,13,0,0,0,40515352
Bangalore,5882,4,3,0,28,1,0,1,56095086
Chennai,3041,4,1,0,5,1,1,0,26189880
Mumbai,2416,2,2,0,3,0,0,0,44859280
Bangalore,3860,3,4,1,20,1,0,1,38167152
Chennai,2093,5,4,1,7,1,1,1,21482234
Pune,3425,4,2,1,26,0,1,0,34156670
Chennai,4125,5,4,1,19,0,0,0,34299977
Mumbai,5969,4,1,0,21,1,1,1,110953397
Hyderabad,1723,6,4,1,2,0,0,1,19253578
Mumbai,2459,2,4,1,7,1,1,0,48034486
Hyderabad,1465,3,2,0,12,0,0,0,13247576
Chennai,5559,1,1,0,18,0,1,0,42620743
Pune,5492,1,1,1,14,0,0,0,53077875
Pune,5954,6,3,1,22,0,0,0,59389615
Bangalore,4178,2,1,0,6,1,0,1,40507238
Pune,4812,4,3,1,2,0,0,1,48871657
Delhi,1122,2,2,0,18,0,1,0,15587474
Chennai,4948,3,4,1,25,0,0,1,39844015
Bangalore,5287,1,1,1,9,1,0,1,50186703
Pune,5226,5,3,1,27,1,1,1,53447078
Chennai,2872,1,1,0,26,0,1,1,21620428
Mumbai,3448,3,2,1,15,0,0,1,63839833
Pune,3799,4,3,0,13,0,1,0,38419848
Hyderabad,1668,2,3,0,7,0,0,0,15476116
Chennai,6951,1,3,1,10,1,1,1,55715794
Bangalore,5249,1,2,1,18,1,1,0,48894396
Mumbai,6928,5,3,1,1,0,0,1,129608872
Delhi,891,2,4,0,4,0,0,1,14314945
Mumbai,4309,5,2,1,10,1,0,0,81609820
Pune,2907,5,4,0,6,0,0,1,31040808
Hyderabad,5364,4,4,0,7,0,0,0,46823294
Mumbai,5392,1,2,1,16,1,1,1,98775162
Delhi,5527,6,1,1,11,0,1,1,76376853
Bangalore,6566,2,4,1,17,1,1,1,63028026
Chennai,4760,4,2,1,28,0,1,0,37125805
Hyderabad,5328,6,4,0,6,0,0,0,47705788
Delhi,1080,4,3,1,8,1,1,1,19233640
Pune,1320,4,4,0,18,1,1,0,16889181
Pune,1747,3,4,1,13,1,1,1,20336306
Pune,623,3,4,0,23,1,1,0,9333950
Hyderabad,6567,4,3,0,29,1,0,1,56783105
Mumbai,4939,3,4,0,25,1,0,1,91970399
Hyderabad,2374,2,2,0,18,0,1,1,21202989
Pune,1023,1,4,1,19,0,1,0,11726028
Delhi,3623,6,2,1,17,1,1,1,52300738
Chennai,4724,2,4,1,24,0,1,0,36579390
Chennai,5754,1,4,1,29,0,0,0,43899747
Hyderabad,3698,3,4,0,14,1,1,0,34098369
Pune,3285,6,1,1,20,0,0,0,33770270
Bangalore,2618,2,1,0,20,1,1,0,24469120
Hyderabad,6916,5,3,0,3,1,0,1,61659401
Pune,1710,4,2,0,12,1,1,1,20114357
Mumbai,1526,1,3,0,4,1,0,0,29067928
Chennai,5904,1,2,0,11,1,0,0,46225356
Chennai,4617,5,3,0,29,1,0,1,37513198
Chennai,4761,5,3,0,16,1,1,1,40898257
Bangalore,5929,4,4,0,9,1,1,0,57032075
Pune,6096,3,4,0,29,0,0,0,59138829
Pune,997,2,4,0,25,1,0,0,11336799
Pune,5029,2,4,0,11,0,1,0,50662466
Pune,3305,2,4,1,5,1,1,1,35972937
Bangalore,6877,3,3,0,26,0,0,1,63594398
Delhi,5432,4,2,1,19,1,1,0,74494050
Hyderabad,2193,2,1,0,27,1,0,0,18230322
Hyderabad,5258,1,1,0,19,0,1,0,43620809
Pune,1224,1,2,0,11,0,1,0,13114546
Mumbai,875,1,1,0,12,1,0,1,16832196
Chennai,4898,5,3,0,20,1,1,0,41095825
Bangalore,2952,5,2,1,29,0,1,1,29496794
Mumbai,4359,3,2,1,16,1,1,0,80859996
Mumbai,2186,2,1,0,19,0,0,1,40916478
Pune,5303,5,1,0,9,1,0,0,53985569
Bangalore,5512,1,3,0,18,1,1,0,51532543
Hyderabad,6664,5,4,1,4,0,0,1,59263116
Chennai,756,1,2,1,25,1,1,1,7494279
Hyderabad,4994,2,4,0,4,1,0,1,45022911
Mumbai,4100,3,1,0,7,1,0,0,76165207
Chennai,550,4,2,0,29,0,1,1,6906644
Delhi,1094,4,4,1,16,1,1,0,17797048
Mumbai,5413,1,3,0,2,0,1,0,99764895
Hyderabad,5231,5,3,0,20,0,0,1,46538740
Hyderabad,4373,5,3,0,15,0,1,1,39787319
Pune,3936,1,2,1,26,0,1,1,38218273
Hyderabad,1572,2,2,0,18,1,1,0,14447173
Bangalore,6248,1,2,0,5,0,0,0,57825134
Mumbai,5737,2,2,0,9,0,0,0,104100991
Chennai,1976,3,2,1,15,1,0,1,17478995
Hyderabad,5370,3,4,1,12,1,1,1,48325874
Pune,3520,1,4,0,2,0,1,0,35159455
Pune,6566,3,3,1,21,0,0,1,65091967
Hyderabad,2164,5,4,0,7,1,1,0,22326169
Bangalore,4992,2,4,1,19,1,0,1,47799589
Pune,3230,4,3,0,7,1,0,1,34967434
Chennai,1895,4,3,0,6,0,0,1,16773928
Mumbai,4397,3,1,0,26,0,0,0,80097411
Delhi,5716,2,3,1,10,0,0,1,76571525
Bangalore,5124,5,4,1,28,1,1,0,49765442
Pune,5280,4,2,1,19,0,1,0,52167991
Mumbai,4545,5,3,0,2,0,0,0,84885225
Delhi,3160,5,1,1,20,1,1,0,43850942
Hyderabad,2733,4,4,0,20,0,0,1,25364097
Hyderabad,6858,4,1,1,29,1,1,0,59088138
Chennai,3822,3,1,0,6,1,0,1,30937462
Delhi,6859,2,4,0,10,1,1,0,92513549
Hyderabad,6672,1,1,0,16,1,0,1,55755995
Hyderabad,4697,2,4,0,24,0,0,0,39268335
Pune,4718,1,1,1,17,0,0,1,44969326
Chennai,2601,4,2,0,24,1,0,0,21266276
Mumbai,1806,5,3,1,8,0,0,0,35526010
Hyderabad,2137,2,2,0,12,0,1,1,19456465
Bangalore,1640,5,2,0,28,1,0,1,18097375
Bangalore,1115,2,1,0,29,0,1,1,10304023
Mumbai,5152,6,3,1,14,1,0,1,98242041
Delhi,4709,2,3,0,18,0,0,0,62321323
Chennai,2066,5,3,0,14,0,1,1,19482822
Pune,1476,6,1,0,6,1,0,0,17742111
Bangalore,5296,3,2,0,2,1,0,1,50811559
Bangalore,1816,4,4,1,23,1,0,1,20515922
Mumbai,2839,3,4,0,7,0,0,0,54144397
Delhi,4856,3,4,0,12,0,0,1,66399450
Delhi,2596,2,3,0,15,0,0,1,35319668
Mumbai,5625,4,4,1,2,1,1,1,106574322
Bangalore,878,6,2,1,20,0,0,1,11004921
Chennai,3965,2,4,0,22,1,1,1,32325375
Bangalore,6505,1,3,1,0,1,0,1,61944492
Delhi,2771,2,3,0,2,1,0,1,38789556
Pune,1546,6,4,1,15,0,1,1,19548310
Bangalore,1507,5,3,0,0,1,1,1,19507199
Chennai,609,2,4,0,17,0,0,1,7175018
Hyderabad,3271,1,3,1,13,1,1,0,28789045
Bangalore,4383,2,1,0,29,1,0,1,40988799
Mumbai,3100,6,1,0,6,0,0,1,59854108
Hyderabad,6018,1,2,1,22,1,0,1,51598467
Mumbai,3743,4,1,0,2,0,1,1,70364730
Mumbai,1505,6,4,0,28,1,1,0,30751383
Mumbai,5293,2,3,0,21,0,1,1,97184052
Bangalore,805,1,2,1,15,1,1,1,9819854
Delhi,6201,6,4,1,28,1,0,0,84186978
Hyderabad,6327,4,4,0,5,1,1,1,56491134
Chennai,1458,5,2,1,17,0,1,1,14210024
Delhi,1453,3,2,0,28,1,1,0,20721169
Bangalore,5770,1,4,1,24,1,0,0,53185160
Mumbai,3168,5,3,1,12,0,0,1,61305910
Chennai,4038,4,4,1,23,0,0,1,33684165
Hyderabad,3177,5,3,0,1,0,1,1,29752839
Delhi,2130,2,2,1,11,0,0,1,29683112
Pune,2291,3,4,0,3,1,0,1,25706236
Delhi,3103,1,1,0,8,1,0,0,41630904
Chennai,2471,6,4,1,19,1,1,1,24199771
Bangalore,566,4,3,0,22,1,1,0,8825883
Hyderabad,5775,3,4,1,4,1,0,0,51028462
Chennai,1334,4,3,0,9,0,0,1,13050537
Mumbai,705,5,1,0,5,1,0,1,16810122
Hyderabad,3333,4,2,0,0,0,0,1,30234895
Delhi,4750,4,1,1,19,1,0,0,64378275
Chennai,2214,5,3,0,4,1,1,0,20923620
Delhi,2032,5,2,1,5,0,0,0,29945862
Delhi,6191,3,2,0,21,0,0,1,82114571
Delhi,6641,1,4,0,20,1,0,1,87944729
Bangalore,3645,5,1,0,18,1,1,0,36006126
Delhi,3620,3,3,0,10,1,1,1,51534199
Mumbai,6086,4,3,1,14,0,0,0,112125005
Mumbai,1207,4,2,0,1,1,1,1,26824283
Hyderabad,6530,6,4,0,14,0,1,1,57497761
Pune,678,2,3,0,6,0,1,1,9548618
Delhi,5667,5,4,0,16,0,0,0,76331722
Delhi,5691,3,2,1,11,0,0,0,75498234
Chennai,612,6,2,0,11,0,0,1,8041196
Bangalore,1256,3,2,1,4,0,0,0,13850257
Pune,1396,1,4,0,19,0,0,0,14599276
Hyderabad,6522,6,3,1,6,1,1,0,59071944
Pune,3368,3,1,1,1,0,1,1,34979753
Delhi,658,5,4,0,26,0,1,1,12543943
Chennai,1285,3,2,1,12,1,0,1,13016865
Bangalore,2303,2,1,0,23,1,1,0,21963310
Hyderabad,2339,4,1,0,8,0,0,0,21030885
Pune,3668,4,1,1,28,1,0,0,36329744
Hyderabad,2798,6,1,0,14,1,1,0,26412215
Delhi,4578,3,1,0,27,0,1,0,59757054
Hyderabad,2042,3,2,1,25,1,0,0,18228535
Chennai,4708,3,3,0,14,0,1,1,38648426
Hyderabad,4854,3,1,0,0,1,1,1,43324801
Mumbai,2654,2,3,1,20,0,1,1,50453715
Chennai,1074,5,3,1,19,1,0,1,12408498
Pune,3538,2,4,0,20,0,0,0,35135121
Bangalore,1881,2,2,0,24,0,1,0,17393365
Bangalore,6402,2,1,1,27,0,1,0,58283323
Delhi,1722,4,3,0,2,0,0,0,25237032
Delhi,2974,2,4,1,29,1,0,1,41056048
Mumbai,2001,3,3,0,0,0,0,1,38932511
Pune,1358,2,1,1,26,1,0,1,14724488
Bangalore,4074,3,2,0,18,1,1,1,39734523
Bangalore,4229,6,2,0,19,0,0,1,40980308
Bangalore,3465,5,1,1,12,0,0,0,33261636
Bangalore,3691,4,3,0,14,1,1,0,37427858
Hyderabad,2096,5,4,1,12,1,1,1,22475644
Pune,2061,6,2,1,17,0,1,1,24011795
Chennai,3022,5,2,1,16,0,0,0,24874708
Chennai,3099,4,3,0,0,0,0,1,26564806
Mumbai,2891,3,3,0,14,0,1,0,53566867
Hyderabad,3175,6,3,1,23,1,0,0,29572669
Bangalore,2683,6,4,1,3,0,0,0,29238398
Bangalore,776,3,3,1,27,0,0,1,9141192
Delhi,6608,3,4,0,1,1,1,1,90559829
Delhi,4382,4,1,1,25,0,1,0,58526926
Mumbai,4104,2,4,1,18,1,0,0,76827593
Bangalore,2578,1,3,0,7,0,0,0,24381020
Mumbai,4842,2,4,1,21,0,0,0,88978713
Hyderabad,5006,2,4,0,15,0,0,0,43039965
Chennai,4577,5,4,1,7,1,0,0,39131971
Bangalore,6670,1,2,1,9,0,1,0,61277683
Pune,4668,3,3,1,15,1,1,1,48532481
Hyderabad,1620,2,4,0,4,0,0,0,15702005
Bangalore,5268,4,3,0,18,0,1,0,50244811
Pune,5965,2,1,0,5,0,0,1,57753498
Delhi,3023,3,4,1,9,1,0,1,43536503
Mumbai,5919,2,4,1,23,0,0,0,108151735
Delhi,3870,6,1,1,29,0,1,1,52802042
Chennai,4882,5,3,1,4,0,1,0,41257856
Delhi,2408,5,1,0,20,1,1,0,34042914
Bangalore,4020,2,1,1,18,1,1,1,38018087
Pune,4807,5,1,1,18,0,1,0,48472653
Delhi,4996,4,1,0,12,1,1,1,68686983
Bangalore,5250,1,3,1,27,1,0,1,48984293
Chennai,3605,2,4,0,14,0,0,1,28946577
Pune,997,4,1,1,7,1,0,1,12967829
Delhi,4087,6,1,0,10,1,0,0,56648273
Mumbai,5947,4,2,1,0,1,1,0,111356137
Mumbai,4693,4,3,0,3,1,1,0,88962145
Pune,2913,6,1,0,24,0,0,0,30254931
Mumbai,4300,3,2,1,21,1,1,1,81176861
Delhi,962,2,1,1,21,0,1,1,13982608
Delhi,6671,2,3,0,29,0,1,1,87580960
Pune,3260,2,2,0,25,0,1,1,31824374
Delhi,3957,1,2,1,26,0,1,0,51934888
Bangalore,772,4,3,0,26,1,1,1,10692733
Chennai,1650,2,2,1,12,1,0,1,14637004
Mumbai,6845,5,2,1,6,0,1,1,127430849
Bangalore,5707,3,1,1,26,1,1,1,54377445
Pune,3889,6,2,1,6,1,0,1,42657062
Mumbai,518,6,4,1,5,0,0,0,13618619
Bangalore,2116,1,3,1,24,0,0,0,19161200
Delhi,3678,6,1,0,7,0,0,0,51142637
Pune,6077,3,2,1,11,1,0,1,61454744
Pune,4581,4,4,0,23,0,0,1,46406864
Mumbai,6954,6,1,1,17,0,0,1,127899684
Delhi,911,6,3,1,22,1,0,1,15779277
Mumbai,1241,5,2,1,14,0,0,0,25431855
Hyderabad,3171,4,3,0,27,1,1,0,29448249
Bangalore,3279,2,3,1,15,1,1,1,32420409
Hyderabad,6887,3,2,1,0,0,0,1,58984924
Bangalore,3124,6,2,1,9,0,0,0,32125803
Chennai,5999,5,1,1,14,0,0,0,47561885
Pune,1014,3,3,0,23,0,1,0,11810272
Mumbai,706,1,2,0,12,1,0,1,15072950
Chennai,1447,5,3,1,18,0,1,1,14702258
Chennai,2941,1,2,1,26,0,1,1,23349430
Pune,2328,6,3,0,12,1,1,0,26684374
Pune,4098,5,1,1,8,0,1,1,43138737
Bangalore,6594,2,3,0,20,0,0,1,61221768
Hyderabad,6845,3,2,0,15,1,0,0,58871763
Delhi,2667,3,4,0,22,0,0,0,37025265
Bangalore,6268,4,1,0,13,1,0,0,58582726
Delhi,6426,5,1,0,22,0,0,1,85913482
Chennai,6156,5,4,0,8,0,1,1,50784257
Delhi,6443,1,2,0,17,1,1,0,84908459
Hyderabad,6877,5,1,1,3,1,0,1,60532757
Bangalore,2156,3,4,0,11,0,1,1,22152026
Pune,1101,5,4,1,23,0,1,1,14534923
Hyderabad,5939,4,3,1,4,1,0,0,52743325
Hyderabad,1211,4,3,1,10,0,1,0,12951172
Bangalore,5577,3,2,0,4,0,1,0,52089974
Pune,1703,3,4,0,18,0,0,0,18420442
Hyderabad,1891,3,3,0,20,0,1,1,17667010
Pune,6719,5,2,1,28,0,0,1,66859827
Mumbai,3196,5,1,1,6,0,1,0,61261317
Mumbai,3772,2,3,1,3,1,1,0,71749155
Mumbai,5425,6,2,1,7,0,0,1,101384307
Delhi,3631,6,3,0,29,0,1,1,50263069
Hyderabad,4230,1,1,1,26,0,1,0,35344143
Bangalore,3166,5,1,0,5,0,0,1,31848935
Bangalore,1049,2,3,1,5,1,1,0,12141706
Delhi,5241,2,1,0,21,0,1,1,68756776
Bangalore,4482,4,2,1,3,0,0,0,42462836
Mumbai,1744,5,3,0,13,0,0,1,34115119
Hyderabad,4386,2,3,1,2,1,1,0,39744306
Bangalore,4512,4,1,0,9,0,1,0,43424243
Bangalore,3049,1,2,0,21,0,0,1,28439670
Chennai,3704,4,3,0,5,1,1,0,32160118
Chennai,1345,1,3,1,17,1,0,1,12267018
Chennai,6696,6,1,0,29,1,1,0,53267262
Hyderabad,5045,6,1,0,9,1,0,0,45264498
Mumbai,6705,3,2,0,8,1,0,0,123340675
Pune,543,3,2,0,15,0,0,0,6740081
Mumbai,6177,4,1,0,19,0,0,0,112099155
Mumbai,1158,3,2,1,3,0,1,0,23149197
Hyderabad,5323,5,4,0,25,1,1,1,47976697
Hyderabad,6690,4,4,1,28,1,0,0,57763023
Chennai,4430,2,1,0,27,0,0,1,34351375
Bangalore,3367,5,3,1,10,1,0,1,35032406
Delhi,5643,4,1,1,27,1,1,1,76807734
Delhi,6276,6,1,1,11,1,0,1,85696888
Pune,6732,1,1,1,23,0,1,1,65425007
Bangalore,5793,3,3,1,18,1,1,1,55969591
Pune,4147,3,4,1,9,0,0,0,41990089
Chennai,5738,3,2,0,6,0,1,1,45560322
Pune,3282,4,4,0,6,1,1,0,36008468
Bangalore,2191,5,2,0,17,0,0,0,22467155
Bangalore,2725,1,2,0,2,1,1,0,26798739
Delhi,3566,3,1,1,11,1,0,0,48407032
Chennai,6451,5,1,1,13,0,1,0,50730086
Hyderabad,2447,2,2,1,19,1,0,1,22181990
Pune,1865,6,3,0,1,0,1,0,22026618
Delhi,3630,2,3,0,29,1,1,0,49008903
Pune,5033,1,3,1,8,0,1,1,49496252
Pune,6047,3,3,0,9,0,0,1,60148636
Hyderabad,5021,2,1,1,26,1,1,0,42502478
Chennai,1467,6,4,1,5,0,1,1,16664545
Bangalore,1904,5,4,0,16,0,1,1,21012399
Mumbai,985,5,2,1,14,0,0,0,20279833
Pune,2255,2,3,0,0,1,0,0,24443530
Mumbai,4130,3,1,0,23,0,0,0,74692272
Chennai,3468,6,1,0,26,1,1,0,28815066
Mumbai,2079,1,1,0,21,1,1,1,38546354
Pune,3295,3,2,1,12,0,0,1,33572552
Hyderabad,6492,4,1,1,9,1,0,0,55969674
Mumbai,550,2,2,1,11,1,1,0,12739108
Chennai,6952,4,2,1,22,0,1,0,54996805
Chennai,5653,2,2,0,21,1,1,0,44913576
Hyderabad,2159,1,2,0,15,1,0,0,18937281
Mumbai,6208,3,1,1,1,1,1,0,114388582
Mumbai,6523,6,1,0,2,0,0,1,120569957
Bangalore,4800,3,4,0,7,1,0,0,47174092
Delhi,3287,2,1,1,19,0,0,1,44406758
Chennai,5689,5,3,1,28,0,0,0,45367437
Bangalore,5128,4,3,0,14,0,1,1,48722997
Chennai,2655,6,2,1,23,0,0,0,22924024
Bangalore,5860,6,2,0,18,1,1,1,56664027
Delhi,4846,3,2,0,17,0,0,1,64560101
Bangalore,4730,3,4,1,22,1,0,0,45585758
Chennai,3661,2,2,1,0,1,0,0,30348741
Mumbai,2114,5,4,1,26,0,0,0,41285872
Chennai,3236,4,2,0,18,0,1,0,26475786
Pune,906,5,3,1,1,1,1,0,12911171
Hyderabad,3879,6,2,1,4,0,1,1,36440943
Hyderabad,4697,5,1,1,17,0,1,0,41528837
Pune,1884,2,2,1,15,0,0,1,19036540
Hyderabad,4195,5,1,0,9,1,1,1,38531940
Hyderabad,6147,4,1,1,20,1,1,0,52701886
Delhi,6227,6,1,0,28,1,0,0,83489806
Mumbai,5912,1,1,1,2,1,0,0,108297500
Mumbai,4999,6,4,1,24,0,0,0,93725095
Chennai,5409,1,4,1,9,1,1,1,44231568
Pune,3402,4,2,0,24,1,1,1,35888376
Bangalore,2129,6,2,1,23,1,0,1,22872098
Chennai,3762,6,4,1,12,1,1,1,33501847
Chennai,1526,6,2,1,20,1,0,0,15515680
Chennai,3489,6,2,0,9,0,0,1,29841892
Chennai,5616,2,4,1,10,1,1,0,45746794
Mumbai,2724,3,4,1,6,0,0,1,52838192
